ID,Source File,Chapter Title,Category,Content Length,Full Content
167f7c10-c399-4929-906e-bc42f9031d52,download.pdf,N/A,general,595,"1/13/26, 9:03 AM                                                                                                                about:blank

**QUỐC HỘI**                    **CỘNG HÒA XÃ HỘI CHỦ NGHĨA VIỆT NAM**
                                **Độc lập - Tự do - Hạnh phúc**
                                        **---------------**

Luật số: 22/2023/QH15                *Hà Nội, ngày 23 tháng 6 năm 2023*

**LUẬT**

**ĐẤU THẦU**

*Căn cứ Hiến pháp nước Cộng hòa xã hội chủ nghĩa Việt Nam;*

*Quốc hội ban hành Luật Đấu thầu.*

**Chương I**

**QUY ĐỊNH CHUNG**

**Điều 1. Phạm vi điều chỉnh**"
70b64200-fead-4895-8c2a-a140cdbcf80a,download.pdf,N/A,general,731,"*Quốc hội ban hành Luật Đấu thầu.*

**Chương I**

**QUY ĐỊNH CHUNG**

**Điều 1. Phạm vi điều chỉnh**

Luật này quy định về quản lý nhà nước đối với hoạt động đấu thầu; thẩm quyền và trách nhiệm của các cơ quan, tổ chức, cá nhân trong hoạt động đấu thầu; hoạt động lựa chọn nhà thầu thực hiện gói thầu, hoạt động lựa chọn nhà đầu tư thực hiện dự án đầu tư kinh doanh.

**Điều 2. Đối tượng áp dụng**

Luật này áp dụng đối với các cơ quan, tổ chức, cá nhân tham gia hoặc có liên quan đến hoạt động đấu thầu bao gồm:

1. Hoạt động lựa chọn nhà thầu có sử dụng vốn ngân sách nhà nước theo quy định của Luật Ngân sách nhà nước, vốn từ nguồn thu hợp pháp theo quy định của pháp luật của các cơ quan nhà nước, đơn vị sự nghiệp công lập để:"
7e630504-bfec-40e9-99df-aa21c7296a79,download.pdf,N/A,general,695,"a) Thực hiện dự án đầu tư, dự toán mua sắm của cơ quan nhà nước, tổ chức chính trị, tổ chức chính trị - xã hội, tổ chức chính trị xã hội - nghề nghiệp, tổ chức xã hội - nghề nghiệp, tổ chức xã hội, đơn vị thuộc lực lượng vũ trang nhân dân, đơn vị sự nghiệp công lập và các tổ chức, cá nhân khác;

b) Cung cấp sản phẩm, dịch vụ công; mua thuốc, hóa chất, vật tư xét nghiệm, thiết bị y tế; mua hàng dự trữ quốc gia, thuê bảo quản hàng dự trữ quốc gia, trừ hoạt động mua trực tiếp rộng rãi của mọi đối tượng theo quy định của pháp luật về dự trữ quốc gia;

c) Thực hiện các công việc khác phải tổ chức đấu thầu theo quy định của pháp luật có liên quan;

2. Hoạt động lựa chọn nhà thầu để thực hiện:"
3d7bffe9-f8a3-4eb4-b7ae-0ec8a569681a,download.pdf,N/A,general,775,"c) Thực hiện các công việc khác phải tổ chức đấu thầu theo quy định của pháp luật có liên quan;

2. Hoạt động lựa chọn nhà thầu để thực hiện:

a) Các gói thầu thuộc dự án đầu tư của doanh nghiệp nhà nước theo quy định của Luật Doanh nghiệp và doanh nghiệp do doanh nghiệp nhà nước nắm giữ 100% vốn điều lệ;

b) Gói thầu trang bị cơ sở vật chất - kỹ thuật, máy móc, thiết bị hỗ trợ phát triển khoa học và công nghệ từ quỹ phát triển khoa học và công nghệ của doanh nghiệp nhà nước;

3. Hoạt động lựa chọn nhà đầu tư thực hiện dự án đầu tư kinh doanh gồm:

about:blank                                                                                                                    1/61


---



1/13/26, 9:03 AM                                                    about:blank"
8bddd84d-9957-43a1-8f50-11de35d7c6ce,download.pdf,N/A,general,692,"---



1/13/26, 9:03 AM                                                    about:blank

a) Dự án đầu tư có sử dụng đất thuộc trường hợp phải tổ chức đấu thầu theo quy định của pháp luật về đất đai;

b) Dự án đầu tư thuộc trường hợp phải tổ chức đấu thầu lựa chọn nhà đầu tư theo quy định của pháp luật quản lý ngành, lĩnh vực;

4. Tổ chức, cá nhân có hoạt động đấu thầu không thuộc trường hợp quy định tại các khoản 1, 2 và 3 Điều này được tự quyết định chọn áp dụng toàn bộ hoặc các điều, khoản, điểm cụ thể của Luật này.

**Điều 3. Áp dụng Luật Đấu thầu, pháp luật có liên quan và điều ước quốc tế, thỏa thuận về vốn hỗ trợ phát triển chính thức, vốn vay ưu đãi của nhà tài trợ nước ngoài**"
8f5becbc-8774-4645-932a-5192401d3074,download.pdf,N/A,general,732,"1. Hoạt động đấu thầu thuộc phạm vi điều chỉnh của Luật này phải tuân thủ quy định của Luật này và quy định khác của pháp luật có liên quan. Trường hợp có quy định khác nhau về đấu thầu giữa Luật này và luật khác được ban hành trước ngày Luật này có hiệu lực thi hành thì thực hiện theo quy định của Luật này, trừ trường hợp quy định tại các khoản 2, 3, 4, 5, 6 và 7 Điều này.

2. Việc lựa chọn nhà thầu ký kết hợp đồng dầu khí thực hiện theo quy định của pháp luật về dầu khí.

3. Việc lựa chọn nhà đầu tư thực hiện dự án đầu tư theo phương thức đối tác công tư (PPP), lựa chọn nhà thầu thực hiện các gói thầu thuộc dự án đầu tư theo phương thức PPP thực hiện theo quy định của pháp luật về đầu tư theo phương thức đối tác công tư."
a42f7957-7c0d-4a39-a856-ac108245e00f,download.pdf,N/A,general,702,"4. Việc lựa chọn nhà thầu ở nước ngoài để thực hiện gói thầu ở nước ngoài của cơ quan đại diện Việt Nam ở nước ngoài thực hiện theo quy định của pháp luật về cơ quan đại diện nước Cộng hòa xã hội chủ nghĩa Việt Nam ở nước ngoài.

5. Việc lựa chọn nhà thầu thuộc dự án có sử dụng vốn hỗ trợ phát triển chính thức (ODA), vốn vay ưu đãi của nhà tài trợ nước ngoài theo điều ước quốc tế mà nước Cộng hòa xã hội chủ nghĩa Việt Nam là thành viên (sau đây gọi là điều ước quốc tế), thỏa thuận vay nước ngoài thì áp dụng quy định của điều ước quốc tế, thỏa thuận vay đó. Trường hợp điều ước quốc tế, thỏa thuận vay không quy định hoặc quy định phải áp dụng pháp luật Việt Nam thì áp dụng quy định của Luật này."
630fdf6d-dcc8-4162-9d3d-6a22a0690f10,download.pdf,N/A,general,722,"Trước khi đàm phán, quyết định ký thỏa thuận vay không phải là điều ước quốc tế có quy định về đấu thầu khác hoặc chưa được quy định tại Luật này, Chính phủ trình Ủy ban Thường vụ Quốc hội cho ý kiến.

6. Trường hợp gói thầu bao gồm cả nội dung mua sắm thuộc phạm vi điều chỉnh của Luật này và nội dung mua sắm thuộc phạm vi điều chỉnh của điều ước quốc tế thì người có thẩm quyền có thể quyết định việc lựa chọn nhà thầu của phần nội dung mua sắm thuộc phạm vi điều chỉnh của Luật này thực hiện theo quy định của điều ước quốc tế.

7. Cơ quan, tổ chức, doanh nghiệp được tự quyết định việc lựa chọn nhà thầu trên cơ sở bảo đảm công khai, minh bạch, hiệu quả kinh tế và trách nhiệm giải trình trong các trường hợp sau đây:"
d48adf1f-fe17-4bcf-b7fc-22c1a916ba1c,download.pdf,N/A,general,717,"a) Lựa chọn nhà thầu thực hiện gói thầu sử dụng vốn do tổ chức, cá nhân trong nước tài trợ mà nhà tài trợ yêu cầu không lựa chọn nhà thầu theo quy định của Luật này; gói thầu của đơn vị sự nghiệp công lập sử dụng nguồn vốn vay, trừ vốn tín dụng đầu tư của nhà nước, vốn vay lại từ vốn ODA, vốn vay ưu đãi của nhà tài trợ nước ngoài;

b) Tổ chức lựa chọn nhà thầu ở nước ngoài của cơ quan nhà nước, đơn vị sự nghiệp công lập, doanh nghiệp nhà nước, doanh nghiệp do doanh nghiệp nhà nước nắm giữ 100% vốn điều lệ, trừ trường hợp quy định tại khoản 4 Điều này;

c) Việc thuê, mua, thuê mua nhà, trụ sở, tài sản gắn liền với đất;

about:blank2/61


---



1/13/26, 9:03 AM                                      about:blank"
6c1108af-9736-4048-9710-61328ab0e65a,download.pdf,N/A,general,699,"about:blank2/61


---



1/13/26, 9:03 AM                                      about:blank

d) Lựa chọn nhà thầu cung cấp hàng hóa, dịch vụ tư vấn, dịch vụ phi tư vấn để bảo đảm tính liên tục cho hoạt động sản xuất, kinh doanh và mua sắm nhằm duy trì hoạt động thường xuyên sử dụng nguồn vốn sản xuất, kinh doanh của doanh nghiệp nhà nước, doanh nghiệp do doanh nghiệp nhà nước nắm giữ 100% vốn điều lệ; lựa chọn nhà thầu để thực hiện các gói thầu thuộc dự án đầu tư kinh doanh quy định tại khoản 3 Điều 2 của Luật này; lựa chọn nhà thầu cung cấp dịch vụ tư vấn, nguyên liệu, nhiên liệu, vật liệu, vật tư, dịch vụ phi tư vấn phục vụ trực tiếp cho gói thầu mà đơn vị sự nghiệp công lập đã trúng thầu;"
493237c6-094c-4c80-bc6b-3d7f42bee830,download.pdf,N/A,general,491,"đ) Việc xác định hòa giải viên, thành viên trong ban phân xử tranh chấp, hội đồng trọng tài để xử lý tranh chấp phát sinh trong quá trình thực hiện hợp đồng do các bên tự quyết định theo quy định của hợp đồng;

e) Mua sắm hàng hóa, dịch vụ có giá bán do Nhà nước định giá cụ thể theo quy định của pháp luật về giá;

g) Lựa chọn nhà thầu cung cấp dịch vụ dầu khí, hàng hóa phục vụ hoạt động dầu khí phù hợp với hợp đồng dầu khí được cấp có thẩm quyền phê duyệt theo quy định của Luật Dầu khí."
a2402387-436b-4888-a1a9-aa54317d22e2,download.pdf,N/A,general,718,"## Điều 4. Giải thích từ ngữ

Trong Luật này, các từ ngữ dưới đây được hiểu như sau:

1. *Bên mời thầu* là cơ quan, tổ chức thực hiện các hoạt động đấu thầu, bao gồm:

a) Chủ đầu tư hoặc tổ chức do chủ đầu tư quyết định thành lập hoặc lựa chọn;

b) Cơ quan có thẩm quyền chấp thuận chủ trương đầu tư hoặc cơ quan có thẩm quyền quyết định tổ chức đấu thầu lựa chọn nhà đầu tư; đơn vị được cơ quan có thẩm quyền giao nhiệm vụ tổ chức lựa chọn nhà đầu tư.

2. *Chủ đầu tư* là cơ quan, tổ chức sở hữu vốn, vay vốn hoặc được giao trực tiếp quản lý, sử dụng vốn, quản lý quá trình thực hiện dự án; đơn vị sử dụng ngân sách; đơn vị dự toán trực tiếp sử dụng dự toán mua sắm ngoài ngân sách nhà nước; đơn vị mua sắm tập trung."
fe779ae2-be0a-46a3-b34b-2f0070469fb2,download.pdf,N/A,general,786,"3. *Danh sách ngắn* là danh sách nhà thầu trúng sơ tuyển đối với đấu thầu rộng rãi có sơ tuyển; danh sách nhà thầu, nhà đầu tư được mời tham dự thầu đối với đấu thầu hạn chế; danh sách nhà thầu có hồ sơ quan tâm đáp ứng yêu cầu của hồ sơ mời quan tâm.

4. *Dịch vụ tư vấn* là một hoặc một số hoạt động dịch vụ bao gồm: lập, đánh giá báo cáo quy hoạch, tổng sơ đồ phát triển, kiến trúc; khảo sát, lập báo cáo nghiên cứu tiền khả thi, báo cáo đề xuất chủ trương đầu tư, hồ sơ đề nghị chấp thuận chủ trương đầu tư, báo cáo nghiên cứu khả thi, báo cáo kinh tế - kỹ thuật, báo cáo đánh giá tác động môi trường; khảo sát, lập thiết kế, dự toán; tư vấn đấu thầu; tư vấn thẩm tra, thẩm định; tư vấn giám sát; tư vấn quản lý dự án; tư vấn thu xếp tài chính; kiểm toán và các dịch vụ tư vấn khác."
1522d827-9849-49b3-8673-85101432577d,download.pdf,N/A,general,543,"5. *Dịch vụ phi tư vấn* là một hoặc một số hoạt động dịch vụ bao gồm: logistics, bảo hiểm, quảng cáo, nghiệm thu chạy thử, chụp ảnh vệ tinh; in ấn; vệ sinh; truyền thông; sửa chữa, bảo trì, bảo dưỡng và hoạt động dịch vụ khác không phải là dịch vụ tư vấn quy định tại khoản 4 Điều này.

6. *Dự án đầu tư* (sau đây gọi là dự án) bao gồm: chương trình, dự án đầu tư xây dựng mới; dự án mua sắm tài sản; dự án cải tạo, nâng cấp, mở rộng; dự án, nhiệm vụ, đề án quy hoạch; hỗ trợ kỹ thuật; các chương trình, dự án khác theo quy định của pháp luật."
baad3559-2715-476f-96b2-63a8624835d1,download.pdf,N/A,general,604,"7. *Dự toán mua sắm* là dự kiến nguồn kinh phí để mua sắm trong phạm vi dự toán ngân sách nhà nước được cấp có thẩm quyền phê duyệt đối với cơ quan nhà nước, tổ chức chính trị, tổ chức chính trị - xã hội, tổ chức chính trị xã hội - nghề nghiệp, tổ chức xã hội - nghề nghiệp, tổ chức xã hội, đơn vị thuộc lực lượng vũ trang nhân dân, đơn vị sự nghiệp công lập và các tổ chức, cá nhân khác; dự kiến nguồn kinh phí để mua sắm trong phạm vi nguồn tài chính hợp pháp của cơ quan nhà nước, đơn vị sự nghiệp công lập.

about:blank    3/61


---



1/13/26, 9:03 AM                                    about:blank"
a5539a18-29fe-4690-8bcd-95d7a9000193,download.pdf,N/A,general,729,"about:blank    3/61


---



1/13/26, 9:03 AM                                    about:blank

8. *Đấu thầu* là quá trình lựa chọn nhà thầu để ký kết, thực hiện hợp đồng cung cấp dịch vụ tư vấn, dịch vụ phi tư vấn, mua sắm hàng hóa, xây lắp, lựa chọn nhà đầu tư để ký kết, thực hiện hợp đồng dự án đầu tư kinh doanh trên cơ sở bảo đảm cạnh tranh, công bằng, minh bạch, hiệu quả kinh tế và trách nhiệm giải trình.

9. *Đấu thầu qua mạng* là việc thực hiện hoạt động đấu thầu trên Hệ thống mạng đấu thầu quốc gia.

10. *Đấu thầu quốc tế* là hoạt động đấu thầu mà nhà thầu, nhà đầu tư trong nước, nước ngoài được tham dự thầu.

11. *Đấu thầu trong nước* là hoạt động đấu thầu chỉ có nhà thầu, nhà đầu tư trong nước được tham dự thầu."
94344415-ec1a-436a-9a4f-31e876dadadd,download.pdf,N/A,general,796,"11. *Đấu thầu trong nước* là hoạt động đấu thầu chỉ có nhà thầu, nhà đầu tư trong nước được tham dự thầu.

12. *Giá dự thầu* là giá do nhà thầu chào trong đơn dự thầu, bao gồm toàn bộ các chi phí để thực hiện gói thầu theo yêu cầu của hồ sơ mời thầu, hồ sơ yêu cầu.

13. *Giá đề nghị trúng thầu* là giá dự thầu của nhà thầu được đề nghị trúng thầu sau khi đã được sửa lỗi, hiệu chỉnh sai lệch theo yêu cầu của hồ sơ mời thầu, hồ sơ yêu cầu, trừ đi giá trị giảm giá (nếu có).

14. *Giá hợp đồng* là giá trị ghi trong hợp đồng giữa chủ đầu tư và nhà thầu.

15. *Gói thầu* là một phần hoặc toàn bộ dự án, dự toán mua sắm, có thể gồm những nội dung mua sắm giống nhau thuộc nhiều dự án hoặc là khối lượng mua sắm một lần, khối lượng mua sắm cho một thời kỳ đối với dự toán mua sắm, mua sắm tập trung."
fc6b6a0f-5300-45ef-a6ae-2c5a31622199,download.pdf,N/A,general,706,"16. *Gói thầu hỗn hợp* là gói thầu thuộc các trường hợp sau: thiết kế và cung cấp hàng hóa (EP); thiết kế và xây lắp (EC); cung cấp hàng hóa và xây lắp (PC); thiết kế, cung cấp hàng hóa và xây lắp (EPC); lập dự án, thiết kế, cung cấp hàng hóa và xây lắp (chìa khóa trao tay).

17. *Hàng hóa* gồm máy móc, thiết bị, nguyên liệu, nhiên liệu, vật liệu, vật tư, phụ tùng; sản phẩm; phương tiện; hàng tiêu dùng; thuốc, hóa chất, vật tư xét nghiệm, thiết bị y tế; phần mềm thương mại.

18. *Hệ thống mạng đấu thầu quốc gia* là hệ thống công nghệ thông tin do cơ quan quản lý nhà nước về hoạt động đấu thầu xây dựng và quản lý nhằm mục đích thống nhất quản lý thông tin về đấu thầu và thực hiện đấu thầu qua mạng."
6133ca95-957f-4573-ab31-29e21164268e,download.pdf,N/A,general,638,"19. *Hồ sơ mời quan tâm, hồ sơ mời sơ tuyển* là toàn bộ tài liệu sử dụng cho hình thức đấu thầu rộng rãi có bước mời quan tâm, sơ tuyển, bao gồm các yêu cầu về năng lực và kinh nghiệm đối với nhà thầu làm căn cứ để bên mời thầu lựa chọn danh sách nhà thầu trúng sơ tuyển, danh sách nhà thầu có hồ sơ quan tâm được đánh giá đáp ứng yêu cầu của hồ sơ mời quan tâm. Trường hợp lựa chọn nhà đầu tư, hồ sơ mời quan tâm là toàn bộ tài liệu sử dụng cho dự án cần xác định số lượng nhà đầu tư quan tâm theo quy định của pháp luật về đất đai, pháp luật về quản lý ngành, lĩnh vực, bao gồm yêu cầu sơ bộ về năng lực, kinh nghiệm đối với nhà đầu tư."
1608ff76-3a36-41b4-8058-70146bc8915b,download.pdf,N/A,general,601,"20. *Hồ sơ quan tâm, hồ sơ dự sơ tuyển* là toàn bộ tài liệu do nhà thầu lập và nộp cho bên mời thầu theo yêu cầu của hồ sơ mời quan tâm, hồ sơ mời sơ tuyển. Trường hợp lựa chọn nhà đầu tư, hồ sơ đăng ký thực hiện dự án là toàn bộ tài liệu do nhà đầu tư lập và nộp theo yêu cầu của hồ sơ mời quan tâm.

21. *Hồ sơ mời thầu* là toàn bộ tài liệu sử dụng cho hình thức đấu thầu rộng rãi, đấu thầu hạn chế, chào hàng cạnh tranh, bao gồm các yêu cầu cho một dự án, gói thầu, dự án đầu tư kinh doanh làm căn cứ để nhà thầu, nhà đầu tư chuẩn bị hồ sơ dự thầu và để bên mời thầu tổ chức đánh giá hồ sơ dự thầu."
6f058932-0b8d-4e79-8acf-4be4cc1fae5a,download.pdf,N/A,general,674,"22. *Hồ sơ yêu cầu* là toàn bộ tài liệu sử dụng cho hình thức chỉ định thầu, mua sắm trực tiếp, đàm phán giá, bao gồm các yêu cầu cho gói thầu, làm căn cứ để nhà thầu chuẩn bị hồ sơ đề xuất và để bên mời thầu tổ chức đánh giá hồ sơ đề xuất.

23. *Hồ sơ dự thầu, hồ sơ đề xuất* là toàn bộ tài liệu do nhà thầu, nhà đầu tư lập và nộp cho bên mời thầu theo yêu cầu của hồ sơ mời thầu, hồ sơ yêu cầu.

about:blank                                                                                                4/61


---



1/13/26, 9:03 AM                                                                                                                                about:blank"
e653d2aa-ed69-4bd0-8f3d-6818a54a1825,download.pdf,N/A,general,542,"24. *Người có thẩm quyền* là người quyết định đầu tư hoặc người quyết định việc mua sắm theo quy định của pháp luật. Trường hợp lựa chọn nhà đầu tư, người có thẩm quyền là người đứng đầu cơ quan có thẩm quyền chấp thuận chủ trương đầu tư theo quy định của pháp luật về đầu tư hoặc cơ quan có thẩm quyền quyết định tổ chức đấu thầu lựa chọn nhà đầu tư.

25. *Nhà đầu tư* là tổ chức, cá nhân tham dự thầu, đứng tên dự thầu và trực tiếp ký, thực hiện hợp đồng nếu được lựa chọn. Nhà đầu tư có thể là nhà đầu tư độc lập hoặc nhà đầu tư liên danh."
8cb08491-e231-4ea9-bbb2-4c7ec492b12b,download.pdf,N/A,general,668,"26. *Nhà thầu* là tổ chức, cá nhân hoặc kết hợp giữa các tổ chức hoặc giữa các cá nhân với nhau theo hình thức liên danh trên cơ sở thỏa thuận liên danh tham dự thầu, đứng tên dự thầu và trực tiếp ký, thực hiện hợp đồng nếu được lựa chọn. Trường hợp liên danh, thỏa thuận liên danh phải quy định rõ trách nhiệm của thành viên đứng đầu liên danh và trách nhiệm chung, trách nhiệm riêng của từng thành viên trong liên danh đối với toàn bộ phạm vi của gói thầu.

27. *Nhà thầu phụ* là tổ chức, cá nhân ký hợp đồng với nhà thầu để tham gia thực hiện công việc xây lắp; tư vấn; phi tư vấn; dịch vụ liên quan của gói thầu cung cấp hàng hóa; công việc thuộc gói thầu hỗn hợp."
43582176-0e41-406c-ba43-9b5be1e56507,download.pdf,N/A,general,647,"28. *Nhà thầu phụ đặc biệt* là nhà thầu phụ thực hiện công việc quan trọng của gói thầu do nhà thầu đề xuất trong hồ sơ dự thầu, hồ sơ đề xuất trên cơ sở yêu cầu về năng lực, kinh nghiệm ghi trong hồ sơ mời thầu, hồ sơ yêu cầu.

29. *Nhà thầu nước ngoài, nhà đầu tư nước ngoài* là tổ chức được thành lập theo pháp luật nước ngoài hoặc cá nhân có quốc tịch nước ngoài tham dự thầu.

30. *Nhà thầu trong nước, nhà đầu tư trong nước* là tổ chức được thành lập theo pháp luật Việt Nam hoặc cá nhân có quốc tịch Việt Nam tham dự thầu.

31. *Thời điểm đóng thầu* là thời điểm hết hạn nhận hồ sơ quan tâm, hồ sơ dự sơ tuyển, hồ sơ dự thầu, hồ sơ đề xuất."
1d9e8225-bea6-4c92-ba3c-51a635679d80,download.pdf,N/A,general,696,"31. *Thời điểm đóng thầu* là thời điểm hết hạn nhận hồ sơ quan tâm, hồ sơ dự sơ tuyển, hồ sơ dự thầu, hồ sơ đề xuất.

32. *Thời gian có hiệu lực của hồ sơ dự thầu, hồ sơ đề xuất* là số ngày được quy định trong hồ sơ mời thầu, hồ sơ yêu cầu và được tính kể từ ngày có thời điểm đóng thầu đến ngày cuối cùng có hiệu lực theo quy định trong hồ sơ mời thầu, hồ sơ yêu cầu. Từ thời điểm đóng thầu đến hết 24 giờ của ngày đóng thầu được tính là 01 ngày.

33. *Xây lắp* gồm những công việc thuộc quá trình xây dựng và lắp đặt công trình, hạng mục công trình.

**Điều 5. Tư cách hợp lệ của nhà thầu, nhà đầu tư**

1. Nhà thầu, nhà đầu tư là tổ chức có tư cách hợp lệ khi đáp ứng đủ các điều kiện sau đây:"
3c671957-ebf3-4756-ade1-ee7d78d82c37,download.pdf,N/A,general,788,"**Điều 5. Tư cách hợp lệ của nhà thầu, nhà đầu tư**

1. Nhà thầu, nhà đầu tư là tổ chức có tư cách hợp lệ khi đáp ứng đủ các điều kiện sau đây:

a) Đối với nhà thầu, nhà đầu tư trong nước: là doanh nghiệp, hợp tác xã, liên hiệp hợp tác xã, tổ hợp tác, đơn vị sự nghiệp công lập, tổ chức kinh tế có vốn đầu tư nước ngoài đăng ký thành lập, hoạt động theo quy định của pháp luật Việt Nam. Đối với nhà thầu, nhà đầu tư nước ngoài: có đăng ký thành lập, hoạt động theo pháp luật nước ngoài;

b) Hạch toán tài chính độc lập;

c) Không đang trong quá trình thực hiện thủ tục giải thể hoặc bị thu hồi giấy chứng nhận đăng ký doanh nghiệp, giấy chứng nhận đăng ký hợp tác xã, liên hiệp hợp tác xã, tổ hợp tác; không thuộc trường hợp mất khả năng thanh toán theo quy định của pháp luật về phá sản;"
903287f6-4cee-49e9-b690-522143531113,download.pdf,N/A,general,681,"d) Có tên trên Hệ thống mạng đấu thầu quốc gia trước khi phê duyệt kết quả lựa chọn nhà thầu, nhà đầu tư;

đ) Bảo đảm cạnh tranh trong đấu thầu theo quy định tại Điều 6 của Luật này;

about:blank5/61


---



1/13/26, 9:03 AM                                                    about:blank

e) Không đang trong thời gian bị cấm tham dự thầu theo quyết định của người có thẩm quyền, Bộ trưởng, Thủ trưởng cơ quan ngang Bộ, cơ quan thuộc Chính phủ, cơ quan khác ở Trung ương, Chủ tịch Ủy ban nhân dân cấp tỉnh quy định tại khoản 3 Điều 87 của Luật này;

g) Không đang bị truy cứu trách nhiệm hình sự;

h) Có tên trong danh sách ngắn đối với trường hợp đã lựa chọn được danh sách ngắn;"
46d794c7-e102-45f3-ba0f-abc54620862a,download.pdf,N/A,general,748,"g) Không đang bị truy cứu trách nhiệm hình sự;

h) Có tên trong danh sách ngắn đối với trường hợp đã lựa chọn được danh sách ngắn;

i) Đối với nhà thầu nước ngoài, phải liên danh với nhà thầu trong nước hoặc sử dụng nhà thầu phụ trong nước, trừ trường hợp nhà thầu trong nước không đủ năng lực tham gia vào bất kỳ phần công việc nào của gói thầu.

2. Nhà thầu là hộ kinh doanh có tư cách hợp lệ khi đáp ứng đủ các điều kiện sau đây:

a) Có giấy chứng nhận đăng ký hộ kinh doanh theo quy định của pháp luật;

b) Không đang trong quá trình chấm dứt hoạt động hoặc bị thu hồi giấy chứng nhận đăng ký hộ kinh doanh; chủ hộ kinh doanh không đang bị truy cứu trách nhiệm hình sự;

c) Đáp ứng điều kiện quy định tại các điểm d, đ, e và h khoản 1 Điều này."
fb4db1ca-1703-4db9-9eba-7111ad818051,download.pdf,N/A,general,553,"c) Đáp ứng điều kiện quy định tại các điểm d, đ, e và h khoản 1 Điều này.

3. Nhà thầu, nhà đầu tư là cá nhân có tư cách hợp lệ khi đáp ứng đủ các điều kiện sau đây:

a) Có năng lực hành vi dân sự đầy đủ theo quy định pháp luật của nước mà cá nhân đó là công dân;

b) Có chứng chỉ chuyên môn phù hợp trong trường hợp pháp luật có quy định;

c) Đáp ứng điều kiện quy định tại điểm e và điểm g khoản 1 Điều này.

4. Nhà thầu, nhà đầu tư có tư cách hợp lệ theo quy định tại các khoản 1, 2 và 3 Điều này được tham dự thầu với tư cách độc lập hoặc liên danh."
8231cc0d-202c-483a-9c41-73cb054f5091,download.pdf,N/A,general,513,"## Điều 6. Bảo đảm cạnh tranh trong đấu thầu

1. Nhà thầu nộp hồ sơ quan tâm, hồ sơ dự sơ tuyển phải độc lập về pháp lý và độc lập về tài chính với các bên sau đây:

a) Nhà thầu tư vấn lập hồ sơ mời quan tâm, hồ sơ mời sơ tuyển, quản lý dự án, giám sát; nhà thầu tư vấn lập, thẩm tra, thẩm định hồ sơ thiết kế, dự toán; nhà thầu tư vấn lập, thẩm định nhiệm vụ khảo sát, thiết kế;

b) Nhà thầu tư vấn đánh giá hồ sơ quan tâm, hồ sơ dự sơ tuyển;

c) Nhà thầu tư vấn thẩm định kết quả mời quan tâm, kết quả sơ tuyển;"
04be3826-4d98-4389-a8c7-0688d2ea710a,download.pdf,N/A,general,671,"b) Nhà thầu tư vấn đánh giá hồ sơ quan tâm, hồ sơ dự sơ tuyển;

c) Nhà thầu tư vấn thẩm định kết quả mời quan tâm, kết quả sơ tuyển;

d) Chủ đầu tư, bên mời thầu, trừ trường hợp nhà thầu là đơn vị sự nghiệp công lập thuộc cơ quan quản lý nhà nước có chức năng, nhiệm vụ được giao phù hợp với tính chất gói thầu của cơ quan quản lý nhà nước đó hoặc là công ty thành viên, công ty con của tập đoàn, tổng công ty nhà nước có ngành, nghề sản xuất, kinh doanh chính phù hợp với tính chất gói thầu của tập đoàn, tổng công ty nhà nước đó.

2. Nhà thầu tham dự thầu phải độc lập về pháp lý và độc lập về tài chính theo quy định tại điểm d khoản 1 Điều này và với các bên sau đây:"
e16c5da8-b94e-4945-98c4-7500ec331d69,download.pdf,N/A,general,773,"2. Nhà thầu tham dự thầu phải độc lập về pháp lý và độc lập về tài chính theo quy định tại điểm d khoản 1 Điều này và với các bên sau đây:

a) Các nhà thầu tư vấn quản lý dự án, tư vấn giám sát; nhà thầu tư vấn lập, thẩm tra, thẩm định hồ sơ thiết kế, dự toán; nhà thầu tư vấn lập, thẩm định nhiệm vụ khảo sát, thiết kế; nhà thầu tư vấn lập, thẩm định hồ sơ mời thầu, hồ sơ yêu cầu; nhà thầu tư vấn đánh giá hồ sơ dự thầu, hồ sơ đề xuất; nhà thầu tư vấn thẩm định kết quả lựa chọn nhà thầu gói thầu đó;

about:blank                                                                                                  6/61


---



1/13/26, 9:03 AM                                  about:blank

b) Các nhà thầu khác cùng tham dự thầu trong một gói thầu đối với đấu thầu hạn chế."
ded1a1a0-9649-47e6-b898-050a7ca74bc7,download.pdf,N/A,general,665,"1/13/26, 9:03 AM                                  about:blank

b) Các nhà thầu khác cùng tham dự thầu trong một gói thầu đối với đấu thầu hạn chế.

3. Nhà thầu tư vấn giám sát thực hiện hợp đồng, nhà thầu thực hiện hợp đồng, nhà thầu tư vấn kiểm định gói thầu đó phải độc lập về pháp lý và độc lập về tài chính với nhau.

4. Nhà thầu quy định tại các khoản 1, 2 và 3 Điều này được đánh giá độc lập về pháp lý và độc lập về tài chính khi đáp ứng đủ các điều kiện sau đây:

a) Không cùng thuộc một cơ quan hoặc tổ chức trực tiếp quản lý đối với đơn vị sự nghiệp công lập;

b) Nhà thầu với chủ đầu tư, bên mời thầu không có cổ phần hoặc phần vốn góp trên 30% của nhau;"
66d89963-ad3e-444b-a898-5e84b9378347,download.pdf,N/A,general,764,"b) Nhà thầu với chủ đầu tư, bên mời thầu không có cổ phần hoặc phần vốn góp trên 30% của nhau;

c) Nhà thầu không có cổ phần hoặc phần vốn góp trên 20% của nhau khi cùng tham dự thầu trong một gói thầu đối với đấu thầu hạn chế;

d) Nhà thầu tham dự thầu với nhà thầu tư vấn cho gói thầu đó không có cổ phần hoặc phần vốn góp của nhau; không cùng có cổ phần hoặc phần vốn góp trên 20% của một tổ chức, cá nhân khác với từng bên.

5. Nhà đầu tư tham dự thầu phải độc lập về pháp lý và độc lập về tài chính với các bên sau đây:

a) Cơ quan có thẩm quyền, bên mời thầu;

b) Nhà thầu tư vấn lập, thẩm định hồ sơ mời thầu; nhà thầu tư vấn đánh giá hồ sơ dự thầu; nhà thầu tư vấn thẩm định kết quả lựa chọn nhà đầu tư cho đến ngày ký kết hợp đồng dự án đầu tư kinh doanh."
d601bd76-c34f-4300-91c8-18e6f9b7fb67,download.pdf,N/A,general,40,6. Chính phủ quy định chi tiết Điều này.
84dbabce-765a-400c-a7ac-022419413aeb,download.pdf,N/A,general,722,"## Điều 7. Thông tin về đấu thầu

1. Thông tin về lựa chọn nhà thầu bao gồm:

a) Thông tin về dự án, kế hoạch lựa chọn nhà thầu;

b) Thông báo mời quan tâm, thông báo mời sơ tuyển;

c) Thông báo mời thầu;

d) Danh sách ngắn;

đ) Hồ sơ mời quan tâm, hồ sơ mời sơ tuyển, hồ sơ mời thầu và các nội dung sửa đổi, làm rõ hồ sơ (nếu có);

e) Kết quả mở thầu đối với đấu thầu qua mạng;

g) Kết quả lựa chọn nhà thầu;

h) Thông tin chủ yếu của hợp đồng;

i) Thông tin xử lý vi phạm pháp luật về đấu thầu;

k) Thông tin về kết quả thực hiện hợp đồng của nhà thầu;

l) Thông tin khác có liên quan.

2. Thông tin về lựa chọn nhà đầu tư bao gồm:

a) Thông tin về dự án đầu tư kinh doanh theo quy định tại khoản 2 Điều 47 của Luật này;"
fb89cf6b-186e-461a-ba45-1c991ecdf211,download.pdf,N/A,general,606,"2. Thông tin về lựa chọn nhà đầu tư bao gồm:

a) Thông tin về dự án đầu tư kinh doanh theo quy định tại khoản 2 Điều 47 của Luật này;

about:blank                                                                                              7/61


---



about:blank

---



1/13/26, 9:03 AM                                   about:blank

b) Đối với gói thầu cung cấp dịch vụ phi tư vấn, mua sắm hàng hóa, xây lắp, hỗn hợp áp dụng phương thức một giai đoạn hai túi hồ sơ: được thực hiện khi hoàn trả hoặc giải tỏa bảo đảm dự thầu của nhà thầu không được lựa chọn hoặc khi đăng tải kết quả lựa chọn nhà thầu."
b48a2d10-2b4a-4bd6-9e8d-73dde5e29824,download.pdf,N/A,general,770,"2. Hồ sơ đề xuất về tài chính của các nhà đầu tư không vượt qua bước đánh giá về kỹ thuật được trả lại nguyên trạng cho nhà đầu tư khi hoàn trả hoặc giải tỏa bảo đảm dự thầu của nhà đầu tư không được lựa chọn hoặc khi đăng tải kết quả lựa chọn nhà đầu tư.

3. Trường hợp hết thời hạn quy định tại khoản 1 và khoản 2 Điều này mà nhà thầu, nhà đầu tư không nhận lại hồ sơ đề xuất về tài chính của mình thì bên mời thầu xem xét, quyết định việc hủy hồ sơ nhưng phải bảo đảm thông tin không bị tiết lộ.

4. Trường hợp hủy thầu, hồ sơ liên quan được lưu trữ trong thời hạn 05 năm kể từ ngày quyết định hủy thầu được ban hành.

5. Hồ sơ quyết toán, hồ sơ hoàn công và tài liệu liên quan đến nhà thầu trúng thầu của gói thầu được lưu trữ theo quy định của pháp luật về lưu trữ."
3843cc2f-5133-4fc5-ba26-4af78dec8ab5,download.pdf,N/A,general,408,"5. Hồ sơ quyết toán, hồ sơ hoàn công và tài liệu liên quan đến nhà thầu trúng thầu của gói thầu được lưu trữ theo quy định của pháp luật về lưu trữ.

6. Toàn bộ hồ sơ liên quan đến quá trình lựa chọn nhà thầu, nhà đầu tư được lưu trữ trong thời hạn tối thiểu là 05 năm kể từ ngày quyết toán hợp đồng hoặc ngày chấm dứt hợp đồng dự án đầu tư kinh doanh, trừ hồ sơ quy định tại các khoản 1, 2, 4 và 5 Điều này."
e877bdf8-b2f1-4403-862c-e8d2bc286aa7,download.pdf,N/A,general,724,"## Điều 10. Ưu đãi trong lựa chọn nhà thầu, nhà đầu tư

1. Đối tượng được hưởng ưu đãi trong lựa chọn nhà thầu bao gồm:

a) Hàng hóa có xuất xứ Việt Nam;

b) Sản phẩm, dịch vụ thân thiện môi trường theo quy định của pháp luật về bảo vệ môi trường;

c) Nhà thầu trong nước sản xuất hàng hóa có xuất xứ Việt Nam phù hợp với hồ sơ mời thầu;

d) Nhà thầu nước ngoài liên danh với nhà thầu trong nước mà nhà thầu trong nước đảm nhận từ 25% trở lên giá trị công việc của gói thầu;

đ) Nhà thầu trong nước tham dự thầu với tư cách độc lập hoặc liên danh với nhà thầu trong nước khác khi tham dự đấu thầu quốc tế;

e) Nhà thầu là doanh nghiệp siêu nhỏ, doanh nghiệp nhỏ theo quy định của pháp luật về hỗ trợ doanh nghiệp nhỏ và vừa;"
269efc9d-1de5-4b55-b9b3-bbf95e11e368,download.pdf,N/A,general,638,"e) Nhà thầu là doanh nghiệp siêu nhỏ, doanh nghiệp nhỏ theo quy định của pháp luật về hỗ trợ doanh nghiệp nhỏ và vừa;

g) Nhà thầu là doanh nghiệp khởi nghiệp sáng tạo theo quy định của pháp luật;

h) Nhà thầu có sử dụng số lượng lao động nữ từ 25% trở lên; số lượng lao động là thương binh, người khuyết tật từ 25% trở lên; số lượng lao động là người dân tộc thiểu số từ 25% trở lên.

2. Các ưu đãi trong lựa chọn nhà thầu bao gồm:

a) Xếp hạng cao hơn cho nhà thầu thuộc đối tượng được hưởng ưu đãi trong trường hợp nhà thầu thuộc đối tượng được hưởng ưu đãi và nhà thầu không thuộc đối tượng được hưởng ưu đãi được đánh giá ngang nhau;"
eb4d370c-0aa0-4c86-b454-513cd52ac12e,download.pdf,N/A,general,717,"b) Cộng thêm điểm vào điểm đánh giá của nhà thầu thuộc đối tượng được ưu đãi đối với trường hợp áp dụng phương pháp giá cố định, dựa trên kỹ thuật, kết hợp giữa kỹ thuật và giá để so sánh, xếp hạng;

c) Cộng thêm số tiền vào giá dự thầu hoặc vào giá đánh giá của nhà thầu không thuộc đối tượng được ưu đãi đối với trường hợp áp dụng phương pháp giá thấp nhất hoặc phương pháp giá đánh giá để so sánh, xếp

about:blank                                                                                                 9/61


---



1/13/26, 9:03 AM                                     about:blank

hạng;

d) Được ưu tiên trong đánh giá về năng lực, kinh nghiệm và các tiêu chí khác trong quá trình đánh giá hồ sơ dự thầu;"
d9d01339-0b92-4de9-92d2-0f00fad234fe,download.pdf,N/A,general,700,"hạng;

d) Được ưu tiên trong đánh giá về năng lực, kinh nghiệm và các tiêu chí khác trong quá trình đánh giá hồ sơ dự thầu;

đ) Gói thầu xây lắp có giá gói thầu không quá 05 tỷ đồng được dành cho doanh nghiệp siêu nhỏ, doanh nghiệp nhỏ tham dự thầu. Trường hợp đã tổ chức đấu thầu, nếu không có doanh nghiệp siêu nhỏ, doanh nghiệp nhỏ đáp ứng được yêu cầu thì được phép tổ chức đấu thầu lại và cho phép các doanh nghiệp khác được tham dự thầu.

3. Việc áp dụng ưu đãi trong lựa chọn nhà thầu được quy định như sau:

a) Đối tượng quy định tại các điểm a, b, c và g khoản 1 Điều này được hưởng ưu đãi theo quy định tại điểm b hoặc điểm c khoản 2 Điều này khi tham dự gói thầu mua sắm hàng hóa, hỗn hợp;"
6e138a37-43c1-4855-8144-fd76b972448c,download.pdf,N/A,general,642,"b) Đối tượng quy định tại điểm d và điểm đ khoản 1 Điều này được hưởng ưu đãi theo quy định tại điểm b hoặc điểm c khoản 2 Điều này khi tham dự gói thầu cung cấp dịch vụ tư vấn, dịch vụ phi tư vấn, xây lắp, hỗn hợp tổ chức đấu thầu quốc tế;

c) Đối tượng quy định tại điểm h khoản 1 Điều này được hưởng ưu đãi theo quy định tại điểm a khoản 2 Điều này khi tham dự gói thầu cung cấp dịch vụ tư vấn, dịch vụ phi tư vấn, xây lắp, hỗn hợp tổ chức đấu thầu trong nước;

d) Đối tượng quy định tại điểm e khoản 1 Điều này được hưởng ưu đãi theo quy định tại điểm a và điểm đ khoản 2 Điều này khi tham dự gói thầu xây lắp tổ chức đấu thầu trong nước;"
87ee0a1c-a28b-4a00-8ba1-67b133d52aca,download.pdf,N/A,general,662,"đ) Ngoài ưu đãi theo quy định tại điểm b và điểm c khoản 2 Điều này, nhà thầu quy định tại điểm c và điểm g khoản 1 Điều này còn được hưởng ưu đãi theo quy định tại điểm d khoản 2 Điều này khi tham dự thầu gói thầu cung cấp dịch vụ tư vấn, dịch vụ phi tư vấn, mua sắm hàng hóa, xây lắp, hỗn hợp tổ chức đấu thầu trong nước;

e) Đối với gói thầu mua sắm hàng hóa tổ chức đấu thầu trong nước mà có ít nhất 03 hãng sản xuất cho 01 mặt hàng xuất xứ trong nước đáp ứng về kỹ thuật, chất lượng, giá thì chủ đầu tư quyết định việc yêu cầu nhà thầu chào hàng hoá xuất xứ trong nước đối với mặt hàng này.

4. Đối tượng được hưởng ưu đãi trong lựa chọn nhà đầu tư bao gồm:"
6273c864-85e6-47cd-848b-87c854e80bb5,download.pdf,N/A,general,789,"4. Đối tượng được hưởng ưu đãi trong lựa chọn nhà đầu tư bao gồm:

a) Nhà đầu tư có giải pháp ứng dụng công nghệ nhằm giảm thiểu ô nhiễm môi trường đối với dự án thuộc nhóm có nguy cơ tác động xấu đến môi trường mức độ cao theo quy định của pháp luật về bảo vệ môi trường;

b) Nhà đầu tư cam kết chuyển giao công nghệ thuộc Danh mục công nghệ được ưu tiên đầu tư phát triển theo quy định của pháp luật về công nghệ cao hoặc thuộc Danh mục công nghệ khuyến khích chuyển giao theo quy định của pháp luật về chuyển giao công nghệ.

5. Các ưu đãi trong lựa chọn nhà đầu tư bao gồm:

a) Xếp hạng cao hơn cho nhà đầu tư thuộc đối tượng được hưởng ưu đãi trong trường hợp nhà đầu tư thuộc đối tượng được hưởng ưu đãi và nhà đầu tư không thuộc đối tượng được hưởng ưu đãi được đánh giá ngang nhau;"
c5612d22-3907-4730-b977-7c120829040a,download.pdf,N/A,general,537,"b) Cộng thêm điểm vào điểm tổng hợp để so sánh, xếp hạng.

6. Chính phủ quy định chi tiết Điều này.

**Điều 11. Đấu thầu quốc tế**

about:blank                                                                                            10/61


---



1/13/26, 9:03 AM                             about:blank

1. Việc tổ chức đấu thầu quốc tế để lựa chọn nhà thầu được thực hiện khi đáp ứng một trong các điều kiện sau đây:

a) Nhà tài trợ vốn cho dự án, gói thầu có yêu cầu tổ chức đấu thầu quốc tế trong điều ước quốc tế, thỏa thuận vay;"
818e5134-65d4-4868-924d-6d031d779458,download.pdf,N/A,general,631,"a) Nhà tài trợ vốn cho dự án, gói thầu có yêu cầu tổ chức đấu thầu quốc tế trong điều ước quốc tế, thỏa thuận vay;

b) Gói thầu cung cấp dịch vụ tư vấn, dịch vụ phi tư vấn, xây lắp, hỗn hợp mà nhà thầu trong nước không có khả năng đáp ứng yêu cầu thực hiện gói thầu hoặc gói thầu được sơ tuyển, mời quan tâm hoặc đấu thầu rộng rãi trong nước trước đó nhưng không có nhà thầu tham gia;

c) Gói thầu cung cấp dịch vụ tư vấn mà người có thẩm quyền xét thấy cần có sự tham gia của nhà thầu nước ngoài để nâng cao chất lượng của gói thầu, dự án, người có thẩm quyền quyết định và chịu trách nhiệm về quyết định tổ chức đấu thầu quốc tế;"
b37e65e1-df45-4201-9843-8bb742fd09d6,download.pdf,N/A,general,706,"d) Gói thầu mua sắm hàng hóa mà hàng hóa đó trong nước không sản xuất được hoặc sản xuất được nhưng không đáp ứng một trong các yêu cầu về kỹ thuật, chất lượng, giá. Trường hợp hàng hóa thông dụng đã được nhập khẩu và chào bán tại Việt Nam thì không tổ chức đấu thầu quốc tế.

2. Việc tổ chức đấu thầu quốc tế để lựa chọn nhà đầu tư được thực hiện đối với các dự án đầu tư kinh doanh quy định tại khoản 3 Điều 2 của Luật này, trừ trường hợp sau đây:

a) Dự án thuộc danh mục ngành, nghề chưa được tiếp cận thị trường đối với nhà đầu tư nước ngoài theo quy định của pháp luật về đầu tư;

b) Dự án cần thực hiện đấu thầu trong nước do yêu cầu về bảo đảm quốc phòng, an ninh quốc gia, trật tự, an toàn xã hội;"
1bb19e54-90c8-40dd-af17-8a75ec23baf1,download.pdf,N/A,general,574,"b) Dự án cần thực hiện đấu thầu trong nước do yêu cầu về bảo đảm quốc phòng, an ninh quốc gia, trật tự, an toàn xã hội;

c) Dự án thực hiện tại khu vực hạn chế sử dụng đất, khu vực biển hạn chế sử dụng đối với nhà đầu tư nước ngoài, tổ chức kinh tế có vốn đầu tư nước ngoài theo quy định của pháp luật về đất đai và pháp luật có liên quan;

d) Dự án có tổng vốn đầu tư dưới 800 tỷ đồng;

đ) Dự án không thuộc trường hợp quy định tại các điểm a, b, c và d khoản này và đã công bố, thông báo mời quan tâm tổ chức đấu thầu quốc tế nhưng không có nhà đầu tư nước ngoài tham gia."
ca7bcbba-012f-4008-90cc-62456258d1ab,download.pdf,N/A,general,409,"## Điều 12. Ngôn ngữ sử dụng trong đấu thầu

1. Ngôn ngữ sử dụng đối với đấu thầu trong nước là tiếng Việt.

2. Ngôn ngữ sử dụng đối với đấu thầu quốc tế là tiếng Anh hoặc tiếng Việt và tiếng Anh. Trường hợp ngôn ngữ sử dụng trong hồ sơ mời quan tâm, hồ sơ mời sơ tuyển, hồ sơ mời thầu, hồ sơ yêu cầu là tiếng Việt và tiếng Anh thì nhà thầu, nhà đầu tư được lựa chọn tiếng Việt hoặc tiếng Anh để tham dự thầu."
f30f8ffa-1464-4351-9eaf-3326cf3e2fe9,download.pdf,N/A,general,685,"## Điều 13. Đồng tiền dự thầu

1. Đối với đấu thầu trong nước, nhà thầu, nhà đầu tư chỉ được chào thầu bằng Đồng Việt Nam.

2. Đối với đấu thầu quốc tế:

a) Hồ sơ mời thầu, hồ sơ yêu cầu phải quy định về đồng tiền dự thầu trong hồ sơ dự thầu, hồ sơ đề xuất nhưng không quá 03 loại tiền tệ;

b) Trường hợp hồ sơ mời thầu quy định nhà thầu, nhà đầu tư được chào thầu bằng 02 hoặc 03 loại tiền tệ thì khi đánh giá hồ sơ dự thầu phải quy đổi về 01 loại tiền tệ; trường hợp trong số các đồng tiền đó có Đồng

about:blank                                                                                             11/61


---



1/13/26, 9:03 AM                                   about:blank"
02575844-392d-46de-bda8-c8eeefb4f2d3,download.pdf,N/A,general,550,"---



1/13/26, 9:03 AM                                   about:blank

Việt Nam thì phải quy đổi về Đồng Việt Nam. Hồ sơ mời thầu phải quy định về đồng tiền quy đổi, thời điểm và căn cứ xác định tỷ giá quy đổi;

c) Đối với chi phí trong nước liên quan đến việc thực hiện gói thầu, dự án, dự án đầu tư kinh doanh, nhà thầu, nhà đầu tư phải chào thầu bằng Đồng Việt Nam;

d) Đối với chi phí ở nước ngoài liên quan đến việc thực hiện gói thầu, dự án, dự án đầu tư kinh doanh, nhà thầu, nhà đầu tư được chào thầu bằng đồng tiền nước ngoài, Đồng Việt Nam."
33b784a8-6952-40a1-a7d2-7618bed94177,download.pdf,N/A,general,733,"## Điều 14. Bảo đảm dự thầu

1. Nhà thầu, nhà đầu tư phải thực hiện một trong các biện pháp sau đây để bảo đảm trách nhiệm dự thầu trong thời gian xác định theo yêu cầu của hồ sơ mời thầu:

a) Đặt cọc;

b) Nộp thư bảo lãnh của tổ chức tín dụng trong nước, chi nhánh ngân hàng nước ngoài được thành lập theo pháp luật Việt Nam;

c) Nộp giấy chứng nhận bảo hiểm bảo lãnh của doanh nghiệp bảo hiểm phi nhân thọ trong nước, chi nhánh doanh nghiệp bảo hiểm phi nhân thọ nước ngoài được thành lập theo pháp luật Việt Nam.

2. Bảo đảm dự thầu được áp dụng trong các trường hợp sau đây:

a) Đấu thầu rộng rãi, đấu thầu hạn chế, chào hàng cạnh tranh đối với gói thầu cung cấp dịch vụ phi tư vấn, mua sắm hàng hóa, xây lắp và gói thầu hỗn hợp;"
861b7b06-4b59-4cf3-a412-1578fc2e7c72,download.pdf,N/A,general,786,"b) Đấu thầu rộng rãi, đấu thầu hạn chế đối với lựa chọn nhà đầu tư.

3. Nhà thầu, nhà đầu tư thực hiện biện pháp bảo đảm dự thầu trước thời điểm đóng thầu theo quy định của hồ sơ mời thầu; trường hợp áp dụng phương thức đấu thầu hai giai đoạn, nhà thầu, nhà đầu tư phải thực hiện biện pháp bảo đảm dự thầu trong giai đoạn hai.

4. Căn cứ quy mô và tính chất của từng dự án, dự án đầu tư kinh doanh, gói thầu cụ thể, mức bảo đảm dự thầu trong hồ sơ mời thầu được quy định như sau:

a) Từ 1% đến 1,5% giá gói thầu áp dụng đối với gói thầu xây lắp, hỗn hợp có giá gói thầu không quá 20 tỷ đồng, gói thầu mua sắm hàng hóa, dịch vụ phi tư vấn có giá gói thầu không quá 10 tỷ đồng;

b) Từ 1,5% đến 3% giá gói thầu áp dụng đối với gói thầu không thuộc trường hợp quy định tại điểm a khoản này;"
e10c59ab-fcfc-4854-a710-231be40580fe,download.pdf,N/A,general,356,"b) Từ 1,5% đến 3% giá gói thầu áp dụng đối với gói thầu không thuộc trường hợp quy định tại điểm a khoản này;

c) Từ 0,5% đến 1,5% tổng vốn đầu tư của dự án đầu tư kinh doanh áp dụng đối với lựa chọn nhà đầu tư.

5. Thời gian có hiệu lực của bảo đảm dự thầu được quy định trong hồ sơ mời thầu bằng thời gian có hiệu lực của hồ sơ dự thầu cộng thêm 30 ngày."
95cad28b-496a-4daf-b023-cf0a26c34c69,download.pdf,N/A,general,770,"5. Thời gian có hiệu lực của bảo đảm dự thầu được quy định trong hồ sơ mời thầu bằng thời gian có hiệu lực của hồ sơ dự thầu cộng thêm 30 ngày.

6. Trường hợp gia hạn thời gian có hiệu lực của hồ sơ dự thầu sau thời điểm đóng thầu, bên mời thầu phải yêu cầu nhà thầu, nhà đầu tư gia hạn tương ứng thời gian có hiệu lực của bảo đảm dự thầu. Trong trường hợp này, nhà thầu, nhà đầu tư phải gia hạn tương ứng thời gian có hiệu lực của bảo đảm dự thầu và không được thay đổi nội dung trong hồ sơ dự thầu đã nộp. Trường hợp nhà thầu, nhà đầu tư từ chối gia hạn thì hồ sơ dự thầu sẽ không còn giá trị và bị loại; bên mời thầu phải hoàn trả hoặc giải tỏa bảo đảm dự thầu cho nhà thầu, nhà đầu tư trong thời hạn 14 ngày kể từ ngày bên mời thầu nhận được văn bản từ chối gia hạn."
bfe950db-a9e0-4c28-ac17-7b516b69d922,download.pdf,N/A,general,675,"7. Trường hợp liên danh tham dự thầu, từng thành viên trong liên danh có thể thực hiện bảo đảm dự thầu riêng hoặc thỏa thuận để một thành viên chịu trách nhiệm thực hiện bảo đảm dự thầu cho thành viên đó và

about:blank                                                                                               12/61


---



1/13/26, 9:03 AM                                     about:blank

cho thành viên khác trong liên danh. Tổng giá trị của bảo đảm dự thầu không thấp hơn giá trị yêu cầu trong hồ sơ mời thầu. Trường hợp có thành viên trong liên danh vi phạm quy định tại khoản 9 Điều này thì bảo đảm dự thầu của tất cả thành viên trong liên danh không được hoàn trả."
e01a8d69-c098-401e-83b8-f5ab60f5855c,download.pdf,N/A,general,669,"8. Bên mời thầu có trách nhiệm hoàn trả hoặc giải tỏa bảo đảm dự thầu cho nhà thầu, nhà đầu tư không được lựa chọn theo thời hạn quy định trong hồ sơ mời thầu nhưng không quá 14 ngày kể từ ngày kết quả lựa chọn nhà thầu, nhà đầu tư được phê duyệt. Đối với nhà thầu, nhà đầu tư được lựa chọn, bảo đảm dự thầu được hoàn trả hoặc giải tỏa khi hợp đồng có hiệu lực.

9. Bảo đảm dự thầu không được hoàn trả trong các trường hợp sau đây:

a) Sau thời điểm đóng thầu và trong thời gian có hiệu lực của hồ sơ dự thầu, nhà thầu, nhà đầu tư rút hồ sơ dự thầu hoặc có văn bản từ chối thực hiện một hoặc các công việc đã đề xuất trong hồ sơ dự thầu theo yêu cầu của hồ sơ mời thầu;"
6a648785-b039-4f38-b1c4-e0a0f507826e,download.pdf,N/A,general,700,"b) Nhà thầu, nhà đầu tư có hành vi vi phạm quy định tại Điều 16 của Luật này hoặc vi phạm pháp luật về đấu thầu dẫn đến phải hủy thầu theo quy định tại điểm d và điểm đ khoản 1, điểm d và điểm đ khoản 2 Điều 17 của Luật này;

c) Nhà thầu, nhà đầu tư không thực hiện biện pháp bảo đảm thực hiện hợp đồng theo quy định tại Điều 68 và Điều 75 của Luật này;

d) Nhà thầu không tiến hành hoặc từ chối thương thảo hợp đồng (nếu có) trong thời hạn 05 ngày làm việc đối với đấu thầu trong nước và 10 ngày đối với đấu thầu quốc tế kể từ ngày nhận được thông báo mời thương thảo hợp đồng hoặc đã thương thảo hợp đồng nhưng từ chối hoàn thiện, ký kết biên bản thương thảo hợp đồng, trừ trường hợp bất khả kháng;"
9f65e7ea-545e-46f5-9b41-03eb31b89644,download.pdf,N/A,general,739,"đ) Nhà thầu không tiến hành hoặc từ chối hoàn thiện hợp đồng, thỏa thuận khung trong thời hạn 10 ngày đối với đấu thầu trong nước và 20 ngày đối với đấu thầu quốc tế kể từ ngày nhận được thông báo trúng thầu của bên mời thầu, trừ trường hợp bất khả kháng;

e) Nhà thầu không tiến hành hoặc từ chối ký kết hợp đồng, thỏa thuận khung trong thời hạn 10 ngày đối với đấu thầu trong nước và 20 ngày đối với đấu thầu quốc tế kể từ ngày hoàn thiện hợp đồng, thỏa thuận khung, trừ trường hợp bất khả kháng;

g) Nhà đầu tư không tiến hành hoặc từ chối hoàn thiện hợp đồng trong thời hạn 15 ngày đối với đấu thầu trong nước và 30 ngày đối với đấu thầu quốc tế kể từ ngày nhận được thông báo trúng thầu của bên mời thầu, trừ trường hợp bất khả kháng;"
77c1cced-5434-4678-b62d-8f67df164cd5,download.pdf,N/A,general,734,"h) Nhà đầu tư không tiến hành hoặc từ chối ký kết hợp đồng trong thời hạn 15 ngày đối với đấu thầu trong nước và 30 ngày đối với đấu thầu quốc tế kể từ ngày hoàn thiện hợp đồng, trừ trường hợp bất khả kháng.

10. Trường hợp nhà thầu, nhà đầu tư vi phạm quy định của pháp luật về đấu thầu dẫn đến không được hoàn trả bảo đảm dự thầu, bảo đảm thực hiện hợp đồng theo quy định tại khoản 9 Điều này, khoản 6 Điều 68 và khoản 4 Điều 75 của Luật này thì việc quản lý, sử dụng khoản thu từ bảo đảm dự thầu, bảo đảm thực hiện hợp đồng không được hoàn trả được thực hiện như sau:

a) Đối với các dự án, gói thầu có sử dụng vốn ngân sách nhà nước, khoản thu này được nộp vào ngân sách nhà nước theo quy định của pháp luật về ngân sách nhà nước;"
ed32277f-5480-4846-9669-d05f3cd6b965,download.pdf,N/A,general,645,"b) Đối với các dự án, gói thầu không sử dụng vốn ngân sách nhà nước, dự án đầu tư kinh doanh, khoản thu này được sử dụng theo quy chế tài chính của chủ đầu tư, cơ quan có thẩm quyền;

c) Trường hợp bên mời thầu là đơn vị tư vấn đấu thầu do chủ đầu tư lựa chọn thì khoản thu này phải nộp lại cho chủ đầu tư. Chủ đầu tư quản lý, sử dụng khoản thu này theo quy định tại điểm a và điểm b khoản này.

about:blank                                                                                             13/61


---



about:blank

---



about:blank                                                                                              15/61"
bd5714fe-254d-4c04-9c5d-8e4056ab55ed,download.pdf,N/A,general,715,"---



about:blank

---



about:blank                                                                                              15/61

b) Cố ý cung cấp thông tin, tài liệu không trung thực, không khách quan trong hồ sơ quan tâm, hồ sơ dự sơ tuyển, hồ sơ đăng ký thực hiện dự án đầu tư kinh doanh, hồ sơ dự thầu, hồ sơ đề xuất nhằm làm sai lệch kết quả lựa chọn nhà thầu, nhà đầu tư.

5. Cản trở bao gồm các hành vi sau đây:

a) Hủy hoại, lừa dối, thay đổi, che giấu chứng cứ hoặc báo cáo sai sự thật; đe dọa hoặc gợi ý đối với bất kỳ bên nào nhằm ngăn chặn việc làm rõ hành vi đưa, nhận, môi giới hối lộ, gian lận hoặc thông đồng với cơ quan có chức năng, thẩm quyền về giám sát, kiểm tra, thanh tra, kiểm toán;"
21257e02-5d3b-4de5-9dd8-6ad8b126d863,download.pdf,N/A,general,695,"b) Cản trở người có thẩm quyền, chủ đầu tư, bên mời thầu, nhà thầu, nhà đầu tư trong lựa chọn nhà thầu, nhà đầu tư;

c) Cản trở cơ quan có thẩm quyền giám sát, kiểm tra, thanh tra, kiểm toán đối với hoạt động đấu thầu;

d) Cố tình khiếu nại, tố cáo, kiến nghị sai sự thật để cản trở hoạt động đấu thầu;

đ) Có hành vi vi phạm pháp luật về an toàn, an ninh mạng nhằm can thiệp, cản trở việc đấu thầu qua mạng.

6. Không bảo đảm công bằng, minh bạch bao gồm các hành vi sau đây:

a) Tham dự thầu với tư cách là nhà thầu, nhà đầu tư đối với gói thầu, dự án đầu tư kinh doanh do mình làm bên mời thầu, chủ đầu tư hoặc thực hiện nhiệm vụ của bên mời thầu, chủ đầu tư không đúng quy định của Luật này;"
44ead146-7968-4db2-8665-4bc55a7b535a,download.pdf,N/A,general,787,"b) Tham gia lập, đồng thời tham gia thẩm định hồ sơ mời quan tâm, hồ sơ mời sơ tuyển, hồ sơ mời thầu, hồ sơ yêu cầu đối với cùng một gói thầu, dự án đầu tư kinh doanh;

c) Tham gia đánh giá hồ sơ dự thầu, hồ sơ đề xuất đồng thời tham gia thẩm định kết quả lựa chọn nhà thầu, nhà đầu tư đối với cùng một gói thầu, dự án đầu tư kinh doanh;

d) Cá nhân thuộc bên mời thầu, chủ đầu tư trực tiếp tham gia quá trình lựa chọn nhà thầu, nhà đầu tư hoặc tham gia tổ chuyên gia, tổ thẩm định kết quả lựa chọn nhà thầu, nhà đầu tư hoặc là người có thẩm quyền, người đứng đầu chủ đầu tư, bên mời thầu đối với các gói thầu, dự án đầu tư kinh doanh do người có quan hệ gia đình theo quy định của Luật Doanh nghiệp đứng tên dự thầu hoặc là người đại diện hợp pháp của nhà thầu, nhà đầu tư tham dự thầu;"
eaf04569-1643-4f77-93ad-ac941b1adbf8,download.pdf,N/A,general,776,"đ) Nhà thầu tham dự thầu gói thầu mua sắm hàng hóa, xây lắp, phi tư vấn do nhà thầu đó cung cấp dịch vụ tư vấn: lập, thẩm tra, thẩm định dự toán, thiết kế kỹ thuật, thiết kế bản vẽ thi công, thiết kế kỹ thuật tổng thể (thiết kế FEED); lập, thẩm định hồ sơ mời sơ tuyển, hồ sơ mời thầu; đánh giá hồ sơ dự sơ tuyển, hồ sơ dự thầu; kiểm định hàng hóa; thẩm định kết quả lựa chọn nhà thầu; giám sát thực hiện hợp đồng;

e) Đứng tên tham dự thầu gói thầu thuộc dự án, dự án đầu tư kinh doanh do chủ đầu tư, bên mời thầu là cơ quan, tổ chức nơi mình đã công tác và giữ chức vụ lãnh đạo, quản lý trong thời gian 12 tháng kể từ ngày không còn làm việc tại cơ quan, tổ chức đó;

g) Nhà thầu tư vấn giám sát đồng thời thực hiện tư vấn kiểm định đối với gói thầu do nhà thầu đó giám sát;"
89051dd8-75a1-49d2-b6ff-5406d404ac7c,download.pdf,N/A,general,643,"g) Nhà thầu tư vấn giám sát đồng thời thực hiện tư vấn kiểm định đối với gói thầu do nhà thầu đó giám sát;

h) Áp dụng hình thức lựa chọn nhà thầu, nhà đầu tư không phải là hình thức đấu thầu rộng rãi khi không đủ điều kiện theo quy định của Luật này;

i) Nêu yêu cầu cụ thể về nhãn hiệu, xuất xứ hàng hóa trong hồ sơ mời thầu đối với gói thầu mua sắm hàng hóa, xây lắp hoặc gói thầu hỗn hợp khi áp dụng hình thức đấu thầu rộng rãi, đấu thầu hạn chế, chào hàng cạnh tranh, trừ trường hợp quy định tại điểm e khoản 3 Điều 10, khoản 2 Điều 44 và khoản 1 Điều 56 của Luật này;

---



1/13/26, 9:03 AM                                  about:blank"
c68536d1-3def-412b-a829-f8e8115c7bb7,download.pdf,N/A,general,798,"---



1/13/26, 9:03 AM                                  about:blank

k) Nêu điều kiện trong hồ sơ mời thầu nhằm hạn chế sự tham gia của nhà thầu, nhà đầu tư hoặc nhằm tạo lợi thế cho một hoặc một số nhà thầu, nhà đầu tư gây ra sự cạnh tranh không bình đẳng, vi phạm quy định tại khoản 3 Điều 44 và khoản 2 Điều 48 của Luật này;

l) Chia nhỏ dự án, dự toán mua sắm thành các gói thầu nhằm mục đích chỉ định thầu; chia dự án, dự toán mua sắm nhằm hạn chế sự tham gia của các nhà thầu.

7. Tiết lộ những tài liệu, thông tin về quá trình lựa chọn nhà thầu, nhà đầu tư, trừ trường hợp cung cấp thông tin theo quy định tại điểm b khoản 8 và điểm g khoản 9 Điều 77, khoản 11 Điều 78, điểm h khoản 1 Điều 79, khoản 4 Điều 80, khoản 4 Điều 81, khoản 2 Điều 82, điểm b khoản 4 Điều 93 của Luật này, bao gồm:"
ea77e041-cd71-48ac-a1dc-dbab48431c17,download.pdf,N/A,general,122,"a) Nội dung hồ sơ mời quan tâm, hồ sơ mời sơ tuyển, hồ sơ mời thầu, hồ sơ yêu cầu trước thời điểm phát hành theo quy định;"
93c4fc45-aa06-40d8-b7b6-509a0a9228ad,download.pdf,N/A,general,798,"b) Nội dung hồ sơ quan tâm, hồ sơ dự sơ tuyển, hồ sơ đăng ký thực hiện dự án đầu tư kinh doanh, hồ sơ dự thầu, hồ sơ đề xuất; nội dung yêu cầu làm rõ hồ sơ quan tâm, hồ sơ dự sơ tuyển, hồ sơ đăng ký thực hiện dự án đầu tư kinh doanh, hồ sơ dự thầu, hồ sơ đề xuất của bên mời thầu và trả lời của nhà thầu, nhà đầu tư trong quá trình đánh giá hồ sơ quan tâm, hồ sơ dự sơ tuyển, hồ sơ đăng ký thực hiện dự án đầu tư kinh doanh, hồ sơ dự thầu, hồ sơ đề xuất; báo cáo của bên mời thầu, báo cáo của tổ chuyên gia, báo cáo thẩm định, báo cáo của nhà thầu tư vấn, báo cáo của cơ quan chuyên môn có liên quan trong quá trình lựa chọn nhà thầu, nhà đầu tư; tài liệu ghi chép, biên bản cuộc họp xét thầu, các ý kiến nhận xét, đánh giá đối với từng hồ sơ quan tâm, hồ sơ dự sơ tuyển, hồ sơ đăng ký thực hiện dự"
5f01f145-d60c-4ece-b762-ae3c33a1bbc0,download.pdf,N/A,general,238,"liệu ghi chép, biên bản cuộc họp xét thầu, các ý kiến nhận xét, đánh giá đối với từng hồ sơ quan tâm, hồ sơ dự sơ tuyển, hồ sơ đăng ký thực hiện dự án đầu tư kinh doanh, hồ sơ dự thầu, hồ sơ đề xuất trước khi được công khai theo quy định;"
c7d5bc55-a1ec-4061-ac5a-1a88c6f5b614,download.pdf,N/A,general,773,"c) Kết quả lựa chọn nhà thầu, nhà đầu tư trước khi được công khai theo quy định;

d) Các tài liệu khác trong quá trình lựa chọn nhà thầu, nhà đầu tư được xác định chứa nội dung bí mật nhà nước theo quy định của pháp luật.

8. Chuyển nhượng thầu trong trường hợp sau đây:

a) Nhà thầu chuyển nhượng cho nhà thầu khác phần công việc thuộc gói thầu ngoài giá trị tối đa dành cho nhà thầu phụ và khối lượng công việc dành cho nhà thầu phụ đặc biệt đã nêu trong hợp đồng;

b) Nhà thầu chuyển nhượng cho nhà thầu khác phần công việc thuộc gói thầu chưa vượt mức tối đa giá trị công việc dành cho nhà thầu phụ nêu trong hợp đồng nhưng ngoài phạm vi công việc dành cho nhà thầu phụ đã đề xuất trong hồ sơ dự thầu, hồ sơ đề xuất mà không được chủ đầu tư, tư vấn giám sát chấp thuận;"
4ab6c64d-cca5-4902-a6cc-8b0a7d10789b,download.pdf,N/A,general,407,"c) Chủ đầu tư, tư vấn giám sát chấp thuận để nhà thầu chuyển nhượng công việc quy định tại điểm a khoản này;

d) Chủ đầu tư, tư vấn giám sát chấp thuận để nhà thầu chuyển nhượng công việc quy định tại điểm b khoản này mà vượt mức tối đa giá trị công việc dành cho nhà thầu phụ nêu trong hợp đồng.

9. Tổ chức lựa chọn nhà thầu khi chưa xác định được nguồn vốn theo quy định tại khoản 3 Điều 39 của Luật này."
178930fe-94b3-4afa-9ea7-dd8eeb596432,download.pdf,N/A,general,675,"## Điều 17. Hủy thầu

1. Các trường hợp hủy thầu đối với lựa chọn nhà thầu bao gồm:

a) Tất cả hồ sơ quan tâm, hồ sơ dự sơ tuyển, hồ sơ dự thầu, hồ sơ đề xuất không đáp ứng được các yêu cầu của hồ sơ mời quan tâm, hồ sơ mời sơ tuyển, hồ sơ mời thầu, hồ sơ yêu cầu;

b) Thay đổi về mục tiêu, phạm vi đầu tư trong quyết định đầu tư đã được phê duyệt làm thay đổi khối lượng công việc, tiêu chuẩn đánh giá đã ghi trong hồ sơ mời quan tâm, hồ sơ mời sơ tuyển, hồ sơ mời thầu, hồ sơ

about:blank                                                                                               16/61


---



1/13/26, 9:03 AM                                      about:blank

yêu cầu;"
4edc8b90-4c53-45a8-affb-2d2c5660f03f,download.pdf,N/A,general,691,"---



1/13/26, 9:03 AM                                      about:blank

yêu cầu;

c) Hồ sơ mời quan tâm, hồ sơ mời sơ tuyển, hồ sơ mời thầu, hồ sơ yêu cầu không tuân thủ quy định của Luật này, quy định khác của pháp luật có liên quan dẫn đến nhà thầu được lựa chọn không đáp ứng yêu cầu để thực hiện gói thầu;

d) Nhà thầu trúng thầu thực hiện hành vi bị cấm quy định tại Điều 16 của Luật này;

đ) Tổ chức, cá nhân khác ngoài nhà thầu trúng thầu thực hiện hành vi bị cấm quy định tại Điều 16 của Luật này dẫn đến sai lệch kết quả lựa chọn nhà thầu.

2. Các trường hợp hủy thầu đối với lựa chọn nhà đầu tư bao gồm:

a) Tất cả hồ sơ dự thầu không đáp ứng được các yêu cầu của hồ sơ mời thầu;"
c3dfb4b1-5e21-4327-9ffc-17426ff33caa,download.pdf,N/A,general,678,"2. Các trường hợp hủy thầu đối với lựa chọn nhà đầu tư bao gồm:

a) Tất cả hồ sơ dự thầu không đáp ứng được các yêu cầu của hồ sơ mời thầu;

b) Thay đổi mục tiêu, quy mô, địa điểm, vốn đầu tư, thời hạn thực hiện dự án đầu tư kinh doanh vì lý do bất khả kháng, làm thay đổi tiêu chuẩn đánh giá trong hồ sơ mời thầu đã phát hành;

c) Hồ sơ mời thầu có một hoặc một số nội dung không tuân thủ quy định của Luật này, quy định khác của pháp luật có liên quan dẫn đến sai lệch kết quả lựa chọn nhà đầu tư hoặc nhà đầu tư được lựa chọn không còn đáp ứng yêu cầu để thực hiện dự án đầu tư kinh doanh;

d) Nhà đầu tư trúng thầu thực hiện hành vi bị cấm quy định tại Điều 16 của Luật này;"
20d62bf5-f411-4d9a-97bb-ea842ee9764e,download.pdf,N/A,general,642,"d) Nhà đầu tư trúng thầu thực hiện hành vi bị cấm quy định tại Điều 16 của Luật này;

đ) Tổ chức, cá nhân khác ngoài nhà đầu tư trúng thầu thực hiện hành vi bị cấm quy định tại Điều 16 của Luật này dẫn đến sai lệch kết quả lựa chọn nhà đầu tư.

3. Hủy thầu được thực hiện trong thời gian từ ngày phát hành hồ sơ mời sơ tuyển, hồ sơ mời quan tâm, hồ sơ mời thầu, hồ sơ yêu cầu đến trước khi ký kết hợp đồng, thỏa thuận khung đối với mua sắm tập trung.

4. Tổ chức, cá nhân vi phạm quy định của pháp luật dẫn đến hủy thầu theo quy định tại các điểm c, d, đ khoản 1 và các điểm c, d, đ khoản 2 Điều này phải đền bù chi phí cho các bên liên quan."
3e2e3fe8-7deb-4a0b-b9a7-7d6ca6358f03,download.pdf,N/A,general,727,"## Điều 18. Đình chỉ cuộc thầu, không công nhận kết quả lựa chọn nhà thầu, nhà đầu tư

1. Khi có bằng chứng tổ chức, cá nhân tham gia hoạt động đấu thầu có hành vi quy định tại Điều 16 của Luật này hoặc hành vi vi phạm quy định của pháp luật có liên quan dẫn đến không bảo đảm cạnh tranh, công bằng, minh bạch và hiệu quả kinh tế hoặc làm sai lệch kết quả lựa chọn nhà thầu, nhà đầu tư thì người có thẩm quyền thực hiện một hoặc một số biện pháp sau đây:

a) Đình chỉ cuộc thầu để tạm dừng các hoạt động lựa chọn nhà thầu, nhà đầu tư nhằm khắc phục ngay vi phạm đã xảy ra. Đình chỉ cuộc thầu được thực hiện trong quá trình tổ chức lựa chọn nhà thầu, nhà đầu tư cho đến trước khi phê duyệt kết quả lựa chọn nhà thầu, nhà đầu tư;"
7abe060f-9847-42d9-ba52-21c90703372d,download.pdf,N/A,general,375,"b) Không công nhận kết quả lựa chọn nhà thầu, nhà đầu tư trong quá trình tổ chức lựa chọn nhà thầu, nhà đầu tư và quá trình thực hiện hợp đồng;

c) Xử lý vi phạm trong đấu thầu theo quy định tại Điều 87 của Luật này.

2. Văn bản đình chỉ, không công nhận kết quả lựa chọn nhà thầu, nhà đầu tư phải nêu rõ lý do, nội dung, biện pháp và thời gian khắc phục vi phạm về đấu thầu."
ff6ade08-f0d2-4308-be4b-c45a876f9920,download.pdf,N/A,general,734,"## Điều 19. Tổ chuyên gia, tổ thẩm định

1. Tổ chuyên gia gồm các cá nhân có năng lực, kinh nghiệm được chủ đầu tư hoặc đơn vị tư vấn đấu thầu đối với lựa chọn nhà thầu, bên mời thầu đối với lựa chọn nhà đầu tư thành lập hoặc giao nhiệm vụ để thực

about:blank                                                                                             17/61


---



1/13/26, 9:03 AM                                    about:blank

hiện một hoặc các công việc: lập hồ sơ mời quan tâm, hồ sơ mời sơ tuyển, hồ sơ mời thầu, hồ sơ yêu cầu; đánh giá hồ sơ quan tâm, hồ sơ dự sơ tuyển, hồ sơ dự thầu, hồ sơ đề xuất, hồ sơ đăng ký thực hiện dự án đầu tư kinh doanh; thực hiện các nhiệm vụ khác trong quá trình lựa chọn nhà thầu, nhà đầu tư."
6f9f2e3c-2cb9-494a-868d-38d5f0c6e00e,download.pdf,N/A,general,755,"2. Tổ thẩm định gồm các cá nhân có năng lực, kinh nghiệm được người có thẩm quyền, chủ đầu tư hoặc đơn vị tư vấn đấu thầu thành lập hoặc giao nhiệm vụ để kiểm tra, xem xét sự phù hợp với quy định của pháp luật đối với một hoặc các nội dung: kế hoạch tổng thể lựa chọn nhà thầu, kế hoạch lựa chọn nhà thầu; hồ sơ mời quan tâm, hồ sơ mời sơ tuyển, hồ sơ mời thầu, hồ sơ yêu cầu và kết quả mời quan tâm, kết quả sơ tuyển, kết quả lựa chọn nhà thầu, nhà đầu tư.

3. Thành viên tổ chuyên gia, tổ thẩm định phải có tối thiểu 03 năm công tác thuộc một trong các lĩnh vực liên quan đến nội dung pháp lý, kỹ thuật, tài chính của gói thầu, dự án đầu tư kinh doanh.

4. Chính phủ quy định chi tiết về năng lực, kinh nghiệm của thành viên tổ chuyên gia, tổ thẩm định."
be4baa8a-40ca-41c4-b384-4f40e0e01957,download.pdf,N/A,general,14,"## Chương II

"
418bce0f-7815-43d5-9a8e-403fd496bb7e,download.pdf,N/A,general,58,"### HÌNH THỨC, PHƯƠNG THỨC LỰA CHỌN NHÀ THẦU, NHÀ ĐẦU TƯ

"
1ce9988d-31a9-4078-9650-4179f40ec3c7,download.pdf,N/A,general,40,"### Mục 1. HÌNH THỨC LỰA CHỌN NHÀ THẦU

"
97aaa737-22df-4b10-81df-39cfc937b1c0,download.pdf,N/A,general,681,"### Điều 20. Các hình thức lựa chọn nhà thầu

1. Các hình thức lựa chọn nhà thầu bao gồm:

a) Đấu thầu rộng rãi;

b) Đấu thầu hạn chế;

c) Chỉ định thầu;

d) Chào hàng cạnh tranh;

đ) Mua sắm trực tiếp;

e) Tự thực hiện;

g) Tham gia thực hiện của cộng đồng;

h) Đàm phán giá;

i) Lựa chọn nhà thầu trong trường hợp đặc biệt.

2. Trường hợp phát sinh hình thức lựa chọn nhà thầu khác quy định tại khoản 1 Điều này, có tính ưu việt, sử dụng phương tiện điện tử tiến bộ, hiện đại, Chính phủ quy định về hình thức, quy trình, đối tượng phù hợp với tính năng mới của Hệ thống mạng đấu thầu quốc gia, bảo đảm mục tiêu cạnh tranh, công bằng, minh bạch và hiệu quả kinh tế trong đấu thầu."
b6f416a6-eb5d-4498-8fdc-572ca75fa06e,download.pdf,N/A,general,696,"### Điều 21. Đấu thầu rộng rãi

1. Đấu thầu rộng rãi là hình thức lựa chọn nhà thầu trong đó không hạn chế số lượng nhà thầu tham dự.

2. Đấu thầu rộng rãi được áp dụng đối với tất cả các gói thầu, trừ trường hợp quy định tại các điều 22, 23, 24, 25, 26, 27, 28 và 29 của Luật này. Trường hợp không đấu thầu rộng rãi, văn bản trình duyệt kế hoạch lựa chọn nhà thầu phải nêu rõ lý do không thực hiện đấu thầu rộng rãi; người có thẩm quyền quyết định và chịu trách nhiệm về việc không áp dụng đấu thầu rộng rãi.

about:blank                                                                                                18/61


---



1/13/26, 9:03 AM                                    about:blank"
916fed79-08c6-449e-a012-8ba27e20477f,download.pdf,N/A,general,444,"## Điều 22. Đấu thầu hạn chế

Đấu thầu hạn chế là hình thức lựa chọn nhà thầu trong đó chỉ có một số nhà thầu đáp ứng yêu cầu của gói thầu được mời tham dự thầu, áp dụng trong các trường hợp sau đây:

1. Gói thầu có yêu cầu cao về kỹ thuật hoặc kỹ thuật có tính đặc thù mà chỉ có một số nhà thầu đáp ứng yêu cầu của gói thầu;

2. Nhà tài trợ vốn cho dự án, gói thầu có yêu cầu đấu thầu hạn chế trong điều ước quốc tế, thỏa thuận vay nước ngoài."
ac4b6da2-57a8-42e2-858e-4f280a4e021c,download.pdf,N/A,general,572,"## Điều 23. Chỉ định thầu

1. Chỉ định thầu được áp dụng trong các trường hợp sau đây:

a) Gói thầu cấp bách cần triển khai nhằm mục tiêu bảo vệ chủ quyền, an ninh quốc gia; gói thầu cần thực hiện để khắc phục ngay hoặc để xử lý kịp thời hậu quả gây ra do thiên tai, hỏa hoạn, tai nạn bất ngờ, sự cố, thảm họa hoặc sự kiện bất khả kháng khác;

b) Gói thầu cung cấp dịch vụ tư vấn, phi tư vấn, hàng hóa, xây lắp cần triển khai ngay để tránh gây nguy hại đến tính mạng và tài sản của cộng đồng dân cư trên địa bàn hoặc để không ảnh hưởng nghiêm trọng đến công trình liền kề;"
6b0b2451-3c0f-4ccf-8432-7295c0c1fa97,download.pdf,N/A,general,781,"c) Gói thầu cung cấp dịch vụ tư vấn, phi tư vấn, thuốc, hóa chất, vật tư xét nghiệm, thiết bị y tế, linh kiện, phụ kiện, phương tiện, xây lắp cần triển khai ngay để phục vụ công tác phòng, chống dịch bệnh hoặc duy trì hoạt động của cơ sở khám bệnh, chữa bệnh trong trường hợp cấp bách, tránh gây nguy hại đến tính mạng, sức khỏe người dân; gói thầu mua thuốc, hóa chất, vật tư xét nghiệm, thiết bị y tế, linh kiện, phụ kiện để cấp cứu người bệnh trong tình trạng cấp cứu theo quy định của Luật Khám bệnh, chữa bệnh trong trường hợp cơ sở khám bệnh, chữa bệnh không có đủ thuốc, hóa chất, vật tư xét nghiệm, thiết bị y tế, linh kiện, phụ kiện; gói thầu mua thuốc, thiết bị y tế chỉ có duy nhất một hãng sản xuất trên thị trường;

d) Gói thầu cần thực hiện để bảo vệ bí mật nhà nước;"
7cb5b961-7c4c-42d8-a3e2-f7fbb8693737,download.pdf,N/A,general,598,"d) Gói thầu cần thực hiện để bảo vệ bí mật nhà nước;

đ) Gói thầu cung cấp dịch vụ tư vấn phải mua từ nhà thầu đã thực hiện trước đó do cần bảo đảm tính tương thích về công nghệ, bản quyền mà không thể mua được từ nhà thầu khác; gói thầu mua sắm hàng hóa, dịch vụ phi tư vấn phải mua từ nhà thầu đã thực hiện trước đó hoặc từ hãng sản xuất, đại lý của hãng sản xuất do cần bảo đảm tính tương thích về công nghệ, bản quyền với các trang thiết bị, máy móc, phần mềm, dịch vụ sẵn có hoặc do các điều kiện bảo hành của nhà thầu, hãng sản xuất mà không thể mua được từ nhà thầu khác, hãng sản xuất khác;"
3663ab99-c8fd-4ce2-b549-1398d62c2ede,download.pdf,N/A,general,767,"e) Gói thầu có tính chất nghiên cứu, thử nghiệm, mua bản quyền sở hữu trí tuệ, mua bản quyền chương trình phát sóng; gói thầu vận chuyển hàng dự trữ quốc gia để cứu trợ, viện trợ trong trường hợp phải giao hàng ngay;

g) Gói thầu cung cấp dịch vụ tư vấn lập báo cáo nghiên cứu khả thi, thiết kế xây dựng được chỉ định cho tác giả của phương án kiến trúc trúng tuyển khi tác giả đó có đủ điều kiện năng lực theo quy định của pháp luật về xây dựng; gói thầu thi công xây dựng, phục chế tượng đài, phù điêu, tranh hoành tráng, tác phẩm nghệ thuật gắn với quyền tác giả từ khâu sáng tác đến thi công công trình; gói thầu cung cấp dịch vụ tư vấn lập quy hoạch xây dựng được chỉ định cho tác giả của ý tưởng hoặc đồ án quy hoạch xây dựng đã trúng tuyển thông qua thi tuyển;"
7b2f4bcc-2694-41f6-bf08-72287db5ca74,download.pdf,N/A,general,632,"h) Gói thầu tư vấn, thi công di dời các công trình hạ tầng kỹ thuật để phục vụ công tác giải phóng mặt bằng; gói thầu tư vấn, rà phá bom, mìn, vật nổ để chuẩn bị mặt bằng thi công;

i) Gói thầu chỉ có duy nhất một nhà thầu thực hiện được trên thị trường do yêu cầu về giải pháp công nghệ;

about:blank                                                                                                   19/61


---



1/13/26, 9:03 AM                                       about:blank

k) Gói thầu thuộc dự án quan trọng quốc gia được áp dụng hình thức chỉ định thầu theo Nghị quyết của Quốc hội khi quyết định chủ trương đầu tư dự án;"
144508ec-373a-48b0-8c11-d18dadf75e25,download.pdf,N/A,general,352,"l) Gói thầu thuê kho lưu giữ hàng tạm giữ; gói thầu thuê vận chuyển, bốc xếp hàng tạm giữ tại các cảng biển, địa điểm kiểm tra hàng hóa tập trung trong trường hợp chỉ có duy nhất một đơn vị cung cấp dịch vụ trong cảng; gói thầu nhập khẩu vũ khí thể thao phục vụ các câu lạc bộ, trường, trung tâm đào tạo huấn luyện thể thao tập luyện, thi đấu hằng năm;"
1beb4ff2-d1af-46f2-b17e-d394007e39fd,download.pdf,N/A,general,651,"m) Gói thầu thuộc dự toán mua sắm có giá gói thầu trong hạn mức từ trên 50 triệu đồng đến 100 triệu đồng; gói thầu thuộc dự án đầu tư của doanh nghiệp nhà nước, doanh nghiệp do doanh nghiệp nhà nước nắm giữ 100% vốn điều lệ và dự án đầu tư theo Luật Đầu tư công, bao gồm: gói thầu cung cấp dịch vụ tư vấn có giá gói thầu trong hạn mức không quá 500 triệu đồng, gói thầu phi tư vấn, hàng hóa, xây lắp, hỗn hợp có giá gói thầu trong hạn mức không quá 01 tỷ đồng.

Trường hợp cần điều chỉnh hạn mức quy định tại điểm này để phù hợp với điều kiện kinh tế - xã hội và yêu cầu quản lý nhà nước, Chính phủ trình Ủy ban Thường vụ Quốc hội xem xét, quyết định."
4a63aa0e-91b5-4279-b75d-1cc09b668fbb,download.pdf,N/A,general,774,"2. Đối với gói thầu quy định tại các điểm a, b và c khoản 1 Điều này, chủ đầu tư quyết định, chịu trách nhiệm việc chỉ định thầu theo quy trình rút gọn cho nhà thầu có năng lực, kinh nghiệm để thực hiện ngay gói thầu. Trong thời hạn 15 ngày kể từ ngày bắt đầu thực hiện gói thầu, các bên phải hoàn thiện thủ tục chỉ định thầu bao gồm các bước sau: chuẩn bị và gửi dự thảo hợp đồng cho nhà thầu; hoàn thiện hợp đồng; trình, phê duyệt và công khai kết quả lựa chọn nhà thầu; ký kết và quản lý thực hiện hợp đồng.

3. Việc thực hiện chỉ định thầu đối với gói thầu quy định tại các điểm d, đ, e, g, h, i, k, l và m khoản 1 Điều này phải đáp ứng đủ các điều kiện sau đây:

a) Có quyết định đầu tư được phê duyệt đối với dự án, trừ gói thầu tư vấn phục vụ công tác chuẩn bị dự án;"
24212ab7-cd8e-4df0-9689-7101605cfe98,download.pdf,N/A,general,733,"a) Có quyết định đầu tư được phê duyệt đối với dự án, trừ gói thầu tư vấn phục vụ công tác chuẩn bị dự án;

b) Có kế hoạch lựa chọn nhà thầu được phê duyệt;

c) Đã được bố trí vốn để thực hiện gói thầu;

d) Có dự toán được phê duyệt theo quy định, trừ gói thầu EP, EC, EPC, gói thầu chìa khóa trao tay.

4. Đối với gói thầu hoặc nội dung mua sắm có giá không quá 50 triệu đồng, thủ trưởng cơ quan, đơn vị mua sắm chịu trách nhiệm quyết định việc mua sắm bảo đảm tiết kiệm, hiệu quả và tự chịu trách nhiệm về quyết định của mình mà không phải lập, thẩm định, phê duyệt kế hoạch lựa chọn nhà thầu, dự toán gói thầu, không phải ký hợp đồng với nhà cung cấp nhưng phải bảo đảm chế độ hóa đơn, chứng từ đầy đủ theo quy định của pháp luật."
4b7d4c92-b127-4c4c-b71b-79db6adf57b8,download.pdf,N/A,general,796,"5. Việc chỉ định thầu phải được thực hiện trong thời hạn không quá 45 ngày kể từ ngày phê duyệt hồ sơ yêu cầu đến ngày ký kết hợp đồng; trường hợp gói thầu có quy mô lớn, phức tạp không quá 90 ngày.

6. Trường hợp gói thầu quy định tại khoản 1 Điều này đáp ứng điều kiện chỉ định thầu quy định tại khoản 3 Điều này nhưng vẫn có thể áp dụng các hình thức lựa chọn nhà thầu khác quy định tại các điều 21, 22, 24 và 25 của Luật này thì khuyến khích người có thẩm quyền quyết định áp dụng hình thức khác để lựa chọn nhà thầu.

7. Chính phủ quy định chi tiết điểm c khoản 1 Điều này.

**Điều 24. Chào hàng cạnh tranh**

Chào hàng cạnh tranh được áp dụng đối với gói thầu có giá gói thầu không quá 05 tỷ đồng thuộc một trong các trường hợp sau đây:

1. Gói thầu dịch vụ phi tư vấn thông dụng, đơn giản;"
a9ae5354-7b0e-4504-ad23-2c5047903eea,download.pdf,N/A,general,570,"1. Gói thầu dịch vụ phi tư vấn thông dụng, đơn giản;

about:blank                                                                                            20/61


---



1/13/26, 9:03 AM                         about:blank

2. Gói thầu mua sắm hàng hóa thông dụng, sẵn có trên thị trường với đặc tính kỹ thuật được tiêu chuẩn hóa và tương đương nhau về chất lượng;

3. Gói thầu xây lắp công trình đơn giản đã có thiết kế bản vẽ thi công được phê duyệt;

4. Gói thầu hỗn hợp cung cấp hàng hóa và xây lắp, trong đó nội dung xây lắp đáp ứng quy định tại khoản 3 Điều này."
d783573f-589f-4460-a8d6-811a382526d2,download.pdf,N/A,general,706,"## Điều 25. Mua sắm trực tiếp

1. Mua sắm trực tiếp được áp dụng đối với gói thầu mua sắm hàng hóa tương tự thuộc dự án, dự toán mua sắm của cùng một chủ đầu tư hoặc chủ đầu tư khác và đáp ứng quy định tại khoản 2 Điều này.

2. Mua sắm trực tiếp được thực hiện khi đáp ứng đủ các điều kiện sau đây:

a) Nhà thầu đã trúng thầu thông qua đấu thầu rộng rãi hoặc đấu thầu hạn chế và đã ký hợp đồng thực hiện gói thầu trước đó;

b) Chủ đầu tư chỉ được áp dụng mua sắm trực tiếp một lần đối với các loại hàng hóa thuộc gói thầu và khối lượng từng hạng mục công việc nhỏ hơn 130% so với khối lượng hạng mục tương ứng thuộc gói thầu đã ký hợp đồng trước đó, không bao gồm khối lượng của tùy chọn mua thêm (nếu có);"
10a30f7b-d4eb-40f9-b737-fda87057370e,download.pdf,N/A,general,676,"c) Đơn giá của các phần việc thuộc gói thầu áp dụng mua sắm trực tiếp không được vượt đơn giá của các phần việc tương ứng thuộc gói thầu tương tự đã ký hợp đồng trước đó, đồng thời, phù hợp với giá thị trường tại thời điểm hoàn thiện hợp đồng;

d) Thời gian từ khi ký hợp đồng của gói thầu trước đó đến ngày phê duyệt kết quả mua sắm trực tiếp không quá 12 tháng.

3. Trường hợp nhà thầu thực hiện hợp đồng trước đó không có khả năng tiếp tục thực hiện gói thầu mua sắm trực tiếp thì được áp dụng mua sắm trực tiếp đối với nhà thầu khác nếu nhà thầu đó đáp ứng đủ các yêu cầu về năng lực, kinh nghiệm, kỹ thuật và giá theo hồ sơ mời thầu và kết quả lựa chọn nhà thầu trước đó."
d2424e5a-2f3c-4ee1-a207-99a0f9922e76,download.pdf,N/A,general,823,"## Điều 26. Tự thực hiện

1. Chủ đầu tư trực tiếp quản lý, sử dụng gói thầu được tự thực hiện gói thầu thuộc dự án, dự toán mua sắm khi đáp ứng đủ các điều kiện sau đây:

a) Có chức năng, nhiệm vụ, lĩnh vực hoạt động hoặc ngành, nghề kinh doanh phù hợp với yêu cầu của gói thầu;

b) Có năng lực kỹ thuật, tài chính và kinh nghiệm đáp ứng yêu cầu của gói thầu;

c) Có phương án khả thi huy động nhân sự, máy móc, thiết bị đáp ứng yêu cầu về tiến độ thực hiện gói thầu.

2. Chủ đầu tư trực tiếp tự thực hiện gói thầu hoặc giao đơn vị hạch toán phụ thuộc, phòng, ban thuộc tổ chức đó thực hiện.

3. Tổ chức, đơn vị quy định tại khoản 2 Điều này không được chuyển nhượng cho tổ chức, cá nhân khác khối lượng công việc có giá trị từ 10% trở lên hoặc trên 50 tỷ đồng tính trên giá trị công việc quy định tại thỏa thuận giao việc."
d684e1c2-c699-41fd-b6a8-422fd21c1784,download.pdf,N/A,general,495,"## Điều 27. Tham gia thực hiện của cộng đồng

Cộng đồng dân cư, tổ, nhóm thợ đủ năng lực tại địa phương nơi có gói thầu được giao thực hiện toàn bộ hoặc một phần gói thầu thuộc chương trình mục tiêu quốc gia, chương trình đầu tư công mà Nhà nước và

about:blank                                                                                                 21/61


---



1/13/26, 9:03 AM                                      about:blank

Nhân dân cùng làm có giá gói thầu không quá 05 tỷ đồng."
a1dbc139-d40d-4c22-a43f-ad1bc558a16d,download.pdf,N/A,general,476,"## Điều 28. Đàm phán giá

1. Đàm phán giá được áp dụng đối với các gói thầu sau đây:

a) Mua biệt dược gốc, sinh phẩm tham chiếu;

b) Mua thuốc, thiết bị y tế, vật tư xét nghiệm chỉ có 01 hoặc 02 hãng sản xuất.

2. Bộ trưởng Bộ Y tế quyết định việc áp dụng hình thức đàm phán giá, ban hành danh mục thuốc, thiết bị y tế, vật tư xét nghiệm được áp dụng hình thức đàm phán giá và quy định quy trình, thủ tục lựa chọn nhà thầu đối với các gói thầu áp dụng hình thức đàm phán giá."
2b28a457-f04a-455a-9256-a3e827033672,download.pdf,N/A,general,772,"## Điều 29. Lựa chọn nhà thầu trong trường hợp đặc biệt

1. Việc lựa chọn nhà thầu trong trường hợp đặc biệt được áp dụng đối với các gói thầu không thể lựa chọn nhà thầu theo quy định tại các điều 21, 22, 23, 24, 25, 26, 27 và 28 của Luật này, bao gồm:

a) Gói thầu mua thuốc, vắc xin trong quá trình thử nghiệm, có yêu cầu đặc thù của nhà sản xuất về điều kiện mua, thanh toán, bảo lãnh, bảo đảm và điều kiện khác trong quá trình thực hiện hợp đồng;

b) Gói thầu mua thuốc, vắc xin, thiết bị y tế thông qua các tổ chức quốc tế;

c) Gói thầu có yêu cầu bảo đảm quốc phòng, an ninh, đối ngoại, biên giới lãnh thổ;

d) Lựa chọn luật sư cung cấp dịch vụ pháp lý để bảo vệ quyền và lợi ích của Nhà nước Việt Nam, cơ quan nhà nước tại cơ quan tài phán nước ngoài hoặc quốc tế;"
be70d8d6-3cab-4c85-aae8-7bc06f2f1e40,download.pdf,N/A,general,787,"đ) Gói thầu về đào tạo chuyên sâu cho cơ quan nhà nước, đơn vị sự nghiệp công lập do cơ sở đào tạo nước ngoài trực tiếp thực hiện tại nước ngoài; mua vé máy bay cho đoàn đi công tác trong nước và quốc tế; gói thầu đào tạo, bồi dưỡng nghiệp vụ chuyên ngành đặc thù cho cán bộ, công chức do cần thiết phải mời cơ quan, đơn vị có thẩm quyền hoặc có chức năng, nhiệm vụ đào tạo chuyên môn được cơ quan có thẩm quyền giao;

e) Gói thầu thực hiện nhiệm vụ chính trị do Đảng và Nhà nước giao, bao gồm: tuyên truyền trên báo in, báo điện tử, đài phát thanh, truyền hình và phương tiện thông tin đại chúng khác trong trường hợp cơ quan, đơn vị được giao kinh phí tuyên truyền trực tiếp ký hợp đồng với các cơ quan này để thực hiện; tổ chức chương trình nghệ thuật đặc biệt; hợp tác sản xuất phim;"
b9111e76-90b6-4270-901f-4fa37a6ddf04,download.pdf,N/A,general,457,"g) Gói thầu sản xuất và lắp đặt sân khấu phục vụ sản xuất chương trình phát sóng gắn liền với ý tưởng thực hiện; thuê địa điểm để tổ chức sản xuất, ghi hình chương trình mang tính nghệ thuật cao;

h) Gói thầu cung cấp dịch vụ in ấn, cung cấp tem, biên lai, niêm phong theo quy định của pháp luật về quản lý thuế, hải quan; gói thầu mua chó nghiệp vụ, đào tạo chó nghiệp vụ, mua ma túy, chất nổ, mẫu tẩm nguồn hơi ma túy, chất nổ để huấn luyện chó nghiệp vụ;"
20af3cd8-5c5b-4ae9-b4ff-41bee3dbe52d,download.pdf,N/A,general,716,"i) Trường hợp dự án, gói thầu có điều kiện đặc thù về quy trình, thủ tục, tiêu chí lựa chọn nhà thầu, điều kiện ký kết và thực hiện hợp đồng không thuộc quy định tại các điểm a, b, c, d, đ, e, g và h khoản này, Chính phủ trình Ủy ban Thường vụ Quốc hội quyết định việc bổ sung trường hợp áp dụng hình thức lựa chọn nhà thầu trong trường hợp đặc biệt.

2. Thẩm quyền quyết định lựa chọn nhà thầu trong trường hợp đặc biệt được quy định như sau:

a) Thủ tướng Chính phủ quyết định lựa chọn nhà thầu quy định tại điểm c khoản 1 Điều này;

about:blank                                                                                               22/61


---



1/13/26, 9:03 AM                                about:blank"
eb5f9cb3-e4a1-4526-835a-b355d32f4944,download.pdf,N/A,general,766,"---



1/13/26, 9:03 AM                                about:blank

b) Bộ trưởng Bộ Y tế quyết định và chịu trách nhiệm về việc lựa chọn nhà thầu quy định tại điểm a và điểm b khoản 1 Điều này;

c) Bộ trưởng, Thủ trưởng cơ quan ngang Bộ, cơ quan thuộc Chính phủ, cơ quan khác ở Trung ương, Chủ tịch Ủy ban nhân dân cấp tỉnh quyết định và chịu trách nhiệm về việc lựa chọn nhà thầu quy định tại các điểm d, đ, e, g và h khoản 1 Điều này.

3. Văn bản đề nghị phê duyệt phương án lựa chọn nhà thầu trong trường hợp đặc biệt phải nêu rõ lý do không thể đáp ứng điều kiện về lựa chọn nhà thầu quy định tại các điều 21, 22, 23, 24, 25, 26, 27 và 28 của Luật này.

4. Chính phủ quy định chi tiết hồ sơ, quy trình, thủ tục lựa chọn nhà thầu trong trường hợp đặc biệt.Bổ sung"
2e6aaae1-5efa-4d01-b64c-37d7b9797a49,download.pdf,N/A,general,41,"## Mục 2. PHƯƠNG THỨC LỰA CHỌN NHÀ THẦU

"
e308f9df-4c90-4b66-87f6-7e0016a99873,download.pdf,N/A,general,872,"### Điều 30. Phương thức một giai đoạn một túi hồ sơ

1. Phương thức một giai đoạn một túi hồ sơ được áp dụng trong các trường hợp sau đây:

a) Đấu thầu rộng rãi, đấu thầu hạn chế đối với gói thầu cung cấp dịch vụ phi tư vấn, mua sắm hàng hóa, xây lắp, hỗn hợp, trừ trường hợp quy định tại điểm b khoản 1 Điều 31 của Luật này;

b) Chào hàng cạnh tranh đối với gói thầu cung cấp dịch vụ phi tư vấn, mua sắm hàng hóa, xây lắp, gói thầu hỗn hợp cung cấp hàng hóa và xây lắp;

c) Chỉ định thầu đối với gói thầu cung cấp dịch vụ tư vấn, dịch vụ phi tư vấn, mua sắm hàng hóa, xây lắp, hỗn hợp;

d) Mua sắm trực tiếp đối với gói thầu mua sắm hàng hóa.

2. Nhà thầu nộp hồ sơ dự thầu, hồ sơ đề xuất gồm đề xuất về kỹ thuật và đề xuất về tài chính theo yêu cầu của hồ sơ mời thầu, hồ sơ yêu cầu.

3. Việc mở thầu được tiến hành một lần đối với toàn bộ hồ sơ dự thầu, hồ sơ đề xuất."
b46c9d3e-363e-4e5e-80b3-ce44a2ebfdb8,download.pdf,N/A,general,738,"### Điều 31. Phương thức một giai đoạn hai túi hồ sơ

1. Phương thức một giai đoạn hai túi hồ sơ được áp dụng trong các trường hợp sau đây:

a) Đấu thầu rộng rãi, đấu thầu hạn chế đối với gói thầu cung cấp dịch vụ tư vấn;

b) Đấu thầu rộng rãi, đấu thầu hạn chế đối với gói thầu cung cấp dịch vụ phi tư vấn, mua sắm hàng hóa, xây lắp, hỗn hợp đòi hỏi kỹ thuật cao theo quy định của pháp luật về khoa học, công nghệ.

2. Nhà thầu nộp đồng thời hồ sơ đề xuất về kỹ thuật và hồ sơ đề xuất về tài chính riêng biệt theo yêu cầu của hồ sơ mời thầu.

3. Việc mở thầu được tiến hành hai lần. Hồ sơ đề xuất về kỹ thuật sẽ được mở ngay sau thời điểm đóng thầu. Nhà thầu đáp ứng yêu cầu về kỹ thuật sẽ được mở hồ sơ đề xuất về tài chính để đánh giá."
f26a5fbe-ef0c-45e5-8076-6c519a2759d6,download.pdf,N/A,general,621,"### Điều 32. Phương thức hai giai đoạn một túi hồ sơ

1. Phương thức hai giai đoạn một túi hồ sơ được áp dụng trong trường hợp đấu thầu rộng rãi, đấu thầu hạn chế đối với gói thầu mua sắm hàng hóa, xây lắp, hỗn hợp mà chưa xác định được chính xác các yêu cầu kỹ thuật cụ thể, đầy đủ cho gói thầu tại thời điểm tổ chức đấu thầu.

about:blank                                                                                              23/61


---



1/13/26, 9:03 AM                                  about:blank
about:blank                                                                                              24/61"
b33b5775-48f6-4120-9ffc-7b298b82d4ee,download.pdf,N/A,general,640,"2. Trong giai đoạn một, nhà thầu nộp hồ sơ đề xuất về kỹ thuật không bao gồm giá dự thầu theo yêu cầu của hồ sơ mời thầu căn cứ thiết kế cơ sở hoặc thông số kỹ thuật của gói thầu. Nhà thầu được phép đề xuất phương án thay thế cho nội dung yêu cầu trong hồ sơ mời thầu nhưng phải chào thành phương án riêng cùng với phương án kỹ thuật chính theo yêu cầu của hồ sơ mời thầu. Hồ sơ đề xuất về kỹ thuật sẽ được mở ngay sau thời điểm đóng thầu. Nhà thầu có hồ sơ đề xuất về kỹ thuật đáp ứng yêu cầu của hồ sơ mời thầu giai đoạn một được mời tham dự thầu giai đoạn hai.

3. Trong giai đoạn hai, quy trình lựa chọn nhà thầu được thực hiện như sau:"
17be7317-ea42-4e7d-b44b-3ce2eded8574,download.pdf,N/A,general,768,"3. Trong giai đoạn hai, quy trình lựa chọn nhà thầu được thực hiện như sau:

a) Nhà thầu trong danh sách đạt yêu cầu giai đoạn một được mời làm rõ hồ sơ đề xuất về kỹ thuật. Nội dung làm rõ đề xuất về kỹ thuật bao gồm việc chủ đầu tư, bên mời thầu yêu cầu nhà thầu điều chỉnh đề xuất về kỹ thuật giai đoạn một. Nhà thầu được đưa ra ý kiến góp ý về nội dung hồ sơ mời thầu;

b) Trên cơ sở nội dung làm rõ đề xuất về kỹ thuật với từng nhà thầu, hồ sơ mời thầu giai đoạn một được điều chỉnh, bổ sung về chỉ dẫn nhà thầu, tiêu chuẩn đánh giá, yêu cầu kỹ thuật, điều kiện hợp đồng và các nội dung khác để hình thành hồ sơ mời thầu giai đoạn hai, kể cả các sai lệch về kỹ thuật của nhà thầu đã được chấp nhận, đề xuất trong phương án thay thế của nhà thầu đã được chấp nhận;"
30ea3e7b-d942-4706-849d-a731f6aa4f7a,download.pdf,N/A,general,339,"c) Nhà thầu nộp hồ sơ dự thầu bao gồm đề xuất về kỹ thuật và đề xuất về tài chính theo yêu cầu của hồ sơ mời thầu giai đoạn hai, trong đó có giá dự thầu và bảo đảm dự thầu trên cơ sở nội dung điều chỉnh đề xuất về kỹ thuật giai đoạn một theo quy định tại điểm a khoản này. Việc mở thầu được tiến hành một lần đối với toàn bộ hồ sơ dự thầu."
3e1a471e-775c-42c3-aacd-545f59ca7d15,download.pdf,N/A,general,380,"## Điều 33. Phương thức hai giai đoạn hai túi hồ sơ

1. Phương thức hai giai đoạn hai túi hồ sơ được áp dụng trong trường hợp đấu thầu rộng rãi, đấu thầu hạn chế đối với gói thầu mua sắm hàng hóa, xây lắp, hỗn hợp có kỹ thuật, công nghệ mới, phức tạp, có tính đặc thù mà chưa xác định được chính xác các yêu cầu kỹ thuật cụ thể, đầy đủ cho gói thầu tại thời điểm tổ chức đấu thầu."
40479304-6de1-4249-9afa-b81ed217ee58,download.pdf,N/A,general,640,"2. Trong giai đoạn một, nhà thầu nộp hồ sơ đề xuất về kỹ thuật không bao gồm giá dự thầu theo yêu cầu của hồ sơ mời thầu căn cứ thiết kế cơ sở hoặc thông số kỹ thuật của gói thầu. Nhà thầu được phép đề xuất phương án thay thế cho nội dung yêu cầu trong hồ sơ mời thầu nhưng phải chào thành phương án riêng cùng với phương án kỹ thuật chính theo yêu cầu của hồ sơ mời thầu. Hồ sơ đề xuất về kỹ thuật sẽ được mở ngay sau thời điểm đóng thầu. Nhà thầu có hồ sơ đề xuất về kỹ thuật đáp ứng yêu cầu của hồ sơ mời thầu giai đoạn một được mời tham dự thầu giai đoạn hai.

3. Trong giai đoạn hai, quy trình lựa chọn nhà thầu được thực hiện như sau:"
e3367bc5-f0b5-4458-b3d0-3056d66f0204,download.pdf,N/A,general,768,"3. Trong giai đoạn hai, quy trình lựa chọn nhà thầu được thực hiện như sau:

a) Nhà thầu trong danh sách đạt yêu cầu giai đoạn một được mời làm rõ hồ sơ đề xuất về kỹ thuật. Nội dung làm rõ đề xuất về kỹ thuật bao gồm việc chủ đầu tư, bên mời thầu yêu cầu nhà thầu điều chỉnh đề xuất về kỹ thuật giai đoạn một. Nhà thầu được đưa ra ý kiến góp ý về nội dung hồ sơ mời thầu;

b) Trên cơ sở nội dung làm rõ đề xuất về kỹ thuật với từng nhà thầu, hồ sơ mời thầu giai đoạn một được điều chỉnh, bổ sung về chỉ dẫn nhà thầu, tiêu chuẩn đánh giá, yêu cầu kỹ thuật, điều kiện hợp đồng và các nội dung khác để hình thành hồ sơ mời thầu giai đoạn hai, kể cả các sai lệch về kỹ thuật của nhà thầu đã được chấp nhận, đề xuất trong phương án thay thế của nhà thầu đã được chấp nhận;"
5681f674-5d98-47f0-9a68-ac35c4d47b45,download.pdf,N/A,general,685,"c) Nhà thầu nộp hồ sơ dự thầu bao gồm đề xuất về kỹ thuật và đề xuất về tài chính riêng biệt theo yêu cầu của hồ sơ mời thầu giai đoạn hai, trong đó có giá dự thầu và bảo đảm dự thầu. Hồ sơ đề xuất tài chính được chào tương ứng theo phương án đề xuất kỹ thuật chính của nhà thầu; trường hợp nhà thầu chào phương án kỹ thuật thay thế thì phải gửi kèm theo phần đề xuất tài chính cho phương án thay thế này. Việc mở thầu được tiến hành hai lần. Hồ sơ đề xuất về kỹ thuật sẽ được mở ngay sau thời điểm đóng thầu. Nhà thầu đáp ứng yêu cầu về kỹ thuật sẽ được mở hồ sơ đề xuất về tài chính để đánh giá.

---



1/13/26, 9:03 AM                                                    about:blank"
5dae02ee-482d-4ac7-90c7-95dade9589ad,download.pdf,N/A,general,53,"# Mục 3. HÌNH THỨC, PHƯƠNG THỨC LỰA CHỌN NHÀ ĐẦU TƯ

"
0764c53b-3754-4853-85a8-ba96d4366f3b,download.pdf,N/A,general,454,"## Điều 34. Hình thức lựa chọn nhà đầu tư

1. Đấu thầu rộng rãi:

Đấu thầu rộng rãi được áp dụng đối với dự án đầu tư kinh doanh mà không hạn chế số lượng nhà đầu tư tham dự.

2. Đấu thầu hạn chế:

Đấu thầu hạn chế được áp dụng đối với dự án đầu tư kinh doanh có yêu cầu cao về kỹ thuật, công nghệ hoặc có tính đặc thù theo quy định của pháp luật quản lý ngành, lĩnh vực mà chỉ có một số nhà đầu tư đáp ứng yêu cầu của dự án được mời tham dự thầu.Bổ sung"
ec3c087c-b004-4c4a-b8d8-7bd01528932e,download.pdf,N/A,general,678,"## Điều 35. Phương thức lựa chọn nhà đầu tư

1. Phương thức một giai đoạn một túi hồ sơ:

a) Phương thức một giai đoạn một túi hồ sơ được áp dụng trong trường hợp đấu thầu rộng rãi, đấu thầu hạn chế lựa chọn nhà đầu tư;

b) Nhà đầu tư nộp hồ sơ dự thầu gồm đề xuất về kỹ thuật và đề xuất về tài chính theo yêu cầu của hồ sơ mời thầu;

c) Việc mở thầu được tiến hành một lần đối với toàn bộ hồ sơ dự thầu.

2. Phương thức một giai đoạn hai túi hồ sơ:

a) Phương thức một giai đoạn hai túi hồ sơ được áp dụng trong trường hợp đấu thầu rộng rãi lựa chọn nhà đầu tư đối với dự án đầu tư kinh doanh có yêu cầu công trình kiến trúc có giá trị theo quy định của pháp luật về kiến trúc;"
ec94cf21-ae7a-45b6-b271-6d5e800a168c,download.pdf,N/A,general,714,"b) Nhà đầu tư nộp đồng thời hồ sơ đề xuất về kỹ thuật và hồ sơ đề xuất về tài chính riêng biệt theo yêu cầu của hồ sơ mời thầu;

c) Việc mở thầu được tiến hành hai lần. Hồ sơ đề xuất về kỹ thuật sẽ được mở ngay sau thời điểm đóng thầu. Nhà đầu tư đáp ứng yêu cầu về kỹ thuật sẽ được mở hồ sơ đề xuất về tài chính để đánh giá.

3. Phương thức hai giai đoạn một túi hồ sơ:

Phương thức hai giai đoạn một túi hồ sơ được áp dụng trong trường hợp đấu thầu rộng rãi lựa chọn nhà đầu tư thực hiện dự án đầu tư kinh doanh có yêu cầu đặc thù phát triển kinh tế, xã hội của ngành, vùng, địa phương nhưng chưa xác định được cụ thể tiêu chuẩn về kỹ thuật, kinh tế, xã hội, môi trường.

4. Chính phủ quy định chi tiết Điều này."
fecafa9d-dd77-42f5-8a21-062d5e94832d,download.pdf,N/A,general,14,"# Chương III

"
59da5209-e84f-4b73-a552-39c196e6401c,download.pdf,N/A,general,30,"# KẾ HOẠCH LỰA CHỌN NHÀ THẦU

"
ca13c56a-dbb9-4668-8414-d3f48c304859,download.pdf,N/A,general,778,"## Điều 36. Kế hoạch tổng thể lựa chọn nhà thầu cho dự án

1. Căn cứ quy mô, tính chất công tác đấu thầu của dự án, chủ đầu tư hoặc cơ quan chuẩn bị dự án có thể trình người có thẩm quyền xem xét, quyết định việc tổ chức lập, phê duyệt kế hoạch tổng thể lựa chọn nhà thầu.

about:blank                                                                                             25/61


---



1/13/26, 9:03 AM                                          about:blank

2. Kế hoạch tổng thể lựa chọn nhà thầu được lập đồng thời hoặc độc lập với báo cáo nghiên cứu khả thi và được phê duyệt sau khi báo cáo nghiên cứu khả thi được phê duyệt.

3. Kế hoạch tổng thể lựa chọn nhà thầu bao gồm những nội dung chủ yếu sau đây:

a) Xem xét bối cảnh thực hiện dự án đối với công tác đấu thầu;"
b429bb65-2af6-4e08-9549-907421586efe,download.pdf,N/A,general,743,"3. Kế hoạch tổng thể lựa chọn nhà thầu bao gồm những nội dung chủ yếu sau đây:

a) Xem xét bối cảnh thực hiện dự án đối với công tác đấu thầu;

b) Đánh giá năng lực, nguồn lực và kinh nghiệm của chủ đầu tư đối với việc thực hiện các hoạt động đấu thầu của dự án;

c) Phân tích thị trường và xác định rủi ro trong đấu thầu;

d) Mục tiêu cụ thể của hoạt động đấu thầu;

đ) Đề xuất kế hoạch tổng thể lựa chọn nhà thầu cho dự án bao gồm: phân chia dự án thành các gói thầu; hình thức và phương thức lựa chọn nhà thầu; loại hợp đồng, nguyên tắc phân chia và quản lý rủi ro; tiến độ thực hiện các công việc chính, gói thầu; nội dung khác cần lưu ý trong soạn thảo hồ sơ mời thầu, quản lý thực hiện hợp đồng.

4. Chính phủ quy định chi tiết Điều này."
3b01847a-dd25-4fa6-9c84-c47ebb17ed99,download.pdf,N/A,general,767,"## Điều 37. Nguyên tắc lập kế hoạch lựa chọn nhà thầu

1. Kế hoạch lựa chọn nhà thầu được lập cho toàn bộ dự án, dự toán mua sắm. Đối với dự toán mua sắm, kế hoạch lựa chọn nhà thầu có thể được lập trên cơ sở dự toán mua sắm của năm ngân sách và dự kiến dự toán mua sắm của các năm ngân sách tiếp theo. Trường hợp chưa đủ điều kiện lập kế hoạch lựa chọn nhà thầu cho toàn bộ dự án, dự toán mua sắm thì lập kế hoạch lựa chọn nhà thầu cho một hoặc một số gói thầu để thực hiện trước.

2. Trường hợp gói thầu có thời gian thực hiện dài hơn 01 năm, kế hoạch lựa chọn nhà thầu phải nêu rõ thời gian thực hiện gói thầu, giá gói thầu trên cơ sở toàn bộ thời gian thực hiện gói thầu.

3. Kế hoạch lựa chọn nhà thầu phải ghi rõ số lượng gói thầu và nội dung của từng gói thầu."
63a1e1a7-b3fc-4dc0-b657-dc85544e6a10,download.pdf,N/A,general,581,"3. Kế hoạch lựa chọn nhà thầu phải ghi rõ số lượng gói thầu và nội dung của từng gói thầu.

4. Việc phê duyệt kế hoạch lựa chọn nhà thầu phải căn cứ theo tính chất kỹ thuật, trình tự thực hiện; bảo đảm tính đồng bộ của dự án, dự toán mua sắm và phù hợp với kế hoạch tổng thể lựa chọn nhà thầu được duyệt (nếu có).

5. Kế hoạch lựa chọn nhà thầu được lập sau khi có dự toán mua sắm, quyết định phê duyệt dự án hoặc đồng thời với quá trình lập dự án, dự toán mua sắm hoặc trước khi có quyết định phê duyệt dự án đối với gói thầu cần thực hiện trước khi có quyết định phê duyệt dự án."
042479b9-92d9-4ed4-a5c2-78b6671a2daf,download.pdf,N/A,general,755,"## Điều 38. Lập kế hoạch lựa chọn nhà thầu

1. Căn cứ lập kế hoạch lựa chọn nhà thầu đối với dự án:

a) Quyết định phê duyệt dự án và tài liệu có liên quan, trừ trường hợp gói thầu cần thực hiện trước khi phê duyệt dự án. Đối với gói thầu cần thực hiện trước khi phê duyệt dự án thì căn cứ theo quyết định của người đứng đầu chủ đầu tư hoặc người đứng đầu đơn vị được giao nhiệm vụ chuẩn bị dự án trong trường hợp chưa xác định được chủ đầu tư;

b) Kế hoạch tổng thể lựa chọn nhà thầu (nếu có);

c) Dự án đã được giao kế hoạch đầu tư công trung hạn, trừ trường hợp dự án đầu tư công khẩn cấp theo quy định của pháp luật về đầu tư công;

about:blank                                                                                                26/61


---"
63144f69-4815-4570-b95c-f9c7c6e02876,download.pdf,N/A,general,790,"about:blank                                                                                                26/61


---



1/13/26, 9:03 AM                                     about:blank

d) Kế hoạch bố trí vốn thực hiện dự án hoặc nguồn vốn thực hiện dự án đối với dự án không thuộc trường hợp quy định tại điểm c khoản này;

đ) Điều ước quốc tế, thỏa thuận vay đối với dự án sử dụng vốn ODA, vốn vay ưu đãi của nhà tài trợ nước ngoài, trừ trường hợp đấu thầu trước quy định tại Điều 42 của Luật này;

e) Văn bản pháp lý có liên quan.

2. Căn cứ lập kế hoạch lựa chọn nhà thầu đối với dự toán mua sắm:

a) Tiêu chuẩn, định mức sử dụng tài sản công của cơ quan, tổ chức, đơn vị và cán bộ, công chức, viên chức, người lao động (nếu có);

b) Dự toán mua sắm;

c) Văn bản pháp lý có liên quan."
214a2d3c-ba1d-4baa-8d9a-374213e3bf3e,download.pdf,N/A,general,727,"b) Dự toán mua sắm;

c) Văn bản pháp lý có liên quan.

**Điều 39. Nội dung kế hoạch lựa chọn nhà thầu**

1. Tên gói thầu:

Tên gói thầu thể hiện tính chất, nội dung và phạm vi công việc của gói thầu. Trường hợp gói thầu gồm nhiều phần riêng biệt, kế hoạch lựa chọn nhà thầu cần nêu tên thể hiện nội dung cơ bản của từng phần.

2. Giá gói thầu:

a) Giá gói thầu là giá trị của gói thầu được phê duyệt trong kế hoạch lựa chọn nhà thầu. Giá gói thầu bao gồm toàn bộ chi phí để thực hiện gói thầu, kể cả chi phí dự phòng, phí, lệ phí và thuế. Giá gói thầu được cập nhật trong thời hạn 28 ngày trước ngày mở thầu nếu cần thiết;

b) Đối với gói thầu chia phần thì ghi rõ giá gói thầu và giá ước tính cho từng phần trong giá gói thầu;"
b6138685-21b9-4bb8-b729-38eea5a7718c,download.pdf,N/A,general,342,"b) Đối với gói thầu chia phần thì ghi rõ giá gói thầu và giá ước tính cho từng phần trong giá gói thầu;

c) Đối với gói thầu áp dụng tùy chọn mua thêm quy định tại khoản 8 Điều này, giá gói thầu không bao gồm giá trị của tùy chọn mua thêm.

Chính phủ quy định chi tiết về nội dung giá gói thầu trong kế hoạch lựa chọn nhà thầu.

3. Nguồn vốn:"
ee1d03fe-f4a4-4a70-b65f-551b45f1fc51,download.pdf,N/A,general,614,"Chính phủ quy định chi tiết về nội dung giá gói thầu trong kế hoạch lựa chọn nhà thầu.

3. Nguồn vốn:

Đối với mỗi gói thầu phải nêu rõ nguồn vốn đã được xác định hoặc phê duyệt. Trường hợp sử dụng vốn ODA, vốn vay ưu đãi của nhà tài trợ nước ngoài thì phải ghi rõ tên nhà tài trợ và cơ cấu nguồn vốn, bao gồm vốn tài trợ, vốn đối ứng trong nước. Đối với dự toán mua sắm, trường hợp gói thầu có thời gian thực hiện dài hơn 01 năm, nguồn vốn có thể được xác định trên cơ sở dự toán mua sắm của năm ngân sách và dự kiến dự toán mua sắm của các năm ngân sách tiếp theo.

4. Hình thức và phương thức lựa chọn nhà thầu:"
386cf97d-0e6e-4a79-b849-4882e5fb33a9,download.pdf,N/A,general,499,"4. Hình thức và phương thức lựa chọn nhà thầu:

a) Đối với mỗi gói thầu phải xác định cụ thể hình thức và phương thức lựa chọn nhà thầu; lựa chọn nhà thầu trong nước hoặc quốc tế; áp dụng hoặc không áp dụng lựa chọn nhà thầu qua mạng;

b) Đối với dự án áp dụng kế hoạch tổng thể lựa chọn nhà thầu, ghi theo nội dung phù hợp với kế hoạch tổng thể lựa chọn nhà thầu.

5. Thời gian tổ chức lựa chọn nhà thầu:

about:blank    27/61


---



1/13/26, 9:03 AM                                   about:blank"
14d990db-31aa-4e44-b565-13386bd338a4,download.pdf,N/A,general,605,"5. Thời gian tổ chức lựa chọn nhà thầu:

about:blank    27/61


---



1/13/26, 9:03 AM                                   about:blank

Kế hoạch lựa chọn nhà thầu phải nêu rõ thời gian tổ chức lựa chọn nhà thầu và thời gian bắt đầu tổ chức lựa chọn nhà thầu. Thời gian bắt đầu tổ chức lựa chọn nhà thầu được tính từ khi phát hành hồ sơ mời thầu, hồ sơ yêu cầu, được ghi rõ theo tháng hoặc quý trong năm. Trường hợp đấu thầu rộng rãi có áp dụng thủ tục lựa chọn danh sách ngắn, thời gian bắt đầu tổ chức lựa chọn nhà thầu được tính từ khi phát hành hồ sơ mời quan tâm, hồ sơ mời sơ tuyển.

6. Loại hợp đồng:"
a8adebc6-f0cc-4e7d-a1f3-ba115dad027c,download.pdf,N/A,general,780,"6. Loại hợp đồng:

a) Kế hoạch lựa chọn nhà thầu phải xác định cụ thể loại hợp đồng theo quy định tại Điều 64 của Luật này để làm căn cứ lập hồ sơ mời quan tâm, hồ sơ mời sơ tuyển, hồ sơ mời thầu, hồ sơ yêu cầu; ký kết hợp đồng;

b) Đối với dự án áp dụng kế hoạch tổng thể lựa chọn nhà thầu, ghi theo nội dung phù hợp với kế hoạch tổng thể lựa chọn nhà thầu.

7. Thời gian thực hiện gói thầu:

Thời gian thực hiện gói thầu được tính từ ngày hợp đồng có hiệu lực đến ngày nghiệm thu hoàn thành công trình, hàng hóa (bao gồm cả dịch vụ liên quan, nếu có), dịch vụ phi tư vấn, tư vấn. Thời gian thực hiện gói thầu được tính theo số ngày, số tuần, số tháng hoặc số năm, không bao gồm thời gian hoàn thành nghĩa vụ bảo hành, thời gian giám sát tác giả đối với gói thầu tư vấn (nếu có)."
7e6704fc-3bfe-4c93-997b-990682a58789,download.pdf,N/A,general,785,"8. Tùy chọn mua thêm (nếu có):

a) Tùy chọn mua thêm là khả năng chủ đầu tư mua bổ sung hàng hóa, dịch vụ tư vấn, dịch vụ phi tư vấn của gói thầu ngoài khối lượng nêu trong hợp đồng;

b) Trường hợp gói thầu áp dụng tùy chọn mua thêm, kế hoạch lựa chọn nhà thầu phải ghi rõ khối lượng, số lượng, giá trị ước tính của phần tùy chọn mua thêm;

c) Tùy chọn mua thêm được thực hiện khi đáp ứng đủ các điều kiện: nhà thầu đã trúng thầu thông qua đấu thầu rộng rãi, đàm phán giá; khối lượng mua thêm không vượt 30% của khối lượng hạng mục tương ứng nêu trong hợp đồng; có dự toán được phê duyệt đối với khối lượng mua thêm; đơn giá của hàng hóa, dịch vụ mua thêm không được vượt đơn giá của các hàng hóa, dịch vụ tương ứng trong hợp đồng; chỉ áp dụng trong thời gian có hiệu lực của hợp đồng."
c70686df-cd33-4370-9758-c01d7d861904,download.pdf,N/A,general,40,9. Giám sát hoạt động đấu thầu (nếu có).
1b0575dc-331f-4ebf-873c-c22fab07df96,download.pdf,N/A,general,795,"## Điều 40. Phê duyệt kế hoạch lựa chọn nhà thầu đối với dự án

1. Hồ sơ trình duyệt kế hoạch lựa chọn nhà thầu bao gồm những nội dung sau đây:

a) Phần công việc đã thực hiện, bao gồm nội dung công việc liên quan đến chuẩn bị dự án, các gói thầu thực hiện trước với giá trị tương ứng và căn cứ pháp lý để thực hiện;

b) Phần công việc không áp dụng được một trong các hình thức lựa chọn nhà thầu;

c) Phần công việc thuộc kế hoạch lựa chọn nhà thầu, bao gồm nội dung công việc và giá trị tương ứng hình thành các gói thầu được thực hiện theo một trong các hình thức lựa chọn nhà thầu quy định tại các điều 21, 22, 23, 24, 25, 26, 27, 28 và 29 của Luật này;

d) Phần công việc chưa đủ điều kiện lập kế hoạch lựa chọn nhà thầu (nếu có), trong đó nêu rõ nội dung và giá trị của phần công việc này;"
e59479f8-1612-4866-8763-9c9eae530ed7,download.pdf,N/A,general,706,"d) Phần công việc chưa đủ điều kiện lập kế hoạch lựa chọn nhà thầu (nếu có), trong đó nêu rõ nội dung và giá trị của phần công việc này;

đ) Phần tổng hợp giá trị của các phần công việc quy định tại các điểm a, b, c và d khoản này. Tổng giá trị của phần này không được vượt tổng mức đầu tư của dự án;

about:blank                                                                                                28/61


---



1/13/26, 9:03 AM                                    about:blank

e) Nội dung khác có liên quan.

2. Thẩm quyền phê duyệt kế hoạch lựa chọn nhà thầu:

a) Chủ đầu tư tổ chức lập và phê duyệt kế hoạch lựa chọn nhà thầu trong trường hợp đã phê duyệt kế hoạch tổng thể lựa chọn nhà thầu;"
d00080a0-a415-45a4-9c75-371bcdda582a,download.pdf,N/A,general,687,"a) Chủ đầu tư tổ chức lập và phê duyệt kế hoạch lựa chọn nhà thầu trong trường hợp đã phê duyệt kế hoạch tổng thể lựa chọn nhà thầu;

b) Người có thẩm quyền xem xét, phê duyệt kế hoạch lựa chọn nhà thầu đối với dự án không áp dụng kế hoạch tổng thể lựa chọn nhà thầu hoặc ủy quyền cho chủ đầu tư, cơ quan, đơn vị thuộc phạm vi quản lý phê duyệt, trừ trường hợp quy định tại điểm c khoản này;

c) Chủ đầu tư hoặc người đứng đầu đơn vị được giao nhiệm vụ chuẩn bị dự án trong trường hợp chưa xác định được chủ đầu tư phê duyệt kế hoạch lựa chọn nhà thầu của gói thầu đấu thầu trước theo quy định tại Điều 42 của Luật này hoặc gói thầu cần thực hiện trước khi có quyết định phê duyệt dự án."
7fc0a8c0-677a-4276-8287-cac2513eeced,download.pdf,N/A,general,546,"3. Người phê duyệt kế hoạch lựa chọn nhà thầu quy định tại khoản 2 Điều này tổ chức thẩm định các nội dung theo quy định tại Điều 39 của Luật này trước khi phê duyệt.

**Điều 41. Phê duyệt kế hoạch lựa chọn nhà thầu đối với dự toán mua sắm**

1. Hồ sơ trình duyệt kế hoạch lựa chọn nhà thầu bao gồm những nội dung sau đây:

a) Phần công việc đã thực hiện, bao gồm nội dung công việc của gói thầu thực hiện trước với giá trị tương ứng và căn cứ pháp lý để thực hiện;

b) Phần công việc không áp dụng được một trong các hình thức lựa chọn nhà thầu;"
0df9d265-9676-4d35-85fd-932462856fd4,download.pdf,N/A,general,659,"b) Phần công việc không áp dụng được một trong các hình thức lựa chọn nhà thầu;

c) Phần công việc thuộc kế hoạch lựa chọn nhà thầu, bao gồm nội dung công việc và giá trị tương ứng hình thành gói thầu được thực hiện theo một trong các hình thức lựa chọn nhà thầu quy định tại các điều 21, 22, 23, 24, 25, 26, 27, 28 và 29 của Luật này;

d) Phần công việc chưa đủ điều kiện lập kế hoạch lựa chọn nhà thầu (nếu có), trong đó nêu rõ nội dung và giá trị của phần công việc này;

đ) Phần tổng hợp giá trị của các phần công việc quy định tại các điểm a, b, c và d khoản này. Tổng giá trị của phần này không được vượt dự toán mua sắm;

e) Nội dung khác có liên quan."
3597e166-6483-4658-95fb-60e7fe20510a,download.pdf,N/A,general,612,"e) Nội dung khác có liên quan.

2. Người có thẩm quyền phê duyệt kế hoạch lựa chọn nhà thầu hoặc ủy quyền cho chủ đầu tư, cơ quan, đơn vị thuộc phạm vi quản lý phê duyệt kế hoạch lựa chọn nhà thầu.

3. Người phê duyệt kế hoạch lựa chọn nhà thầu quy định tại khoản 2 Điều này tổ chức thẩm định các nội dung theo quy định tại Điều 39 của Luật này trước khi phê duyệt.

**Điều 42. Đấu thầu trước**

1. Đấu thầu trước đối với gói thầu lựa chọn nhà thầu thực hiện dự án sử dụng vốn ODA, vốn vay ưu đãi của nhà tài trợ nước ngoài thực hiện theo điều ước quốc tế, thỏa thuận về vốn ODA và vốn vay ưu đãi đã được ký kết."
ffb7332f-aa52-46b5-8ec5-8daa42b36b06,download.pdf,N/A,general,506,"Các hoạt động thực hiện trước khi ký kết điều ước quốc tế, thỏa thuận về vốn ODA và vốn vay ưu đãi của nhà tài trợ nước ngoài gồm: lập, trình duyệt, thẩm định, phê duyệt kế hoạch lựa chọn nhà thầu, hồ sơ mời quan tâm, hồ sơ mời sơ tuyển, hồ sơ mời thầu, hồ sơ yêu cầu, xác định danh sách ngắn.

about:blank    29/61


---



1/13/26, 9:03 AM                                    about:blank

2. Các hoạt động quy định tại khoản 1 Điều này được thực hiện theo quy định tại điểm a khoản 1 Điều 43 của Luật này."
ea37a39a-d531-4b4a-9126-85cf01b31f56,download.pdf,N/A,general,14,"## Chương IV

"
c862e659-a993-4e45-9694-69bb6aac7b55,download.pdf,N/A,general,54,"### QUY TRÌNH, THỦ TỤC LỰA CHỌN NHÀ THẦU, NHÀ ĐẦU TƯ

"
7d38f2eb-1027-419a-b25b-4b262d164748,download.pdf,N/A,general,48,"## Mục 1. QUY TRÌNH, THỦ TỤC LỰA CHỌN NHÀ THẦU

"
a6a8cbad-9bca-4638-9eb8-c4087059925b,download.pdf,N/A,general,771,"### Điều 43. Quy trình, thủ tục lựa chọn nhà thầu

1. Quy trình, thủ tục lựa chọn nhà thầu đối với đấu thầu rộng rãi, đấu thầu hạn chế bao gồm các bước sau đây:

a) Chuẩn bị lựa chọn nhà thầu;

b) Tổ chức lựa chọn nhà thầu;

c) Đánh giá hồ sơ dự thầu;

d) Thương thảo hợp đồng đối với gói thầu cung cấp dịch vụ tư vấn.

Đối với gói thầu mua sắm hàng hóa, xây lắp, cung cấp dịch vụ phi tư vấn áp dụng đấu thầu quốc tế, gói thầu hỗn hợp và gói thầu có yêu cầu kỹ thuật cao, trường hợp cần thiết, bên mời thầu có thể thương thảo hợp đồng với nhà thầu xếp hạng thứ nhất;

đ) Trình, thẩm định, phê duyệt, công khai kết quả lựa chọn nhà thầu và giải thích lý do nhà thầu không trúng thầu theo yêu cầu của nhà thầu (nếu có);

e) Hoàn thiện, ký kết và quản lý thực hiện hợp đồng."
72d0edff-26c6-4a96-bdd7-e91189e99d26,download.pdf,N/A,general,738,"e) Hoàn thiện, ký kết và quản lý thực hiện hợp đồng.

2. Quy trình, thủ tục lựa chọn nhà thầu đối với chỉ định thầu bao gồm các bước sau đây:

a) Chuẩn bị lựa chọn nhà thầu;

b) Tổ chức lựa chọn nhà thầu;

c) Đánh giá hồ sơ đề xuất và thương thảo về đề xuất của một hoặc các nhà thầu (nếu có);

d) Trình, thẩm định, phê duyệt và công khai kết quả lựa chọn nhà thầu;

đ) Hoàn thiện, ký kết và quản lý thực hiện hợp đồng.

Đối với trường hợp quy định tại điểm m khoản 1 Điều 23 của Luật này, người có thẩm quyền có thể quyết định áp dụng quy trình rút gọn bao gồm các bước sau: chuẩn bị và gửi dự thảo hợp đồng cho nhà thầu; hoàn thiện hợp đồng; trình, phê duyệt và công khai kết quả lựa chọn nhà thầu; ký kết và quản lý thực hiện hợp đồng."
770a93a1-5503-4e4e-a076-7896bf8c1112,download.pdf,N/A,general,780,"3. Quy trình, thủ tục lựa chọn nhà thầu đối với chào hàng cạnh tranh bao gồm các bước sau đây:

a) Chuẩn bị lựa chọn nhà thầu;

b) Tổ chức lựa chọn nhà thầu;

c) Đánh giá hồ sơ dự thầu;

about:blank    30/61


---



1/13/26, 9:03 AM                                    about:blank

d) Trình, thẩm định, phê duyệt, công khai kết quả lựa chọn nhà thầu và giải thích lý do nhà thầu không trúng thầu theo yêu cầu của nhà thầu (nếu có);

đ) Hoàn thiện, ký kết và quản lý thực hiện hợp đồng.

4. Quy trình, thủ tục lựa chọn nhà thầu đối với mua sắm trực tiếp bao gồm các bước sau đây:

a) Chuẩn bị lựa chọn nhà thầu;

b) Tổ chức lựa chọn nhà thầu;

c) Đánh giá hồ sơ đề xuất và thương thảo về đề xuất của nhà thầu;

d) Trình, thẩm định, phê duyệt và công khai kết quả lựa chọn nhà thầu;"
9010a50c-18be-47d9-a3df-c59e0a4b4f4c,download.pdf,N/A,general,513,"c) Đánh giá hồ sơ đề xuất và thương thảo về đề xuất của nhà thầu;

d) Trình, thẩm định, phê duyệt và công khai kết quả lựa chọn nhà thầu;

đ) Hoàn thiện, ký kết và quản lý thực hiện hợp đồng.

5. Quy trình, thủ tục lựa chọn nhà thầu đối với tự thực hiện bao gồm các bước sau đây:

a) Chuẩn bị phương án tự thực hiện, bao gồm dự thảo thỏa thuận giao việc;

b) Hoàn thiện phương án tự thực hiện;

c) Phê duyệt và công khai kết quả lựa chọn nhà thầu;

d) Ký kết thỏa thuận giao việc; quản lý việc thực hiện gói thầu."
5cd8119f-662c-4302-b0eb-5c7da5a68c0f,download.pdf,N/A,general,708,"c) Phê duyệt và công khai kết quả lựa chọn nhà thầu;

d) Ký kết thỏa thuận giao việc; quản lý việc thực hiện gói thầu.

6. Lựa chọn tư vấn cá nhân được áp dụng khi công việc của gói thầu chỉ yêu cầu một hoặc một số chuyên gia có kinh nghiệm, năng lực thực hiện mà không cần sự tham gia của tổ chức, không yêu cầu các điều kiện để thực hiện công việc như đối với nhà thầu là tổ chức. Quy trình, thủ tục lựa chọn tư vấn cá nhân bao gồm các bước sau đây:

a) Chuẩn bị lựa chọn nhà thầu;

b) Tổ chức lựa chọn nhà thầu;

c) Đánh giá hồ sơ lý lịch khoa học của nhà thầu tư vấn cá nhân;

d) Thương thảo hợp đồng;

đ) Trình, phê duyệt và công khai kết quả lựa chọn nhà thầu;

e) Ký kết và quản lý thực hiện hợp đồng."
f3c20a53-b2ef-46b2-b628-02e16032b32c,download.pdf,N/A,general,704,"d) Thương thảo hợp đồng;

đ) Trình, phê duyệt và công khai kết quả lựa chọn nhà thầu;

e) Ký kết và quản lý thực hiện hợp đồng.

7. Quy trình, thủ tục lựa chọn nhà thầu đối với gói thầu có sự tham gia thực hiện của cộng đồng bao gồm các bước sau đây:

a) Chuẩn bị phương án lựa chọn cộng đồng dân cư, tổ, nhóm thợ tại địa phương để triển khai thực hiện gói thầu;

b) Tổ chức lựa chọn;

c) Phê duyệt và công khai kết quả lựa chọn;

d) Hoàn thiện, ký kết và quản lý thực hiện hợp đồng.

8. Chính phủ quy định chi tiết Điều này.

about:blank                                                                                            31/61


---



1/13/26, 9:03 AM                                about:blank"
592e419e-690f-424b-ba6b-8ddae826b386,download.pdf,N/A,general,763,"## Điều 44. Nội dung hồ sơ mời thầu đối với lựa chọn nhà thầu

1. Hồ sơ mời thầu bao gồm:

a) Chỉ dẫn nhà thầu, tùy chọn mua thêm (nếu có);

b) Bảng dữ liệu đấu thầu;

c) Tiêu chuẩn đánh giá về tính hợp lệ của hồ sơ dự thầu; năng lực, kinh nghiệm của nhà thầu; kỹ thuật; tài chính, thương mại; uy tín của nhà thầu thông qua việc tham dự thầu, thực hiện các hợp đồng tương tự trước đó và chất lượng hàng hóa tương tự đã sử dụng.

Trường hợp sử dụng nhà thầu phụ đặc biệt, hồ sơ mời thầu phải nêu rõ phạm vi công việc và yêu cầu về năng lực, kinh nghiệm của nhà thầu phụ đặc biệt;

d) Biểu mẫu mời thầu và dự thầu;

đ) Phạm vi cung cấp, yêu cầu về kỹ thuật, điều khoản tham chiếu;

e) Điều kiện và biểu mẫu hợp đồng;

g) Các hồ sơ, bản vẽ và nội dung khác (nếu có)."
db464a7c-5e0b-451e-b135-aaab5574d91a,download.pdf,N/A,general,700,"e) Điều kiện và biểu mẫu hợp đồng;

g) Các hồ sơ, bản vẽ và nội dung khác (nếu có).

2. Hồ sơ mời thầu được nêu xuất xứ theo nhóm nước, vùng lãnh thổ. Trường hợp gói thầu thuộc quy định tại điểm đ khoản 1 Điều 23 và đáp ứng đủ điều kiện áp dụng hình thức chỉ định thầu theo quy định tại khoản 3 Điều 23 của Luật này nhưng người có thẩm quyền quyết định áp dụng hình thức đấu thầu rộng rãi, đấu thầu hạn chế, chào hàng cạnh tranh để lựa chọn nhà thầu thì hồ sơ mời thầu được quy định về xuất xứ, nhãn hiệu của hàng hóa.

3. Hồ sơ mời thầu không được nêu bất cứ điều kiện nào nhằm hạn chế sự tham gia của nhà thầu hoặc nhằm tạo lợi thế cho một hoặc một số nhà thầu gây ra sự cạnh tranh không bình đẳng."
df2188ee-c2c7-4fae-b094-3777a33259dc,download.pdf,N/A,general,173,"4. Trường hợp hồ sơ mời thầu có các nội dung vi phạm quy định tại khoản 3 Điều này thì các nội dung này sẽ bị coi là vô hiệu, không phải là căn cứ để đánh giá hồ sơ dự thầu."
c873d5da-3413-41ef-9b55-2aaf271056ec,download.pdf,N/A,general,357,"## Điều 45. Thời gian tổ chức lựa chọn nhà thầu

1. Thời gian tổ chức lựa chọn nhà thầu được quy định như sau:

a) Thời gian chuẩn bị hồ sơ quan tâm, hồ sơ dự sơ tuyển tối thiểu là 09 ngày đối với đấu thầu trong nước, 18 ngày đối với đấu thầu quốc tế kể từ ngày đầu tiên hồ sơ mời quan tâm, hồ sơ mời sơ tuyển được phát hành đến ngày có thời điểm đóng thầu;"
7185ec71-a09e-4baa-97e9-512365a2007e,download.pdf,N/A,general,700,"b) Thời gian chuẩn bị hồ sơ dự thầu đối với đấu thầu rộng rãi, đấu thầu hạn chế tối thiểu là 18 ngày đối với đấu thầu trong nước, 35 ngày đối với đấu thầu quốc tế kể từ ngày đầu tiên hồ sơ mời thầu được phát hành đến ngày có thời điểm đóng thầu; đối với gói thầu xây lắp, hỗn hợp có giá gói thầu không quá 20 tỷ đồng, gói thầu mua sắm hàng hóa, dịch vụ phi tư vấn có giá gói thầu không quá 10 tỷ đồng thì thời gian chuẩn bị hồ sơ dự thầu tối thiểu là 09 ngày đối với đấu thầu trong nước, 18 ngày đối với đấu thầu quốc tế;

c) Thời gian chuẩn bị hồ sơ dự thầu đối với chào hàng cạnh tranh tối thiểu là 05 ngày làm việc kể từ ngày đầu tiên hồ sơ mời thầu được phát hành đến ngày có thời điểm đóng thầu;"
8723a135-5f0c-49b9-b1a7-92cf996c5030,download.pdf,N/A,general,551,"d) Trường hợp gói thầu đủ điều kiện áp dụng hình thức chỉ định thầu theo quy định tại điểm a, b và c khoản 1 Điều 23 của Luật này nhưng người có thẩm quyền quyết định áp dụng hình thức đấu thầu rộng rãi để lựa chọn nhà thầu thì thời gian chuẩn bị hồ sơ dự thầu tối thiểu là 09 ngày kể từ ngày đầu tiên hồ sơ mời thầu được phát hành đến ngày có thời điểm đóng thầu;

about:blank                                                                                               32/61


---



1/13/26, 9:03 AM                                     about:blank"
75e5427b-d089-4684-ad66-0a11cc69a9c9,download.pdf,N/A,general,774,"---



1/13/26, 9:03 AM                                     about:blank

đ) Việc sửa đổi hồ sơ mời thầu được thực hiện trong thời gian tối thiểu là 10 ngày trước ngày có thời điểm đóng thầu; đối với gói thầu xây lắp, hỗn hợp có giá gói thầu không quá 20 tỷ đồng, gói thầu mua sắm hàng hóa, dịch vụ phi tư vấn có giá gói thầu không quá 10 tỷ đồng, việc sửa đổi hồ sơ mời thầu được thực hiện trong thời gian tối thiểu là 03 ngày làm việc trước ngày có thời điểm đóng thầu. Việc sửa đổi hồ sơ mời quan tâm, hồ sơ mời sơ tuyển được thực hiện trong thời gian tối thiểu là 03 ngày làm việc trước ngày có thời điểm đóng thầu.

2. Hồ sơ mời quan tâm, hồ sơ mời sơ tuyển, hồ sơ mời thầu được phát hành đồng thời với thông báo mời quan tâm, thông báo mời sơ tuyển, thông báo mời thầu."
d665f5f0-cdc0-4265-b166-2fb729797d5d,download.pdf,N/A,general,203,"3. Đối với các công việc khác ngoài quy định tại khoản 1 và khoản 2 Điều này, người có thẩm quyền, chủ đầu tư có trách nhiệm quyết định thời gian thực hiện trên cơ sở bảo đảm tiến độ của dự án, gói thầu."
5ac0c96a-a038-4f8c-bad3-016c79ecfa8d,download.pdf,N/A,general,50,"## Mục 2. QUY TRÌNH, THỦ TỤC LỰA CHỌN NHÀ ĐẦU TƯ

"
e233a8a7-af04-4edb-a147-1ac8ca3a1f88,download.pdf,N/A,general,731,"### Điều 46. Quy trình, thủ tục lựa chọn nhà đầu tư

1. Quy trình lựa chọn nhà đầu tư bao gồm các bước sau đây:

a) Công bố dự án đầu tư kinh doanh;

b) Chuẩn bị đấu thầu lựa chọn nhà đầu tư gồm: lập, thẩm định, phê duyệt hồ sơ mời thầu;

c) Tổ chức đấu thầu lựa chọn nhà đầu tư gồm: mời thầu; phát hành, sửa đổi, làm rõ hồ sơ mời thầu; chuẩn bị, nộp, tiếp nhận, quản lý, sửa đổi, rút, thay thế hồ sơ dự thầu;

d) Đánh giá hồ sơ dự thầu gồm: mở thầu; kiểm tra, đánh giá tính hợp lệ của hồ sơ dự thầu; đánh giá chi tiết hồ sơ dự thầu;

đ) Trình, thẩm định, phê duyệt, công khai kết quả lựa chọn nhà đầu tư; giải thích lý do nhà đầu tư không trúng thầu theo yêu cầu của nhà đầu tư (nếu có);

e) Đàm phán, hoàn thiện, ký kết hợp đồng."
eae9ffdb-1688-4f67-8651-ba6000e2b620,download.pdf,N/A,general,540,"e) Đàm phán, hoàn thiện, ký kết hợp đồng.

2. Trường hợp pháp luật về đất đai, pháp luật về quản lý ngành, lĩnh vực quy định phải đấu thầu lựa chọn nhà đầu tư khi có từ 02 nhà đầu tư trở lên quan tâm, ngoài các bước quy định tại khoản 1 Điều này, cơ quan có thẩm quyền lập hồ sơ mời quan tâm, thông báo mời quan tâm, tổ chức đánh giá hồ sơ đăng ký thực hiện dự án và phê duyệt kết quả mời quan tâm trước khi thực hiện bước chuẩn bị đấu thầu lựa chọn nhà đầu tư quy định tại điểm b khoản 1 Điều này.

3. Chính phủ quy định chi tiết Điều này."
b3f02de0-58a9-4c55-a69a-67ca85fe3d55,download.pdf,N/A,general,671,"### Điều 47. Công bố dự án đầu tư kinh doanh

1. Cơ quan có thẩm quyền công bố dự án đầu tư kinh doanh trên Hệ thống mạng đấu thầu quốc gia làm cơ sở tổ chức lựa chọn nhà đầu tư.

2. Nội dung công bố dự án đầu tư kinh doanh bao gồm:

a) Quyết định chấp thuận chủ trương đầu tư (nếu có);

b) Tên dự án; mục tiêu; quy mô đầu tư; vốn đầu tư;

c) Địa điểm thực hiện dự án; hiện trạng sử dụng đất, diện tích khu đất thực hiện dự án; mục đích sử dụng đất; các chỉ tiêu quy hoạch được duyệt;

about:blank                                                                                               33/61


---



1/13/26, 9:03 AM                                     about:blank"
074ad162-526b-4de8-888d-137b66f12b90,download.pdf,N/A,general,783,"---



1/13/26, 9:03 AM                                     about:blank

d) Thời hạn, tiến độ thực hiện dự án; sơ bộ phương án phân kỳ đầu tư hoặc phân chia dự án thành phần (nếu có); tiến độ thực hiện dự án theo từng giai đoạn (nếu có);

đ) Tên bên mời thầu; hình thức và phương thức lựa chọn nhà đầu tư; thời gian bắt đầu tổ chức lựa chọn nhà đầu tư;

e) Nội dung khác có liên quan.

**Điều 48. Nội dung hồ sơ mời thầu đối với lựa chọn nhà đầu tư**

1. Hồ sơ mời thầu bao gồm:

a) Chỉ dẫn nhà đầu tư;

b) Bảng dữ liệu đấu thầu;

c) Nội dung kiểm tra, đánh giá tính hợp lệ của hồ sơ dự thầu;

d) Phương pháp và tiêu chuẩn đánh giá về năng lực, kinh nghiệm của nhà đầu tư; phương án đầu tư kinh doanh; hiệu quả sử dụng đất hoặc hiệu quả đầu tư phát triển ngành, lĩnh vực, địa phương;"
b3b5f3c5-edc3-4f74-98ef-e1f05264097b,download.pdf,N/A,general,730,"đ) Biểu mẫu mời thầu và dự thầu;

e) Thông tin và yêu cầu thực hiện dự án đầu tư kinh doanh;

g) Dự thảo hợp đồng, biểu mẫu hợp đồng;

h) Nội dung khác có liên quan.

2. Hồ sơ mời thầu không được nêu bất cứ điều kiện nào nhằm hạn chế sự tham gia của nhà đầu tư hoặc nhằm tạo lợi thế cho một hoặc một số nhà đầu tư gây ra sự cạnh tranh không bình đẳng.

**Điều 49. Thời gian tổ chức lựa chọn nhà đầu tư**

1. Đối với đấu thầu trong nước, thời gian chuẩn bị hồ sơ dự thầu tối thiểu là 45 ngày kể từ ngày đầu tiên phát hành hồ sơ mời thầu đến ngày có thời điểm đóng thầu.

2. Đối với đấu thầu quốc tế, thời gian chuẩn bị hồ sơ dự thầu tối thiểu là 60 ngày kể từ ngày đầu tiên phát hành hồ sơ mời thầu đến ngày có thời điểm đóng thầu."
0a88696f-d24d-4581-9807-d1820a00426a,download.pdf,N/A,general,613,"3. Đối với các công việc khác ngoài quy định tại khoản 1 và khoản 2 Điều này, người có thẩm quyền, bên mời thầu có trách nhiệm quyết định thời gian thực hiện trên cơ sở bảo đảm tiến độ thực hiện của dự án đầu tư kinh doanh.

**Mục 3. ĐẤU THẦU QUA MẠNG**

**Điều 50. Lựa chọn nhà thầu, nhà đầu tư qua mạng**

1. Đấu thầu rộng rãi, đấu thầu hạn chế, chào hàng cạnh tranh trong nước phải thực hiện trên Hệ thống mạng đấu thầu quốc gia theo lộ trình sau đây:

a) Từ ngày Luật này có hiệu lực thi hành đến hết ngày 31 tháng 12 năm 2024, việc đấu thầu qua mạng hoặc không qua mạng thực hiện theo quy định của Chính phủ;"
d80e1cb0-2759-46d6-9fcc-984642565e05,download.pdf,N/A,general,768,"b) Từ ngày 01 tháng 01 năm 2025, áp dụng đấu thầu qua mạng đối với tất cả các gói thầu, trừ trường hợp không đấu thầu trên Hệ thống mạng đấu thầu quốc gia theo quy định tại khoản 5 Điều này.

about:blank                                                                                                34/61


---



1/13/26, 9:03 AM                                       about:blank

2. Các nội dung lựa chọn nhà thầu, nhà đầu tư được thực hiện trên Hệ thống mạng đấu thầu quốc gia bao gồm:

a) Đăng tải thông tin về lựa chọn nhà thầu, nhà đầu tư;

b) Lập, thẩm định, phê duyệt hồ sơ mời sơ tuyển, hồ sơ mời quan tâm, hồ sơ mời thầu, hồ sơ yêu cầu;

c) Lập, nộp hồ sơ dự sơ tuyển, hồ sơ quan tâm, hồ sơ đăng ký thực hiện dự án, hồ sơ dự thầu, hồ sơ đề xuất;

d) Mở thầu;"
a18f7a7d-7ae8-4b5c-b037-48edddf52c48,download.pdf,N/A,general,728,"c) Lập, nộp hồ sơ dự sơ tuyển, hồ sơ quan tâm, hồ sơ đăng ký thực hiện dự án, hồ sơ dự thầu, hồ sơ đề xuất;

d) Mở thầu;

đ) Đánh giá hồ sơ dự sơ tuyển, hồ sơ quan tâm, hồ sơ dự thầu, hồ sơ đề xuất, mời thương thảo hợp đồng, thẩm định, phê duyệt kết quả lựa chọn nhà thầu;

e) Thỏa thuận liên danh, bảo lãnh dự thầu điện tử, bảo lãnh thực hiện hợp đồng điện tử;

g) Làm rõ các nội dung trong đấu thầu;

h) Gửi và nhận đơn kiến nghị;

i) Hợp đồng điện tử;

k) Thanh toán điện tử.

3. Văn bản điện tử trên Hệ thống mạng đấu thầu quốc gia có giá trị theo quy định của pháp luật về giao dịch điện tử, làm cơ sở đối chiếu, so sánh, xác thực thông tin phục vụ công tác đánh giá, thẩm định, thanh tra, kiểm tra, kiểm toán và giải ngân."
86f0d4d1-b7f5-41d5-9648-f4ed6cabd699,download.pdf,N/A,general,668,"4. Chi phí trong đấu thầu qua mạng bao gồm: chi phí tham gia Hệ thống mạng đấu thầu quốc gia; chi phí đăng tải thông tin về đấu thầu theo quy định tại điểm c khoản 1 và điểm c khoản 2 Điều 15 của Luật này, tham dự thầu, ký kết hợp đồng và các chi phí khác khi đấu thầu trên Hệ thống mạng đấu thầu quốc gia.

5. Chính phủ quy định việc kết nối, chia sẻ thông tin theo quy định tại khoản 6 Điều 51 của Luật này; kỹ thuật đấu thầu qua mạng phù hợp với tính năng và sự phát triển của Hệ thống mạng đấu thầu quốc gia; quy trình, thủ tục, chi phí đấu thầu qua mạng; lộ trình lựa chọn nhà đầu tư qua mạng; những trường hợp không đấu thầu trên Hệ thống mạng đấu thầu quốc gia."
4adea591-02c9-4043-a84d-1652d94fcf2e,download.pdf,N/A,general,741,"## Điều 51. Yêu cầu đối với Hệ thống mạng đấu thầu quốc gia

1. Công khai, không hạn chế truy cập, tiếp cận đối với thông tin được đăng tải công khai trên Hệ thống mạng đấu thầu quốc gia.

2. Nguồn thời gian của Hệ thống mạng đấu thầu quốc gia được xác định theo quy định của pháp luật về nguồn thời gian chuẩn quốc gia.

3. Hệ thống mạng đấu thầu quốc gia hoạt động liên tục, thống nhất, ổn định, an toàn thông tin, có khả năng xác thực người dùng, bảo mật và toàn vẹn dữ liệu.

4. Thực hiện ghi lại thông tin và truy xuất được lịch sử các giao dịch trên Hệ thống mạng đấu thầu quốc gia.

5. Bảo đảm nhà thầu, nhà đầu tư không thể gửi hồ sơ quan tâm, hồ sơ dự sơ tuyển, hồ sơ dự thầu, hồ sơ đề xuất đến bên mời thầu sau thời điểm đóng thầu."
8efa20fe-70e6-4f87-9ae5-8b8cdb566b39,download.pdf,N/A,general,632,"6. Các thông tin về nhà thầu, nhà đầu tư được kết nối, chia sẻ từ Hệ thống thông tin quốc gia về đăng ký doanh nghiệp, Hệ thống thông tin quản lý thuế, Hệ thống thông tin quản lý ngân sách, kho bạc và các hệ thống khác. Hệ thống mạng đấu thầu quốc gia được kết nối với các Cổng thông tin điện tử, Hệ thống công

about:blank                                                                                               35/61


---



1/13/26, 9:03 AM                                                    about:blank

nghệ thông tin khác để trao đổi, chia sẻ dữ liệu, thông tin phục vụ đấu thầu qua mạng và quản lý nhà nước về đấu thầu."
098e331c-a901-4c1b-963a-aecf671cace5,download.pdf,N/A,general,786,"## Điều 52. Trách nhiệm của tổ chức vận hành Hệ thống mạng đấu thầu quốc gia

1. Bảo đảm an toàn thông tin, an ninh mạng, bảo mật cơ sở dữ liệu của Hệ thống mạng đấu thầu quốc gia.

2. Bảo đảm tính toàn vẹn của các hồ sơ trên Hệ thống mạng đấu thầu quốc gia, ngăn chặn hành vi truy cập trái phép, thay thế hồ sơ bất hợp pháp.

3. Bảo đảm an toàn, an ninh, bảo mật cho người dùng và quản lý hồ sơ người dùng; có cơ chế ghi lại thông tin và truy xuất nguồn gốc thông tin theo thời gian, hành động trên Hệ thống mạng đấu thầu quốc gia.

4. Xây dựng Hệ thống mạng đấu thầu quốc gia bảo đảm tương thích với các hệ thống khác; giao diện thân thiện, đáp ứng tiêu chuẩn trong lĩnh vực công nghệ thông tin.

5. Quản trị rủi ro an toàn thông tin, an ninh mạng của Hệ thống mạng đấu thầu quốc gia."
55805e4f-795c-460b-8da5-eb076167433b,download.pdf,N/A,general,543,"5. Quản trị rủi ro an toàn thông tin, an ninh mạng của Hệ thống mạng đấu thầu quốc gia.

6. Không được sử dụng các thông tin về dự án, dự án đầu tư kinh doanh, gói thầu, chủ đầu tư, bên mời thầu, nhà thầu, nhà đầu tư và thông tin khác trên Hệ thống mạng đấu thầu quốc gia để phục vụ cho các mục đích không thuộc chức năng, nhiệm vụ của tổ chức vận hành Hệ thống.

7. Bảo đảm hệ thống phần cứng đáp ứng yêu cầu triển khai hoạt động đấu thầu.

8. Thực hiện trách nhiệm khác theo quy định của Luật này và quy định khác của pháp luật có liên quan."
7dd6327d-da8c-446d-b6d9-05b47d3ba915,download.pdf,N/A,general,13,"## Chương V

"
f0f07c90-f4a6-4f54-9093-85f9c0f6c2f2,download.pdf,N/A,general,110,"## MUA SẮM TẬP TRUNG; MUA THUỐC, HÓA CHẤT, VẬT TƯ XÉT NGHIỆM, THIẾT BỊ Y TẾ; CUNG CẤP SẢN PHẨM, DỊCH VỤ CÔNG

"
3ab0eb77-dc4e-4ac7-861d-e854a9262ed6,download.pdf,N/A,general,768,"## Điều 53. Mua sắm tập trung

1. Mua sắm tập trung được áp dụng khi đáp ứng đủ các điều kiện sau đây:

a) Hàng hóa, dịch vụ cần mua sắm với số lượng lớn, chủng loại tương tự ở một hoặc nhiều cơ quan, tổ chức, đơn vị.

Trường hợp mua thuốc hiếm, thuốc cần mua với số lượng ít có thể áp dụng hình thức mua sắm tập trung để bảo đảm có đủ thuốc phục vụ nhu cầu khám bệnh, chữa bệnh;

b) Thuộc danh mục hàng hóa, dịch vụ áp dụng mua sắm tập trung quy định tại khoản 2 Điều này.

2. Thẩm quyền ban hành danh mục hàng hóa, dịch vụ áp dụng mua sắm tập trung được quy định như sau:

a) Bộ trưởng Bộ Y tế ban hành danh mục mua sắm tập trung cấp quốc gia đối với thuốc; danh mục mua sắm tập trung cấp quốc gia đối với thiết bị y tế, vật tư xét nghiệm trong trường hợp cần thiết;"
7f9a7e8b-bd25-4207-8697-540dcd445767,download.pdf,N/A,general,776,"b) Bộ trưởng Bộ Tài chính ban hành danh mục hàng hóa, dịch vụ áp dụng mua sắm tập trung cấp quốc gia, trừ danh mục do Bộ trưởng Bộ Y tế ban hành theo quy định tại điểm a khoản này;

c) Bộ trưởng, Thủ trưởng cơ quan ngang Bộ, cơ quan thuộc Chính phủ, cơ quan khác ở Trung ương, Chủ tịch Ủy ban nhân dân cấp tỉnh, người đứng đầu doanh nghiệp nhà nước, doanh nghiệp do doanh nghiệp nhà nước nắm giữ 100% vốn điều lệ ban hành danh mục hàng hóa, dịch vụ áp dụng mua sắm tập trung (bao gồm cả danh mục thuốc, thiết bị y tế, vật tư xét nghiệm) thuộc phạm vi quản lý của mình, trừ hàng hóa, dịch vụ

about:blank                                                                                               36/61


---



1/13/26, 9:03 AM                                    about:blank"
7e70bd15-9e6f-4a34-873f-fbc88b9e7908,download.pdf,N/A,general,663,"---



1/13/26, 9:03 AM                                    about:blank

thuộc danh mục mua sắm tập trung cấp quốc gia do Bộ trưởng Bộ Y tế, Bộ trưởng Bộ Tài chính ban hành theo quy định tại điểm a và điểm b khoản này.

3. Mua sắm tập trung phải được thực hiện thông qua hình thức đấu thầu rộng rãi. Trường hợp hàng hóa thuộc danh mục mua sắm tập trung nhưng cần mua sắm để phòng, chống dịch bệnh theo quy định tại điểm c khoản 1 Điều 23 của Luật này thì được áp dụng hình thức chỉ định thầu. Trường hợp hàng hóa thuộc danh mục mua sắm tập trung đáp ứng điều kiện đàm phán giá theo quy định tại khoản 1 Điều 28 của Luật này thì được áp dụng hình thức đàm phán giá."
4f280da8-c55c-4288-9146-c53353922e4d,download.pdf,N/A,general,773,"4. Mua sắm tập trung được thực hiện ở cấp quốc gia, Bộ, cơ quan trung ương, địa phương, doanh nghiệp và thực hiện theo một trong hai cách thức sau đây:

a) Đơn vị mua sắm tập trung tiến hành lựa chọn nhà thầu, trực tiếp ký hợp đồng với nhà thầu được lựa chọn;

b) Đơn vị mua sắm tập trung tiến hành lựa chọn nhà thầu, ký văn bản thỏa thuận khung với một hoặc nhiều nhà thầu được lựa chọn làm cơ sở để đơn vị có nhu cầu mua sắm ký hợp đồng với nhà thầu được lựa chọn.

5. Đối với hàng hóa, dịch vụ không thuộc danh mục mua sắm tập trung nhưng nhiều cơ quan, tổ chức, đơn vị có nhu cầu mua sắm hàng hóa, dịch vụ cùng loại thì có thể gộp thành một gói thầu để một trong các cơ quan, tổ chức, đơn vị mua sắm hoặc để đơn vị có chức năng mua sắm tập trung thực hiện việc mua sắm."
b4655605-26b0-4d76-ac93-188e2be816db,download.pdf,N/A,general,267,"6. Đơn vị mua sắm tập trung thực hiện việc lựa chọn nhà thầu trên cơ sở nhiệm vụ được giao hoặc hợp đồng ký với các đơn vị có nhu cầu.

7. Chính phủ quy định chi tiết Điều này và quy định việc tổng hợp nhu cầu mua sắm tập trung của cơ sở khám bệnh, chữa bệnh tư nhân."
0fff3af7-6f74-4186-99b7-4931c8c34c1a,download.pdf,N/A,general,676,"## Điều 54. Thỏa thuận khung

1. Thỏa thuận khung trong mua sắm tập trung là thỏa thuận giữa đơn vị mua sắm tập trung với một hoặc nhiều nhà thầu được lựa chọn đối với gói thầu không chia phần hoặc đối với một phần của gói thầu chia phần.

2. Thỏa thuận khung quy định nội dung và điều kiện để làm cơ sở cho việc mua sắm theo từng hợp đồng cụ thể.

3. Thời hạn áp dụng thỏa thuận khung được quy định trong kế hoạch lựa chọn nhà thầu nhưng không quá 36 tháng. Tại thời điểm ký thỏa thuận khung, hồ sơ dự thầu của nhà thầu được lựa chọn còn hiệu lực.

4. Đối với nhà thầu liên danh, tất cả thành viên tham gia liên danh phải trực tiếp ký, đóng dấu (nếu có) vào thỏa thuận khung."
c1ad9680-c3d9-411c-a22d-5ab6a8bae3b8,download.pdf,N/A,general,617,"## Điều 55. Lựa chọn nhà thầu cung cấp thuốc, hóa chất, vật tư xét nghiệm, thiết bị y tế

1. Cơ sở khám bệnh, chữa bệnh có thể lựa chọn nhà thầu cung cấp hóa chất, vật tư xét nghiệm, thiết bị y tế theo một trong các cách thức sau đây:

a) Lựa chọn nhà thầu thực hiện gói thầu cung cấp hóa chất, vật tư xét nghiệm và nhà thầu trúng thầu chịu trách nhiệm cung cấp thiết bị y tế để sử dụng hóa chất, vật tư xét nghiệm đó theo yêu cầu của chủ đầu tư; nhà thầu không chuyển giao quyền sở hữu, chỉ chuyển giao quyền sử dụng thiết bị y tế cho cơ sở khám bệnh, chữa bệnh;

b) Lựa chọn nhà thầu theo số lượng dịch vụ kỹ thuật:"
c3215b5a-f100-4e7f-b898-3b304076c19f,download.pdf,N/A,general,568,"b) Lựa chọn nhà thầu theo số lượng dịch vụ kỹ thuật:

Nhà thầu cung cấp cho chủ đầu tư hoá chất, vật tư xét nghiệm, thiết bị y tế, linh kiện, phụ kiện thay thế và các dịch vụ liên quan để vận hành thiết bị y tế theo số lượng dịch vụ kỹ thuật mà chủ đầu tư, bên mời thầu

about:blank                                                                                                 37/61


---



1/13/26, 9:03 AM                                                    about:blank

yêu cầu trong hồ sơ mời thầu, hồ sơ yêu cầu, không cung cấp nhân công vận hành thiết bị y tế."
9343d521-f987-4f6f-944a-dbee92642814,download.pdf,N/A,general,741,"yêu cầu trong hồ sơ mời thầu, hồ sơ yêu cầu, không cung cấp nhân công vận hành thiết bị y tế.

Nhà thầu chỉ chuyển giao quyền sử dụng, không chuyển giao quyền sở hữu thiết bị y tế cho chủ đầu tư. Giá gói thầu và giá dự thầu được xác định trên cơ sở số lượng dịch vụ kỹ thuật dự kiến. Thời gian thực hiện hợp đồng không quá 05 năm;

c) Lựa chọn nhà thầu thực hiện gói thầu cung cấp thiết bị y tế, hóa chất, vật tư xét nghiệm: Nhà thầu chuyển giao quyền sở hữu thiết bị y tế và hóa chất, vật tư xét nghiệm cho chủ đầu tư kể từ khi hợp đồng giữa các bên có hiệu lực;

d) Lựa chọn nhà thầu cung cấp thiết bị y tế theo quy định của pháp luật về đấu thầu;

đ) Lựa chọn nhà thầu cung cấp hóa chất, vật tư xét nghiệm để vận hành thiết bị y tế đã có;"
4baf3b92-1bbe-4a1c-94ba-a848c06cfc01,download.pdf,N/A,general,468,"đ) Lựa chọn nhà thầu cung cấp hóa chất, vật tư xét nghiệm để vận hành thiết bị y tế đã có;

e) Lựa chọn nhà thầu cung cấp dịch vụ kỹ thuật theo quy định của Luật Khám bệnh, chữa bệnh.

2. Đối với việc mua thuốc không thuộc danh mục thuốc do quỹ bảo hiểm y tế chi trả, mua vắc xin để tiêm chủng theo hình thức dịch vụ, cơ sở khám bệnh, chữa bệnh, cơ sở y tế tự quyết định việc mua sắm trên cơ sở bảo đảm công khai, minh bạch, hiệu quả kinh tế và trách nhiệm giải trình."
52eaaa45-c3b6-4c5a-9cb1-3e1c212e6e45,download.pdf,N/A,general,750,"3. Trường hợp các cơ sở khám bệnh, chữa bệnh tư nhân không chọn áp dụng quy định của Luật này đối với mua thuốc, hóa chất, vật tư xét nghiệm, thiết bị y tế thì cơ sở khám bệnh, chữa bệnh đó chỉ được thanh toán từ nguồn quỹ bảo hiểm y tế theo đúng giá mặt hàng thuốc, hóa chất, vật tư xét nghiệm, thiết bị y tế theo đơn giá đã trúng thầu của các cơ sở khám bệnh, chữa bệnh công lập tuyến tỉnh, tuyến trung ương hoặc cơ sở khám bệnh, chữa bệnh cùng cấp chuyên môn kỹ thuật trên cùng địa bàn; nếu không có giá trúng thầu của cơ sở khám bệnh, chữa bệnh công lập tuyến tỉnh, tuyến trung ương hoặc cơ sở khám bệnh, chữa bệnh cùng cấp chuyên môn kỹ thuật trên cùng địa bàn thì thực hiện theo quy định của Chính phủ.

4. Chính phủ quy định chi tiết Điều này."
bd794384-ddfe-4023-824b-059c832c8188,download.pdf,N/A,general,828,"## Điều 56. Ưu đãi trong mua thuốc

1. Việc ưu đãi trong mua thuốc thực hiện theo quy định tại Điều 10 của Luật này và quy định sau đây:

a) Đối với thuốc có ít nhất 03 hãng trong nước sản xuất đáp ứng về tiêu chí kỹ thuật theo quy định của Bộ Y tế và về chất lượng, giá thì chủ đầu tư quyết định việc yêu cầu nhà thầu chào thuốc xuất xứ trong nước đối với mặt hàng này;

b) Đối với thuốc được Bộ Y tế công bố có ít nhất 03 hãng trong nước sản xuất trên dây chuyền sản xuất thuốc đáp ứng nguyên tắc, tiêu chuẩn EU-GMP hoặc tương đương EU-GMP và đáp ứng tiêu chí kỹ thuật theo quy định của Bộ Y tế và về chất lượng, giá, khả năng cung cấp thì trong hồ sơ mời thầu, hồ sơ yêu cầu phải quy định nhà thầu chỉ chào thầu thuốc xuất xứ trong nước.

2. Bộ Y tế có trách nhiệm công bố danh mục thuốc quy định tại điểm b khoản 1 Điều này."
be550a46-08ec-4dea-8450-46d9abf60b45,download.pdf,N/A,general,799,"## Điều 57. Lựa chọn nhà thầu cung cấp sản phẩm, dịch vụ công

1. Sản phẩm, dịch vụ công là sản phẩm, dịch vụ thiết yếu đối với đời sống kinh tế - xã hội của đất nước, cộng đồng dân cư hoặc bảo đảm quốc phòng, an ninh mà Nhà nước phải tổ chức thực hiện trong các lĩnh vực: giáo dục, đào tạo; giáo dục nghề nghiệp; y tế; văn hóa, thể thao và du lịch; thông tin và truyền thông; khoa học và công nghệ; tài nguyên và môi trường; giao thông vận tải; nông nghiệp và phát triển nông thôn; công thương; xây dựng; lao động, thương binh và xã hội; tư pháp và lĩnh vực khác theo quy định của pháp luật.

Sản phẩm, dịch vụ công bao gồm sản phẩm, dịch vụ công ích và dịch vụ sự nghiệp công.

about:blank                                                                                                 38/61


---"
0fb66e77-1562-4793-b317-e1ad876c4d25,download.pdf,N/A,general,501,"about:blank                                                                                                 38/61


---



1/13/26, 9:03 AM                                about:blank

2. Việc lựa chọn nhà thầu cung cấp sản phẩm, dịch vụ công được thực hiện theo quy định của Luật này.

3. Ngoài các hình thức lựa chọn nhà thầu quy định tại Chương II của Luật này, việc lựa chọn nhà thầu cung cấp sản phẩm, dịch vụ công được thực hiện theo hình thức đặt hàng, giao nhiệm vụ theo quy định của Chính phủ."
1ecf8f49-ecf3-4c74-a241-00e21a89f082,download.pdf,N/A,general,14,"## Chương VI

"
c77f066f-7a5c-4b18-aec3-2c76ab767839,download.pdf,N/A,evaluation,64,"### PHƯƠNG PHÁP ĐÁNH GIÁ HỒ SƠ DỰ THẦU VÀ XÉT DUYỆT TRÚNG THẦU

"
e307c93b-8eb7-40b7-8c26-60233266efd8,download.pdf,N/A,evaluation,653,"### Mục 1. PHƯƠNG PHÁP ĐÁNH GIÁ HỒ SƠ DỰ THẦU VÀ XÉT DUYỆT TRÚNG THẦU TRONG LỰA CHỌN NHÀ THẦU

#### Điều 58. Phương pháp đánh giá hồ sơ dự thầu đối với gói thầu cung cấp dịch vụ phi tư vấn, mua sắm hàng hóa, xây lắp, hỗn hợp

1. Phương pháp giá thấp nhất:

a) Phương pháp giá thấp nhất được áp dụng đối với gói thầu mà các đề xuất về kỹ thuật, tài chính, thương mại được coi là cùng một mặt bằng khi đáp ứng các yêu cầu của hồ sơ mời thầu;

b) Nhà thầu có hồ sơ dự thầu đáp ứng yêu cầu về kỹ thuật, có giá dự thầu sau sửa lỗi, hiệu chỉnh sai lệch (nếu có), trừ đi giá trị giảm giá (nếu có) thấp nhất được xếp hạng thứ nhất.

2. Phương pháp giá đánh giá:"
761c3c58-4490-49fc-83aa-84d8f7564d2d,download.pdf,N/A,evaluation,730,"2. Phương pháp giá đánh giá:

a) Giá đánh giá là giá dự thầu sau khi đã được sửa lỗi, hiệu chỉnh sai lệch theo yêu cầu của hồ sơ mời thầu, trừ đi giá trị giảm giá (nếu có), cộng với các yếu tố để quy đổi trên cùng một mặt bằng cho cả vòng đời sử dụng của hàng hóa, công trình, dịch vụ phi tư vấn. Giá đánh giá dùng để xếp hạng hồ sơ dự thầu đối với gói thầu mua sắm hàng hóa, xây lắp, dịch vụ phi tư vấn và gói thầu hỗn hợp áp dụng hình thức đấu thầu rộng rãi, đấu thầu hạn chế hoặc chào hàng cạnh tranh;

b) Phương pháp giá đánh giá được áp dụng đối với gói thầu mà các chi phí quy đổi được trên cùng một mặt bằng về các yếu tố kỹ thuật, tài chính, thương mại cho cả vòng đời sử dụng của hàng hóa, công trình, dịch vụ phi tư vấn;"
ab274a78-012d-4b8d-b9da-f205e552a8a1,download.pdf,N/A,evaluation,535,"c) Một hoặc các yếu tố được quy đổi trên cùng một mặt bằng để xác định giá đánh giá bao gồm: chi phí cần thiết để vận hành, bảo dưỡng và các chi phí khác liên quan đến lãi vay, tiến độ, chất lượng của hàng hóa, dịch vụ hoặc công trình xây dựng thuộc gói thầu; công suất, hiệu suất; kết quả thống kê, đánh giá việc thực hiện các hợp đồng tương tự trước đó, bao gồm cả việc xem xét xuất xứ; đấu thầu bền vững và các yếu tố khác;

d) Nhà thầu có giá đánh giá thấp nhất được xếp hạng thứ nhất.

3. Phương pháp kết hợp giữa kỹ thuật và giá:"
761d3aa9-b283-4982-a56a-ae48c65fe507,download.pdf,N/A,evaluation,558,"d) Nhà thầu có giá đánh giá thấp nhất được xếp hạng thứ nhất.

3. Phương pháp kết hợp giữa kỹ thuật và giá:

a) Phương pháp kết hợp giữa kỹ thuật và giá có thể được áp dụng đối với gói thầu công nghệ thông tin, viễn thông, bảo hiểm; gói thầu hàng hóa, xây lắp có đặc thù, yêu cầu kỹ thuật cao mà không áp dụng được phương pháp giá đánh giá và gói thầu cần xem xét trên cơ sở chú trọng tới các yếu tố kỹ thuật và giá;

b) Điểm tổng hợp được xây dựng trên cơ sở kết hợp giữa điểm kỹ thuật và điểm giá. Nhà thầu có điểm tổng hợp cao nhất được xếp hạng thứ nhất."
41071c87-030b-4942-bcac-ea7d599d5e78,download.pdf,N/A,evaluation,639,"b) Điểm tổng hợp được xây dựng trên cơ sở kết hợp giữa điểm kỹ thuật và điểm giá. Nhà thầu có điểm tổng hợp cao nhất được xếp hạng thứ nhất.

4. Đối với tiêu chuẩn đánh giá về năng lực, kinh nghiệm, sử dụng tiêu chí đạt, không đạt. Đối với tiêu chuẩn đánh giá về kỹ thuật, sử dụng phương pháp chấm điểm hoặc tiêu chí đạt, không đạt. Đối với phương pháp kết hợp giữa kỹ thuật và giá quy định tại khoản 3 Điều này, sử dụng phương pháp chấm điểm để xây dựng

about:blank                                                                                               39/61


---



1/13/26, 9:03 AM                                   about:blank"
f001825a-98c1-463e-a573-9ffd08c677c6,download.pdf,N/A,evaluation,236,"---



1/13/26, 9:03 AM                                   about:blank

tiêu chuẩn đánh giá về kỹ thuật. Khi sử dụng phương pháp chấm điểm, phải quy định mức điểm yêu cầu tối thiểu về kỹ thuật không thấp hơn 70% tổng số điểm về kỹ thuật."
abe161ad-ab0b-4ac0-af8b-ddd16c0049df,download.pdf,N/A,evaluation,698,"## Điều 59. Phương pháp đánh giá hồ sơ dự thầu đối với gói thầu cung cấp dịch vụ tư vấn

1. Phương pháp giá thấp nhất:

a) Phương pháp giá thấp nhất được áp dụng đối với các gói thầu tư vấn đơn giản, gói thầu tư vấn có quy trình thực hiện rõ ràng theo các tiêu chuẩn có sẵn;

b) Nhà thầu có hồ sơ dự thầu đáp ứng yêu cầu về kỹ thuật, có giá dự thầu sau sửa lỗi, hiệu chỉnh sai lệch (nếu có), trừ đi giá trị giảm giá (nếu có) thấp nhất được xếp hạng thứ nhất.

2. Phương pháp giá cố định:

a) Phương pháp giá cố định được áp dụng đối với các gói thầu tư vấn đơn giản, phạm vi công việc được xác định chính xác, chi phí thực hiện gói thầu được xác định hợp lý, cụ thể và cố định trong hồ sơ mời thầu;"
ae0464b6-cd06-4bd3-a8e5-e9fe3cdd93aa,download.pdf,N/A,evaluation,779,"b) Nhà thầu có hồ sơ dự thầu đáp ứng yêu cầu về kỹ thuật, có giá dự thầu sau sửa lỗi, hiệu chỉnh sai lệch (nếu có), trừ đi giá trị giảm giá (nếu có) không vượt giá gói thầu và có điểm kỹ thuật cao nhất được xếp hạng thứ nhất.

3. Phương pháp kết hợp giữa kỹ thuật và giá:

a) Phương pháp kết hợp giữa kỹ thuật và giá được áp dụng đối với gói thầu tư vấn chú trọng tới cả chất lượng và chi phí thực hiện gói thầu;

b) Điểm tổng hợp được xây dựng trên cơ sở kết hợp giữa điểm kỹ thuật và điểm giá. Khi xây dựng điểm tổng hợp phải bảo đảm nguyên tắc tỷ trọng điểm về kỹ thuật từ 70% đến 80%, điểm về giá từ 20% đến 30% tổng số điểm của thang điểm tổng hợp; tỷ trọng điểm về kỹ thuật cộng với tỷ trọng điểm về giá bằng 100%. Nhà thầu có điểm tổng hợp cao nhất được xếp hạng thứ nhất."
5bd7a043-d98f-4ba2-a4e3-c142816c5566,download.pdf,N/A,evaluation,326,"4. Phương pháp dựa trên kỹ thuật:

a) Phương pháp dựa trên kỹ thuật được áp dụng đối với gói thầu tư vấn có yêu cầu kỹ thuật cao, đặc thù;

b) Nhà thầu có hồ sơ dự thầu đáp ứng yêu cầu về kỹ thuật và đạt điểm kỹ thuật cao nhất được xếp hạng thứ nhất, được mời đến mở hồ sơ đề xuất tài chính, làm cơ sở để thương thảo hợp đồng."
b7dafd90-86b2-4591-8944-cd701eaac8c5,download.pdf,N/A,general,786,"## Điều 60. Xét duyệt trúng thầu đối với đấu thầu cung cấp dịch vụ tư vấn

1. Nhà thầu tư vấn là tổ chức được xem xét, đề nghị trúng thầu khi đáp ứng đủ các điều kiện sau đây:

a) Có hồ sơ dự thầu, hồ sơ đề xuất hợp lệ;

b) Có đề xuất về kỹ thuật đáp ứng yêu cầu của hồ sơ mời thầu, hồ sơ yêu cầu;

c) Đối với phương pháp giá thấp nhất: có giá dự thầu sau sửa lỗi, hiệu chỉnh sai lệch (nếu có), trừ đi giá trị giảm giá (nếu có) thấp nhất; đối với gói thầu áp dụng loại hợp đồng trọn gói: có giá dự thầu trừ đi giá trị giảm giá (nếu có) thấp nhất; đối với phương pháp giá cố định và phương pháp dựa trên kỹ thuật: có điểm kỹ thuật cao nhất; đối với phương pháp kết hợp giữa kỹ thuật và giá: có điểm tổng hợp cao nhất;

d) Có giá đề nghị trúng thầu không vượt giá gói thầu được phê duyệt."
406229ae-9adb-403f-a88f-ae95760b5f9d,download.pdf,N/A,general,653,"d) Có giá đề nghị trúng thầu không vượt giá gói thầu được phê duyệt.

2. Nhà thầu tư vấn là cá nhân được xem xét, đề nghị trúng thầu khi đáp ứng đủ các điều kiện sau đây:

about:blank                                                                                                   40/61


---



1/13/26, 9:03 AM                           about:blank

a) Có hồ sơ lý lịch khoa học, đề xuất kỹ thuật (nếu có) tốt nhất và đáp ứng yêu cầu của điều khoản tham chiếu;

b) Có giá đề nghị trúng thầu không vượt giá gói thầu được phê duyệt.

3. Đối với nhà thầu không được lựa chọn, thông báo kết quả lựa chọn nhà thầu phải nêu lý do nhà thầu không trúng thầu."
16dd13f0-4213-47c1-8c8b-a56de57d0cad,download.pdf,N/A,general,991,"## Điều 61. Xét duyệt trúng thầu đối với đấu thầu cung cấp dịch vụ phi tư vấn, mua sắm hàng hóa, xây lắp, hỗn hợp

1. Nhà thầu cung cấp dịch vụ phi tư vấn, mua sắm hàng hóa, xây lắp, hỗn hợp được xem xét, đề nghị trúng thầu khi đáp ứng đủ các điều kiện sau đây:

a) Có hồ sơ dự thầu, hồ sơ đề xuất hợp lệ;

b) Có năng lực, kinh nghiệm đáp ứng yêu cầu của hồ sơ mời thầu, hồ sơ yêu cầu;

c) Có đề xuất kỹ thuật đáp ứng yêu cầu của hồ sơ mời thầu, hồ sơ yêu cầu;

d) Có giá trị phần sai lệch thiếu không quá 10% giá dự thầu;

đ) Đối với phương pháp giá thấp nhất: có giá dự thầu sau sửa lỗi, hiệu chỉnh sai lệch (nếu có), trừ đi giá trị giảm giá (nếu có) thấp nhất; đối với phương pháp giá đánh giá: có giá đánh giá thấp nhất; đối với phương pháp kết hợp giữa kỹ thuật và giá: có điểm tổng hợp cao nhất;

e) Có giá đề nghị trúng thầu không vượt giá gói thầu được phê duyệt.

2. Đối với nhà thầu không được lựa chọn, thông báo kết quả lựa chọn nhà thầu phải nêu lý do nhà thầu không trúng thầu."
94bcbeb0-27d5-4469-ab28-a81f4c4a1a09,download.pdf,N/A,evaluation,96,"## Mục 2. PHƯƠNG PHÁP ĐÁNH GIÁ HỒ SƠ DỰ THẦU VÀ XÉT DUYỆT TRÚNG THẦU TRONG LỰA CHỌN NHÀ ĐẦU TƯ

"
537ef1c4-f9e6-4af4-878e-1305bfb9b959,download.pdf,N/A,evaluation,791,"## Điều 62. Phương pháp đánh giá hồ sơ dự thầu

1. Phương pháp đánh giá lợi ích xã hội, lợi ích nhà nước được áp dụng để đánh giá năng lực, kinh nghiệm của nhà đầu tư và hiệu quả phương án đầu tư kinh doanh do nhà đầu tư đề xuất, bao gồm hiệu quả sử dụng đất, hiệu quả đầu tư phát triển ngành, lĩnh vực, địa phương.

2. Việc đánh giá hồ sơ dự thầu của nhà đầu tư được thực hiện trên cơ sở các tiêu chuẩn sau đây:

a) Tiêu chuẩn đánh giá năng lực của nhà đầu tư về tài chính, khả năng thu xếp vốn, kinh nghiệm thực hiện các dự án đầu tư kinh doanh tương tự;

b) Tiêu chuẩn đánh giá phương án đầu tư kinh doanh của nhà đầu tư, trong đó bao gồm các tiêu chuẩn về kỹ thuật, xã hội, môi trường;

c) Tiêu chuẩn đánh giá hiệu quả sử dụng đất, hiệu quả đầu tư phát triển ngành, lĩnh vực, địa phương."
3c8ff9ef-7cf7-4a94-9321-d8b50d82ce2a,download.pdf,N/A,evaluation,774,"c) Tiêu chuẩn đánh giá hiệu quả sử dụng đất, hiệu quả đầu tư phát triển ngành, lĩnh vực, địa phương.

3. Đối với dự án đầu tư kinh doanh có yêu cầu đặc thù về điều kiện đầu tư kinh doanh, quản lý, phát triển ngành, lĩnh vực theo quy định của pháp luật về đầu tư, quản lý ngành, lĩnh vực thì hồ sơ mời thầu xác định tiêu chí cố định trong số các tiêu chuẩn quy định tại khoản 2 Điều này.

4. Tiêu chuẩn đánh giá hồ sơ dự thầu được xây dựng theo thang điểm 100 hoặc 1.000. Điểm tổng hợp được xây dựng trên cơ sở kết hợp giữa điểm năng lực, kinh nghiệm, điểm phương án đầu tư kinh doanh và điểm

about:blank                                                                                              41/61


---



1/13/26, 9:03 AM                                  about:blank"
f0698141-5c0b-42dc-84c4-8decdb1df32e,download.pdf,N/A,evaluation,337,"---



1/13/26, 9:03 AM                                  about:blank

hiệu quả sử dụng đất, hiệu quả đầu tư phát triển ngành, lĩnh vực, địa phương. Nhà đầu tư đáp ứng điểm tối thiểu của từng tiêu chuẩn quy định tại khoản 2 và khoản 3 Điều này và có điểm tổng hợp cao nhất được xếp hạng thứ nhất.

5. Chính phủ quy định chi tiết Điều này."
4fbe6912-87e4-43a9-a99c-92fa5486ad9e,download.pdf,N/A,general,639,"## Điều 63. Xét duyệt trúng thầu

1. Nhà đầu tư được xem xét, đề nghị trúng thầu khi đáp ứng đủ các điều kiện sau đây:

a) Có hồ sơ dự thầu hợp lệ;

b) Đáp ứng yêu cầu về năng lực và kinh nghiệm;

c) Đáp ứng yêu cầu về phương án đầu tư kinh doanh;

d) Đáp ứng yêu cầu về hiệu quả sử dụng đất, hiệu quả đầu tư phát triển ngành, lĩnh vực, địa phương;

đ) Có điểm tổng hợp về năng lực, kinh nghiệm, phương án đầu tư kinh doanh và hiệu quả sử dụng đất, hiệu quả đầu tư phát triển ngành, lĩnh vực, địa phương cao nhất.

2. Đối với nhà đầu tư không được lựa chọn, thông báo kết quả lựa chọn nhà đầu tư phải nêu lý do nhà đầu tư không trúng thầu."
be3f169c-7fdc-4b57-8c7c-e7b18cf7d007,download.pdf,N/A,general,14,"# Chương VII

"
13d66799-5a71-4707-9762-03e1626726ed,download.pdf,N/A,general,13,"## HỢP ĐỒNG

"
37cfa5ce-294c-4305-86af-853dddf6697f,download.pdf,N/A,general,34,"### Mục 1. HỢP ĐỒNG VỚI NHÀ THẦU

"
20ec1a65-7db4-4361-bdf0-1ff85116f8d4,download.pdf,N/A,general,588,"## Điều 64. Loại hợp đồng

1. Hợp đồng trọn gói:

a) Hợp đồng trọn gói được áp dụng đối với gói thầu mà tại thời điểm lựa chọn nhà thầu, phạm vi công việc, yêu cầu kỹ thuật, thời gian thực hiện gói thầu được xác định rõ, ít có khả năng thay đổi về khối lượng, yêu cầu kỹ thuật, các điều kiện không lường trước được; gói thầu chưa thể xác định được rõ khối lượng, đơn giá nhưng các bên tham gia hợp đồng xác định được khả năng quản lý rủi ro, quản lý thay đổi phát sinh hoặc xác định được các tính chất, đặc điểm của sản phẩm đầu ra, bao gồm cả hợp đồng EPC và hợp đồng chìa khóa trao tay;"
98375535-490c-4694-b3bd-120ddb4a8ebc,download.pdf,N/A,general,767,"b) Khi áp dụng hợp đồng trọn gói, giá gói thầu làm căn cứ xét duyệt trúng thầu bao gồm chi phí dự phòng cho các yếu tố rủi ro về khối lượng công việc và trượt giá có thể xảy ra trong quá trình thực hiện hợp đồng tương ứng với trách nhiệm quản lý rủi ro giao cho nhà thầu trong gói thầu. Giá dự thầu phải bao gồm tất cả chi phí cho các yếu tố rủi ro về khối lượng công việc và trượt giá có thể phát sinh trong quá trình thực hiện hợp đồng tương ứng với trách nhiệm của nhà thầu trong việc thực hiện gói thầu;

c) Giá hợp đồng không thay đổi trong suốt thời gian thực hiện hợp đồng đối với phạm vi công việc, yêu cầu kỹ thuật và điều khoản quy định trong hợp đồng, trừ trường hợp bất khả kháng và thay đổi phạm vi công việc phải thực hiện dẫn đến giá hợp đồng thay đổi;"
9acdd87d-3143-4807-880f-0124a6b15b90,download.pdf,N/A,general,500,"d) Việc thanh toán được thực hiện theo tỷ lệ phần trăm giá hợp đồng hoặc giá công trình, hạng mục công trình, khối lượng công việc tương ứng với giai đoạn thanh toán được các bên thỏa thuận trong hợp đồng, khi thanh toán không yêu cầu có xác nhận khối lượng hoàn thành chi tiết.

2. Hợp đồng theo đơn giá cố định:

about:blank                                                                                                42/61


---



1/13/26, 9:03 AM                                    about:blank"
2cf9110a-b1fd-4827-97e0-069aa2158dbd,download.pdf,N/A,general,772,"---



1/13/26, 9:03 AM                                    about:blank

a) Hợp đồng theo đơn giá cố định được áp dụng đối với gói thầu mà tại thời điểm lựa chọn nhà thầu bản chất công việc đã xác định được rõ ràng nhưng chưa xác định được chính xác số lượng, khối lượng công việc thực tế phải hoàn thành. Giá hợp đồng ban đầu dựa trên số lượng, khối lượng công việc, đơn giá cố định theo hợp đồng và chi phí dự phòng cho số lượng, khối lượng công việc có thể phát sinh được xác định theo quy định của pháp luật;

b) Hợp đồng theo đơn giá cố định có đơn giá không thay đổi trong suốt thời gian thực hiện đối với toàn bộ nội dung công việc trong hợp đồng. Nhà thầu được thanh toán theo số lượng, khối lượng công việc được nghiệm thu và đơn giá cố định quy định tại hợp đồng."
74a1bb4c-1bb8-44c9-af45-6213b1bc4170,download.pdf,N/A,general,791,"3. Hợp đồng theo đơn giá điều chỉnh:

a) Hợp đồng theo đơn giá điều chỉnh được áp dụng đối với gói thầu có thời gian thực hiện dài và có rủi ro biến động giá đối với các chi phí đầu vào để thực hiện hợp đồng, có thể tác động tiêu cực đến việc thực hiện gói thầu nếu áp dụng đơn giá cố định. Hợp đồng theo đơn giá điều chỉnh có đơn giá, giá hợp đồng có thể được điều chỉnh căn cứ vào các thỏa thuận trong hợp đồng đối với toàn bộ nội dung công việc trong hợp đồng. Giá hợp đồng ban đầu dựa trên cơ sở số lượng, khối lượng công việc cần thiết với đơn giá cơ sở theo hợp đồng và chi phí dự phòng cho số lượng, khối lượng công việc có thể phát sinh, chi phí dự phòng trượt giá. Nội dung hợp đồng phải quy định phương pháp tính trượt giá và chi phí dự phòng trượt giá theo quy định của pháp luật;"
39e9f718-3912-4813-ba91-fd73d054a785,download.pdf,N/A,general,591,"b) Nhà thầu được thanh toán theo số lượng, khối lượng công việc được nghiệm thu và đơn giá quy định tại hợp đồng hoặc đơn giá đã điều chỉnh (nếu có).

4. Hợp đồng theo thời gian:

Hợp đồng theo thời gian có thể áp dụng trong tình trạng khẩn cấp; sửa chữa, bảo trì công trình, máy móc, thiết bị; dịch vụ tư vấn khi khó xác định được phạm vi và thời gian thực hiện dịch vụ. Giá hợp đồng được tính trên cơ sở đơn giá cho đơn vị thời gian, mức lương đã thỏa thuận theo giờ, ngày, tuần hoặc tháng nêu trong hợp đồng và chi phí phát sinh hợp lý có thể bồi hoàn.

5. Hợp đồng theo chi phí cộng phí:"
835ff8bc-04b9-4363-928e-06ed4027bf7c,download.pdf,N/A,general,577,"5. Hợp đồng theo chi phí cộng phí:

Hợp đồng theo chi phí cộng phí được áp dụng đối với công việc, dịch vụ mà tại thời điểm lựa chọn nhà thầu chưa đủ cơ sở xác định phạm vi công việc, nhu cầu cần thiết về các yếu tố, chi phí đầu vào để thực hiện các công việc dự kiến của hợp đồng. Tại thời điểm ký kết hợp đồng, các bên thỏa thuận về chi phí quản lý, chi phí chung, lợi nhuận, phương pháp tính theo chi phí trực tiếp; phương pháp xác định chi phí trực tiếp làm căn cứ để tính toán chi phí trực tiếp và các nội dung khác để thực hiện hợp đồng.

6. Hợp đồng theo kết quả đầu ra:"
2c23a708-eda9-4cd2-902b-bfa8ad0d4c36,download.pdf,N/A,general,707,"6. Hợp đồng theo kết quả đầu ra:

Hợp đồng theo kết quả đầu ra được áp dụng đối với công việc, dịch vụ mà việc thanh toán căn cứ vào kết quả thực hiện hợp đồng được nghiệm thu về chất lượng, số lượng và các yếu tố khác. Hợp đồng phải nêu rõ yêu cầu cụ thể về số lượng, chất lượng đầu ra, biện pháp kiểm tra, đánh giá, xác định mức độ đáp ứng về chất lượng đầu ra, mức giảm trừ thanh toán, quy định về điều chỉnh giá (nếu có) và các nội dung khác để thực hiện hợp đồng.

7. Hợp đồng theo tỷ lệ phần trăm:

Hợp đồng theo tỷ lệ phần trăm chỉ có thể áp dụng cho gói thầu bảo hiểm công trình mà giá trị hợp đồng được xác định chính xác trên cơ sở giá trị công trình thực tế được nghiệm thu.

8. Hợp đồng hỗn hợp:"
343d9df9-3fdd-4e6a-9990-32868ddea201,download.pdf,N/A,general,524,"8. Hợp đồng hỗn hợp:

Hợp đồng hỗn hợp là hợp đồng có nội dung kết hợp các loại hợp đồng quy định tại các khoản 1, 2, 3, 4, 5, 6 và 7 Điều này. Hợp đồng hỗn hợp phải quy định rõ phạm vi công việc áp dụng đối với từng loại hợp đồng

about:blank                                                                                              43/61


---



1/13/26, 9:03 AM                                  about:blank
about:blank                                                                                              44/61"
92feb2d9-52d4-4b11-ad74-0d8a10d4f6c1,download.pdf,N/A,general,273,"tương ứng và các nội dung bổ sung, điều chỉnh liên quan khi áp dụng đồng thời nhiều loại hợp đồng đối với một nội dung công việc, dịch vụ. Việc thanh toán đối với hợp đồng hỗn hợp phải phù hợp với quy định thanh toán theo từng loại hợp đồng cho phạm vi công việc thực hiện."
2114d4ba-7700-4975-9ded-1aa8b45db90b,download.pdf,N/A,general,863,"## Điều 65. Hồ sơ hợp đồng với nhà thầu

1. Hồ sơ hợp đồng với nhà thầu bao gồm các tài liệu sau đây:

a) Văn bản hợp đồng;

b) Phụ lục hợp đồng gồm danh mục chi tiết về phạm vi công việc, biểu giá, tiến độ thực hiện (nếu có);

c) Quyết định phê duyệt kết quả lựa chọn nhà thầu.

2. Ngoài các tài liệu quy định tại khoản 1 Điều này, tùy theo quy mô, tính chất của gói thầu, hồ sơ hợp đồng có thể bao gồm một hoặc một số tài liệu sau đây:

a) Biên bản hoàn thiện hợp đồng;

b) Biên bản thương thảo hợp đồng (nếu có);

c) Văn bản thỏa thuận của các bên về điều kiện của hợp đồng, bao gồm điều kiện chung, điều kiện cụ thể;

d) Hồ sơ dự thầu, hồ sơ đề xuất và các tài liệu làm rõ hồ sơ dự thầu, hồ sơ đề xuất của nhà thầu được lựa chọn;

đ) Hồ sơ mời thầu, hồ sơ yêu cầu và các tài liệu sửa đổi, bổ sung hồ sơ mời thầu, hồ sơ yêu cầu;

e) Tài liệu khác có liên quan."
7db24019-d7a9-44b8-af03-48f033252411,download.pdf,N/A,general,591,"## Điều 66. Điều kiện ký kết hợp đồng

1. Tại thời điểm ký kết, hồ sơ dự thầu, hồ sơ đề xuất của nhà thầu được lựa chọn còn hiệu lực. Đối với mua sắm tập trung áp dụng thỏa thuận khung, tại thời điểm ký kết, thỏa thuận khung còn hiệu lực.

2. Tại thời điểm ký kết, nhà thầu được lựa chọn phải bảo đảm đáp ứng yêu cầu về năng lực kỹ thuật, tài chính để thực hiện gói thầu theo yêu cầu của hồ sơ mời thầu, hồ sơ yêu cầu.

3. Chủ đầu tư phải bảo đảm các điều kiện về vốn tạm ứng, vốn thanh toán, mặt bằng thực hiện và điều kiện cần thiết khác để triển khai thực hiện gói thầu theo đúng tiến độ."
bfc024d3-96bc-4653-b9c9-9bc35597f772,download.pdf,N/A,general,555,"## Điều 67. Ký kết hợp đồng với nhà thầu được lựa chọn

Việc ký kết hợp đồng giữa chủ đầu tư và nhà thầu được thực hiện như sau:

1. Một gói thầu được thực hiện theo một hợp đồng; trong một hợp đồng có thể áp dụng một hoặc nhiều loại hợp đồng quy định tại Điều 64 của Luật này; đối với gói thầu mua sắm tập trung hoặc gói thầu chia thành nhiều phần, một gói thầu có thể thực hiện theo nhiều hợp đồng tương ứng với một hoặc một số phần. Trường hợp áp dụng nhiều loại hợp đồng thì phải quy định rõ loại hợp đồng tương ứng với từng nội dung công việc cụ thể;"
caa7a104-a3e3-40ab-8288-b5b920be4f61,download.pdf,N/A,general,524,"2. Hợp đồng được ký kết giữa các bên phải phù hợp với nội dung trong hồ sơ mời thầu, hồ sơ yêu cầu, hồ sơ dự thầu, hồ sơ đề xuất, kết quả thương thảo hợp đồng (nếu có), quyết định phê duyệt kết quả lựa chọn nhà thầu, trong đó nêu rõ phạm vi công việc dành cho nhà thầu phụ đặc biệt (nếu có) và giá trị công việc tối đa dành cho nhà thầu phụ. Giá trị công việc tối đa dành cho nhà thầu phụ không bao gồm khối lượng công việc dành cho nhà thầu phụ đặc biệt;

---



1/13/26, 9:03 AM                                 about:blank"
45436c1e-6f0b-4775-9dde-71ab71291fee,download.pdf,N/A,general,519,"---



1/13/26, 9:03 AM                                 about:blank

3. Đối với nhà thầu liên danh, tất cả thành viên tham gia liên danh phải trực tiếp ký, đóng dấu (nếu có) vào văn bản hợp đồng; đối với mua sắm tập trung áp dụng thỏa thuận khung, tất cả thành viên tham gia liên danh trực tiếp ký, đóng dấu (nếu có) vào văn bản hợp đồng hoặc thành viên liên danh ký, đóng dấu (nếu có) vào văn bản hợp đồng với đơn vị có nhu cầu mua sắm theo phân công tại thỏa thuận liên danh;

4. Chính phủ quy định chi tiết Điều này."
ffb5556b-a658-45dc-89ce-0a47faa2b4ba,download.pdf,N/A,general,714,"## Điều 68. Bảo đảm thực hiện hợp đồng

1. Nhà thầu phải thực hiện một trong các biện pháp sau đây để bảo đảm trách nhiệm thực hiện hợp đồng:

a) Đặt cọc;

b) Nộp thư bảo lãnh của tổ chức tín dụng trong nước, chi nhánh ngân hàng nước ngoài được thành lập theo pháp luật Việt Nam;

c) Nộp giấy chứng nhận bảo hiểm bảo lãnh của doanh nghiệp bảo hiểm phi nhân thọ trong nước, chi nhánh doanh nghiệp bảo hiểm phi nhân thọ nước ngoài được thành lập theo pháp luật Việt Nam.

2. Bảo đảm thực hiện hợp đồng được áp dụng đối với nhà thầu được lựa chọn, trừ các trường hợp sau đây:

a) Nhà thầu cung cấp dịch vụ tư vấn;

b) Nhà thầu được lựa chọn theo hình thức tự thực hiện hoặc hình thức tham gia thực hiện của cộng đồng;"
971c711d-6d20-4696-968d-9661670a5bd1,download.pdf,N/A,general,567,"a) Nhà thầu cung cấp dịch vụ tư vấn;

b) Nhà thầu được lựa chọn theo hình thức tự thực hiện hoặc hình thức tham gia thực hiện của cộng đồng;

c) Nhà thầu thực hiện gói thầu có giá gói thầu thuộc hạn mức chỉ định thầu quy định tại điểm m khoản 1 Điều 23 của Luật này.

3. Nhà thầu được lựa chọn phải thực hiện biện pháp bảo đảm thực hiện hợp đồng trước hoặc cùng thời điểm hợp đồng có hiệu lực.

4. Căn cứ quy mô, tính chất của gói thầu, giá trị bảo đảm thực hiện hợp đồng được quy định trong hồ sơ mời thầu, hồ sơ yêu cầu theo mức xác định từ 2% đến 10% giá hợp đồng."
58c173c3-b279-4dd6-a6ec-11323f601388,download.pdf,N/A,general,745,"5. Thời gian có hiệu lực của bảo đảm thực hiện hợp đồng được tính từ ngày hợp đồng có hiệu lực cho đến ngày các bên hoàn thành nghĩa vụ theo hợp đồng hoặc ngày chuyển sang thực hiện nghĩa vụ bảo hành đối với trường hợp có quy định về bảo hành. Trường hợp cần gia hạn thời gian thực hiện hợp đồng, phải yêu cầu nhà thầu gia hạn tương ứng thời gian có hiệu lực của bảo đảm thực hiện hợp đồng trước khi gia hạn thời gian thực hiện hợp đồng.

6. Nhà thầu không được hoàn trả bảo đảm thực hiện hợp đồng trong các trường hợp sau đây:

a) Từ chối thực hiện hợp đồng khi hợp đồng đã có hiệu lực;

b) Vi phạm thỏa thuận trong hợp đồng;

c) Thực hiện hợp đồng chậm tiến độ do lỗi của nhà thầu nhưng từ chối gia hạn hiệu lực của bảo đảm thực hiện hợp đồng."
cffd7a97-39c6-46ef-9175-a62d0659dfea,download.pdf,N/A,general,453,"## Điều 69. Nguyên tắc thực hiện hợp đồng

1. Các bên ký kết hợp đồng có trách nhiệm thực hiện theo hợp đồng đã ký kết.

2. Bảo đảm trung thực, hợp tác và đúng pháp luật.

3. Không xâm phạm đến lợi ích của Nhà nước, cộng đồng và lợi ích hợp pháp của tổ chức, cá nhân khác.

about:blank                                                                                           45/61


---



1/13/26, 9:03 AM                                   about:blank"
2b86cd30-c12d-41fa-909a-f503ba71d90e,download.pdf,N/A,general,797,"## Điều 70. Sửa đổi hợp đồng

1. Sửa đổi hợp đồng có thể thực hiện trong các trường hợp sau đây:

a) Các trường hợp do các bên thỏa thuận trong hợp đồng đã ký kết phù hợp với quy định của pháp luật;

b) Trường hợp hoàn cảnh thực hiện hợp đồng có thay đổi cơ bản theo quy định của pháp luật về dân sự;

c) Theo yêu cầu của cơ quan nhà nước có thẩm quyền làm ảnh hưởng đến việc thực hiện hợp đồng mà không do lỗi của chủ đầu tư.

2. Nội dung sửa đổi hợp đồng có thể bao gồm: khối lượng, tiến độ, giá, áp dụng tùy chọn mua thêm và các nội dung khác do các bên thỏa thuận trong hợp đồng đã ký kết, trừ trường hợp quy định tại khoản 5 Điều này. Đối với việc sửa đổi về tiến độ, khối lượng, giá chỉ áp dụng trong thời gian thực hiện gói thầu ghi trong hợp đồng, trừ trường hợp áp dụng tùy chọn mua thêm."
a3974f41-6860-41ec-8f3e-484136d1bf58,download.pdf,N/A,general,685,"3. Trong quá trình thực hiện hợp đồng, các bên được điều chỉnh các mốc thời gian hoàn thành các nội dung quy định cụ thể trong hợp đồng trong các trường hợp sau đây:

a) Trường hợp bất khả kháng hoặc phát sinh các điều kiện bất lợi, cản trở nhà thầu trong việc thực hiện hợp đồng và không liên quan đến vi phạm hoặc sơ suất của các bên tham gia hợp đồng;

b) Thay đổi, điều chỉnh dự án, phạm vi công việc, phạm vi cung cấp, thiết kế, giải pháp thi công chủ đạo, biện pháp cung cấp do yêu cầu khách quan làm ảnh hưởng đến tiến độ hợp đồng;

c) Một hoặc các bên đề xuất sáng kiến, cải tiến thực hiện hợp đồng mà cần thay đổi tiến độ nhằm mục đích mang lại lợi ích cao hơn cho chủ đầu tư;"
2d320051-cd4d-43c0-98ca-ab952209e9d3,download.pdf,N/A,general,438,"c) Một hoặc các bên đề xuất sáng kiến, cải tiến thực hiện hợp đồng mà cần thay đổi tiến độ nhằm mục đích mang lại lợi ích cao hơn cho chủ đầu tư;

d) Việc bàn giao mặt bằng không đúng với thỏa thuận trong hợp đồng, tạm dừng hợp đồng do lỗi của chủ đầu tư ảnh hưởng đến tiến độ hợp đồng mà không do lỗi của nhà thầu;

đ) Tạm dừng thực hiện công việc theo yêu cầu của cơ quan nhà nước có thẩm quyền mà không do lỗi của chủ đầu tư, nhà thầu."
22a3f7e2-ae6d-486c-8252-ffd693fd14e6,download.pdf,N/A,general,719,"đ) Tạm dừng thực hiện công việc theo yêu cầu của cơ quan nhà nước có thẩm quyền mà không do lỗi của chủ đầu tư, nhà thầu.

4. Khi sửa đổi hợp đồng làm thay đổi thời gian thực hiện hợp đồng hoặc vượt giá gói thầu (bao gồm dự phòng) được duyệt thì phải được người có thẩm quyền cho phép. Giá hợp đồng sau khi điều chỉnh phải bảo đảm không vượt tổng mức đầu tư, dự toán mua sắm. Trường hợp dự án, dự toán mua sắm gồm nhiều gói thầu, tổng giá hợp đồng sau khi điều chỉnh phải bảo đảm không vượt tổng mức đầu tư, dự toán mua sắm.

5. Các bên không phải ký kết văn bản sửa đổi hợp đồng đối với trường hợp thay đổi giá hợp đồng, khối lượng và nội dung khác đã được quy định trong hợp đồng khi đáp ứng đủ các điều kiện sau đây:"
c4523f38-136d-412a-929a-2fd50f3f1f91,download.pdf,N/A,general,389,"a) Không vượt giá gói thầu ghi trong kế hoạch lựa chọn nhà thầu; trường hợp dự toán gói thầu được phê duyệt sau khi có kế hoạch lựa chọn nhà thầu thì không vượt dự toán gói thầu;

b) Không vượt thời gian thực hiện gói thầu ghi trong hợp đồng;

c) Phương pháp, công thức, hạng mục và các nội dung cần thiết để điều chỉnh đã quy định trong hợp đồng.

6. Chính phủ quy định chi tiết Điều này."
e58ab593-0ca6-4fa0-a808-5eea59f114f7,download.pdf,N/A,general,59,"## Mục 2. HỢP ĐỒNG DỰ ÁN ĐẦU TƯ KINH DOANH VỚI NHÀ ĐẦU TƯ

"
32eba2f2-7247-4a2c-b183-5fea21253efe,download.pdf,N/A,general,608,"## Điều 71. Ký kết hợp đồng và nguyên tắc thực hiện hợp đồng dự án đầu tư kinh doanh

1. Việc ký kết hợp đồng dự án đầu tư kinh doanh phải đáp ứng đủ các điều kiện sau đây:

about:blank                                                                                           46/61


---



1/13/26, 9:03 AM                                    about:blank

a) Tại thời điểm ký kết, hồ sơ dự thầu của nhà đầu tư được lựa chọn còn hiệu lực;

b) Tại thời điểm ký kết, nhà đầu tư được lựa chọn phải bảo đảm đáp ứng năng lực kỹ thuật, tài chính để thực hiện dự án đầu tư kinh doanh theo yêu cầu của hồ sơ mời thầu."
f8121c91-a15d-4c6b-b909-8f185939413f,download.pdf,N/A,general,542,"2. Hợp đồng được ký kết giữa các bên phải phù hợp với nội dung trong hồ sơ mời thầu, hồ sơ dự thầu, quyết định phê duyệt kết quả lựa chọn nhà đầu tư và biên bản đàm phán, hoàn thiện hợp đồng.

3. Cơ quan có thẩm quyền hoặc bên mời thầu (trong trường hợp được ủy quyền) ký kết hợp đồng với nhà đầu tư được lựa chọn. Đối với nhà đầu tư liên danh, tất cả các thành viên liên danh phải trực tiếp ký, đóng dấu (nếu có) vào văn bản hợp đồng.

4. Việc thực hiện hợp đồng dự án đầu tư kinh doanh tuân thủ nguyên tắc quy định tại Điều 69 của Luật này."
2204b165-ecf0-43f0-b356-ea582b9d15b9,download.pdf,N/A,general,448,"## Điều 72. Hồ sơ hợp đồng dự án đầu tư kinh doanh

Hồ sơ hợp đồng dự án đầu tư kinh doanh bao gồm các tài liệu sau đây:

1. Văn bản hợp đồng;

2. Phụ lục hợp đồng (nếu có);

3. Biên bản đàm phán, hoàn thiện hợp đồng;

4. Quyết định phê duyệt kết quả lựa chọn nhà đầu tư;

5. Hồ sơ dự thầu và tài liệu làm rõ hồ sơ dự thầu của nhà đầu tư được lựa chọn;

6. Hồ sơ mời thầu và tài liệu sửa đổi, bổ sung hồ sơ mời thầu;

7. Tài liệu khác có liên quan."
5ac8a104-6065-4dff-b8c0-31f66fb316f9,download.pdf,N/A,general,763,"## Điều 73. Nội dung hợp đồng dự án đầu tư kinh doanh

1. Hợp đồng dự án đầu tư kinh doanh bao gồm các nội dung cơ bản sau đây:

a) Thông tin về các bên ký kết hợp đồng, thời điểm có hiệu lực của hợp đồng, thời hạn hợp đồng;

b) Thông tin về dự án đầu tư kinh doanh, bao gồm: mục tiêu, địa điểm, tiến độ thực hiện dự án; quy mô và tổng vốn đầu tư; điều kiện sử dụng đất và tài nguyên khác (nếu có); phương án, yêu cầu về bồi thường, hỗ trợ, tái định cư và tổ chức xây dựng công trình phụ trợ (nếu có); bảo đảm an toàn và bảo vệ môi trường; trường hợp bất khả kháng và phương án xử lý trong trường hợp bất khả kháng;

c) Trách nhiệm thực hiện thủ tục bồi thường, hỗ trợ, tái định cư và tổ chức xây dựng công trình phụ trợ (nếu có); giao đất, cho thuê đất (nếu có);"
a7237084-afef-49cd-896d-631fb95b6142,download.pdf,N/A,general,552,"c) Trách nhiệm thực hiện thủ tục bồi thường, hỗ trợ, tái định cư và tổ chức xây dựng công trình phụ trợ (nếu có); giao đất, cho thuê đất (nếu có);

d) Nghĩa vụ của nhà đầu tư trong việc thực hiện các cam kết đã đề xuất trong hồ sơ dự thầu; việc thành lập doanh nghiệp để quản lý dự án đầu tư kinh doanh (nếu có);

đ) Bảo đảm thực hiện hợp đồng; các nguyên tắc, điều kiện sửa đổi, chấm dứt hợp đồng; chuyển nhượng quyền và nghĩa vụ của các bên;

e) Pháp luật điều chỉnh hợp đồng và cơ chế giải quyết tranh chấp.

2. Chính phủ quy định chi tiết Điều này."
6cc9c5de-ea6a-45aa-bbda-a88bc7d54f16,download.pdf,N/A,general,808,"## Điều 74. Thời hạn hợp đồng dự án đầu tư kinh doanh

about:blank                                                                                                47/61


---



1/13/26, 9:03 AM                                 about:blank

1. Thời hạn hợp đồng dự án đầu tư kinh doanh là khoảng thời gian thực hiện hợp đồng được xác định trong hợp đồng ký kết giữa các bên.

2. Thời hạn hợp đồng dự án đầu tư kinh doanh được tính từ thời điểm hợp đồng dự án đầu tư kinh doanh có hiệu lực cho đến khi nhà đầu tư hoàn thành nghĩa vụ thực hiện các cam kết đã đề xuất trong hồ sơ dự thầu và các nghĩa vụ khác theo thỏa thuận của các bên trong hợp đồng dự án đầu tư kinh doanh.

3. Hết thời hạn hợp đồng, nhà đầu tư thực hiện dự án đầu tư kinh doanh theo quy định của pháp luật về đầu tư và pháp luật có liên quan."
37066102-a325-4fbf-8f47-51d9683add25,download.pdf,N/A,general,728,"## Điều 75. Bảo đảm thực hiện hợp đồng dự án đầu tư kinh doanh

1. Nhà đầu tư phải thực hiện một trong các biện pháp sau đây để bảo đảm trách nhiệm thực hiện hợp đồng dự án đầu tư kinh doanh trước hoặc cùng thời điểm hợp đồng có hiệu lực:

a) Nộp thư bảo lãnh của tổ chức tín dụng trong nước, chi nhánh ngân hàng nước ngoài được thành lập theo pháp luật Việt Nam;

b) Nộp giấy chứng nhận bảo hiểm bảo lãnh của doanh nghiệp bảo hiểm phi nhân thọ trong nước, chi nhánh doanh nghiệp bảo hiểm phi nhân thọ nước ngoài được thành lập theo pháp luật Việt Nam.

2. Căn cứ quy mô, tính chất của dự án đầu tư kinh doanh, giá trị bảo đảm thực hiện hợp đồng được quy định trong hồ sơ mời thầu theo mức xác định từ 1% đến 3% tổng vốn đầu tư."
ee56e064-ee8b-4db9-9040-70b8a710dea3,download.pdf,N/A,general,573,"3. Thời gian có hiệu lực của bảo đảm thực hiện hợp đồng tính từ ngày hợp đồng được ký chính thức đến ngày chấm dứt hợp đồng. Trường hợp gia hạn thời gian thực hiện hợp đồng, nhà đầu tư phải gia hạn tương ứng thời gian có hiệu lực của bảo đảm thực hiện hợp đồng.

4. Nhà đầu tư không được hoàn trả bảo đảm thực hiện hợp đồng trong các trường hợp sau đây:

a) Từ chối thực hiện hợp đồng khi hợp đồng đã có hiệu lực;

b) Vi phạm thỏa thuận trong hợp đồng;

c) Thực hiện hợp đồng chậm tiến độ do lỗi của nhà đầu tư nhưng từ chối gia hạn hiệu lực của bảo đảm thực hiện hợp đồng."
25882baf-9755-48eb-826f-6b8e9b5ff0ce,download.pdf,N/A,general,769,"## Điều 76. Sửa đổi hợp đồng dự án đầu tư kinh doanh

1. Hợp đồng dự án đầu tư kinh doanh được sửa đổi trong các trường hợp sau đây:

a) Điều chỉnh dự án đầu tư kinh doanh theo quy định của pháp luật về đầu tư dẫn đến thay đổi nội dung hợp đồng đối với dự án thuộc diện chấp thuận chủ trương đầu tư.

Việc sửa đổi hợp đồng trong trường hợp này chỉ được thực hiện sau khi cơ quan có thẩm quyền chấp thuận điều chỉnh chủ trương đầu tư. Nhà đầu tư phải bảo đảm đáp ứng năng lực kỹ thuật, tài chính để thực hiện sau khi điều chỉnh dự án đầu tư kinh doanh;

b) Chuyển nhượng dự án đầu tư kinh doanh theo quy định của pháp luật về đầu tư và quy định khác của pháp luật có liên quan;

c) Trường hợp khác được các bên thỏa thuận tại hợp đồng phù hợp với quy định của pháp luật."
5287d699-0e74-48db-b745-20fc9f45db48,download.pdf,N/A,general,745,"c) Trường hợp khác được các bên thỏa thuận tại hợp đồng phù hợp với quy định của pháp luật.

2. Trường hợp chuyển nhượng dự án đầu tư kinh doanh quy định tại điểm b khoản 1 Điều này phải đáp ứng đủ các điều kiện sau đây:

about:blank                                                                                             48/61


---



1/13/26, 9:03 AM                                   about:blank

a) Việc chuyển nhượng phải được người có thẩm quyền chấp thuận;

b) Nhà đầu tư nhận chuyển nhượng phải đáp ứng yêu cầu về năng lực kỹ thuật, tài chính để thực hiện dự án đầu tư kinh doanh;

c) Nhà đầu tư nhận chuyển nhượng cam kết kế thừa toàn bộ các quyền, nghĩa vụ của bên chuyển nhượng theo quy định tại hợp đồng dự án đầu tư kinh doanh."
88d3ed5a-6019-4cb9-8b67-4666ee6168f4,download.pdf,N/A,general,16,"## Chương VIII

"
058821db-d0b8-4126-85cd-bc022817dc7b,download.pdf,N/A,general,54,"### TRÁCH NHIỆM CỦA CÁC BÊN TRONG HOẠT ĐỘNG ĐẤU THẦU

"
b2aef36b-6ebd-47e9-8e31-6313697a821e,download.pdf,N/A,general,765,"### Điều 77. Trách nhiệm của người có thẩm quyền

1. Phê duyệt kế hoạch tổng thể lựa chọn nhà thầu quy định tại Điều 36 của Luật này.

2. Phê duyệt kế hoạch lựa chọn nhà thầu quy định tại Điều 40 và Điều 41 của Luật này.

3. Tổ chức thẩm định nội dung quy định tại khoản 1 và khoản 2 Điều này.

4. Đình chỉ cuộc thầu, không công nhận kết quả lựa chọn nhà thầu, nhà đầu tư, xử lý vi phạm pháp luật về đấu thầu theo quy định của Luật này và quy định khác của pháp luật có liên quan.

5. Hủy thầu đối với trường hợp quy định tại các điểm b, c, d, đ khoản 1 và các điểm b, c, d, đ khoản 2 Điều 17 của Luật này.

6. Giải quyết kiến nghị trong lựa chọn nhà thầu, nhà đầu tư theo quy định của Luật này.

7. Tổ chức kiểm tra, giám sát công tác đấu thầu, thực hiện hợp đồng."
69eeb0f0-9ef7-4380-a290-adef42faf74c,download.pdf,N/A,general,751,"7. Tổ chức kiểm tra, giám sát công tác đấu thầu, thực hiện hợp đồng.

8. Đối với lựa chọn nhà thầu, ngoài trách nhiệm quy định tại các khoản 1, 2, 3, 4, 5, 6 và 7 Điều này, người có thẩm quyền còn có trách nhiệm sau đây:

a) Điều chỉnh nhiệm vụ và thẩm quyền của chủ đầu tư trong trường hợp không đáp ứng điều kiện theo quy định của pháp luật về đấu thầu và các yêu cầu của dự án, gói thầu;

b) Yêu cầu chủ đầu tư, bên mời thầu cung cấp hồ sơ, tài liệu để phục vụ công tác kiểm tra, giám sát, giải quyết kiến nghị, xử lý vi phạm pháp luật về đấu thầu và công việc quy định tại khoản 4, khoản 5 Điều này;

c) Có ý kiến đối với việc xử lý tình huống trong trường hợp phức tạp theo đề nghị của chủ đầu tư quy định tại điểm a khoản 3 Điều 88 của Luật này."
29dc0df0-18fa-4fd3-b586-9a88e65d77df,download.pdf,N/A,general,767,"c) Có ý kiến đối với việc xử lý tình huống trong trường hợp phức tạp theo đề nghị của chủ đầu tư quy định tại điểm a khoản 3 Điều 88 của Luật này.

9. Đối với lựa chọn nhà đầu tư, ngoài trách nhiệm quy định tại các khoản 4, 5, 6 và 7 Điều này, người có thẩm quyền còn có trách nhiệm sau đây:

a) Đại diện cơ quan có thẩm quyền quyết định tổ chức đấu thầu lựa chọn nhà đầu tư;

b) Quyết định giao đơn vị có nhân sự đáp ứng yêu cầu thực hiện công tác lựa chọn nhà đầu tư làm bên mời thầu; trường hợp nhân sự không đáp ứng yêu cầu thì lựa chọn nhà thầu tư vấn để thực hiện một số nhiệm vụ của bên mời thầu;

c) Phê duyệt hồ sơ mời quan tâm; phê duyệt hồ sơ mời thầu hoặc ủy quyền phê duyệt hồ sơ mời thầu;

d) Phê duyệt kết quả mời quan tâm, kết quả lựa chọn nhà đầu tư;"
85790cd0-95e0-4a36-bf21-a92a0f469a51,download.pdf,N/A,general,794,"d) Phê duyệt kết quả mời quan tâm, kết quả lựa chọn nhà đầu tư;

đ) Quyết định xử lý tình huống trong đấu thầu;

about:blank                                                                                              49/61


---



1/13/26, 9:03 AM                                about:blank

e) Ký kết hợp đồng trên cơ sở chấp thuận của cơ quan có thẩm quyền; tổ chức quản lý hợp đồng với nhà đầu tư được lựa chọn;

g) Yêu cầu bên mời thầu cung cấp hồ sơ, tài liệu để phục vụ công tác kiểm tra, giám sát, giải quyết kiến nghị, xử lý vi phạm pháp luật về đấu thầu và công việc quy định tại khoản 4, khoản 5 Điều này.

10. Giải trình việc thực hiện trách nhiệm quy định tại Điều này theo yêu cầu của cơ quan cấp trên, cơ quan thanh tra, kiểm tra, cơ quan quản lý nhà nước về hoạt động đấu thầu."
7dce0175-e5c6-4441-af96-719a4d8d9eea,download.pdf,N/A,general,102,11. Thực hiện trách nhiệm khác theo quy định của Luật này và quy định khác của pháp luật có liên quan.
917865ad-8622-47c0-858f-322cd1372b3b,download.pdf,N/A,general,712,"## Điều 78. Trách nhiệm của chủ đầu tư

1. Phê duyệt các nội dung sau đây:

a) Kế hoạch lựa chọn nhà thầu trong trường hợp gói thầu được thực hiện trước khi có quyết định phê duyệt dự án, gói thầu đấu thầu trước; kế hoạch lựa chọn nhà thầu đối với dự án đã phê duyệt kế hoạch tổng thể lựa chọn nhà thầu;

b) Hồ sơ mời quan tâm, hồ sơ mời sơ tuyển, danh sách ngắn;

c) Hồ sơ mời thầu, hồ sơ yêu cầu;

d) Kết quả lựa chọn nhà thầu.

2. Tổ chức thẩm định các nội dung quy định tại khoản 1 Điều này.

3. Ký kết hoặc ủy quyền ký kết và quản lý hợp đồng với nhà thầu; ký kết và quản lý thỏa thuận khung đối với mua sắm tập trung áp dụng thỏa thuận khung; thanh toán cho nhà thầu theo quy định trong hợp đồng đã ký kết."
f8cd4200-3f07-4340-a0c9-49af66b468ce,download.pdf,N/A,general,744,"4. Quyết định thành lập bên mời thầu với nhân sự đáp ứng yêu cầu thực hiện công tác lựa chọn nhà thầu; trường hợp nhân sự không đáp ứng yêu cầu thì lựa chọn nhà thầu tư vấn để làm bên mời thầu hoặc thực hiện một số nhiệm vụ của bên mời thầu. Quyết định thành lập tổ chuyên gia đáp ứng quy định tại Điều 19 của Luật này trong trường hợp không thuê đơn vị tư vấn làm bên mời thầu.

5. Quyết định xử lý tình huống trong đấu thầu.

6. Giải quyết kiến nghị trong lựa chọn nhà thầu.

7. Bảo mật thông tin, tài liệu liên quan trong quá trình lựa chọn nhà thầu.

8. Lưu trữ thông tin liên quan trong quá trình lựa chọn nhà thầu theo quy định của pháp luật về lưu trữ và quy định của Luật này.

9. Báo cáo tình hình thực hiện công tác đấu thầu hằng năm."
fcf83ad0-e54d-4768-abef-603c82e10070,download.pdf,N/A,general,750,"9. Báo cáo tình hình thực hiện công tác đấu thầu hằng năm.

10. Hủy thầu đối với trường hợp quy định tại điểm a khoản 1 Điều 17 của Luật này.

11. Cung cấp thông tin, tài liệu liên quan và giải trình việc thực hiện trách nhiệm quy định tại Điều này theo yêu cầu của người có thẩm quyền, cơ quan thanh tra, kiểm tra, cơ quan quản lý nhà nước về hoạt động đấu thầu.

12. Chịu trách nhiệm trước pháp luật và người có thẩm quyền về quá trình lựa chọn nhà thầu.

about:blank    50/61


---



1/13/26, 9:03 AM                          about:blank

13. Trường hợp chủ đầu tư đồng thời là bên mời thầu thì còn phải thực hiện trách nhiệm quy định tại Điều 79 của Luật này.

14. Trang bị cơ sở hạ tầng về công nghệ thông tin đáp ứng yêu cầu đấu thầu qua mạng."
edbb15e4-9245-475f-917e-6fd9a56e386b,download.pdf,N/A,general,691,"14. Trang bị cơ sở hạ tầng về công nghệ thông tin đáp ứng yêu cầu đấu thầu qua mạng.

15. Chịu trách nhiệm trước pháp luật về tính chính xác và trung thực của thông tin đã đăng ký, đăng tải lên Hệ thống mạng đấu thầu quốc gia khi sử dụng chứng thư số của mình.

16. Thực hiện trách nhiệm khác theo quy định của Luật này và quy định khác của pháp luật có liên quan.

**Điều 79. Trách nhiệm của bên mời thầu**

1. Đối với lựa chọn nhà thầu:

a) Chuẩn bị lựa chọn nhà thầu; tổ chức lựa chọn nhà thầu; tổ chức đánh giá hồ sơ quan tâm, hồ sơ dự sơ tuyển, hồ sơ dự thầu, hồ sơ đề xuất;

b) Quyết định thành lập tổ chuyên gia trong trường hợp bên mời thầu là đơn vị tư vấn được chủ đầu tư lựa chọn;"
8d8f58f9-1c39-4363-a4cc-7c8ac9f097f6,download.pdf,N/A,general,723,"b) Quyết định thành lập tổ chuyên gia trong trường hợp bên mời thầu là đơn vị tư vấn được chủ đầu tư lựa chọn;

c) Yêu cầu nhà thầu làm rõ hồ sơ quan tâm, hồ sơ dự sơ tuyển, hồ sơ dự thầu, hồ sơ đề xuất trong quá trình đánh giá hồ sơ;

d) Trình duyệt hồ sơ mời sơ tuyển, hồ sơ mời quan tâm, hồ sơ yêu cầu, hồ sơ mời thầu, kết quả lựa chọn danh sách ngắn, kết quả lựa chọn nhà thầu;

đ) Thương thảo (nếu có) và hoàn thiện hợp đồng với nhà thầu, quản lý thực hiện hợp đồng (nếu có);

e) Thương thảo (nếu có) và hoàn thiện thỏa thuận khung với nhà thầu, quản lý thực hiện thỏa thuận khung (nếu có) đối với mua sắm tập trung áp dụng thỏa thuận khung;

g) Bảo mật thông tin, tài liệu liên quan trong quá trình lựa chọn nhà thầu;"
1405afde-4756-41f9-9e2f-36acd5fa414c,download.pdf,N/A,general,772,"g) Bảo mật thông tin, tài liệu liên quan trong quá trình lựa chọn nhà thầu;

h) Cung cấp thông tin trên Hệ thống mạng đấu thầu quốc gia; cung cấp thông tin, tài liệu liên quan và giải trình việc thực hiện trách nhiệm quy định tại khoản này theo yêu cầu của người có thẩm quyền, chủ đầu tư, cơ quan thanh tra, kiểm tra, cơ quan quản lý nhà nước về hoạt động đấu thầu;

i) Chịu trách nhiệm trước pháp luật và chủ đầu tư trong phạm vi công việc được giao theo quy định tại khoản này.

2. Đối với lựa chọn nhà đầu tư, ngoài trách nhiệm quy định tại điểm h khoản 1 Điều này, bên mời thầu còn có trách nhiệm sau đây:

a) Chuẩn bị lựa chọn nhà đầu tư; tổ chức lựa chọn nhà đầu tư; tổ chức đánh giá hồ sơ dự thầu theo quy định của Luật này;

b) Quyết định thành lập tổ chuyên gia;"
db5c567d-b540-49bb-a3fd-b4e799c1aa0e,download.pdf,N/A,general,727,"b) Quyết định thành lập tổ chuyên gia;

c) Yêu cầu nhà đầu tư làm rõ hồ sơ dự thầu trong quá trình đánh giá hồ sơ;

d) Trình duyệt hồ sơ mời thầu, kết quả lựa chọn nhà đầu tư; phê duyệt hồ sơ mời thầu trong trường hợp được ủy quyền;

đ) Đàm phán hợp đồng với nhà đầu tư; ký kết và quản lý hợp đồng với nhà đầu tư trong trường hợp được ủy quyền;

about:blank                                                                                               51/61


---



about:blank                                                                                             52/61

e) Hủy thầu theo quy định tại điểm a khoản 2 Điều 17 của Luật này;

g) Bảo mật các thông tin, tài liệu liên quan trong quá trình lựa chọn nhà đầu tư;"
6f7294b8-aea7-45af-8c98-8bdf37e28419,download.pdf,N/A,general,641,"g) Bảo mật các thông tin, tài liệu liên quan trong quá trình lựa chọn nhà đầu tư;

h) Lưu trữ các thông tin liên quan trong quá trình lựa chọn nhà đầu tư theo quy định của pháp luật về lưu trữ và quy định của Luật này;

i) Giải quyết kiến nghị trong lựa chọn nhà đầu tư;

k) Báo cáo tình hình thực hiện công tác đấu thầu hằng năm;

l) Chịu trách nhiệm trước pháp luật và người có thẩm quyền trong phạm vi công việc được giao theo quy định tại khoản này.

3. Trang bị cơ sở hạ tầng về công nghệ thông tin đáp ứng yêu cầu đấu thầu qua mạng.

4. Thực hiện trách nhiệm khác theo quy định của Luật này và quy định khác của pháp luật có liên quan."
73c09349-3d96-4f28-8e32-e5f358a48f11,download.pdf,N/A,general,801,"## Điều 80. Trách nhiệm của tổ chuyên gia

1. Lập hồ sơ mời quan tâm, hồ sơ mời sơ tuyển, hồ sơ mời thầu, hồ sơ yêu cầu.

2. Đánh giá hồ sơ quan tâm, hồ sơ dự sơ tuyển, hồ sơ đăng ký thực hiện dự án đầu tư kinh doanh, hồ sơ dự thầu, hồ sơ đề xuất; đề xuất với bên mời thầu phương án xử lý tình huống trong trường hợp phát sinh tình huống trong đấu thầu (nếu có).

3. Bảo mật thông tin, tài liệu liên quan trong quá trình lựa chọn nhà thầu, nhà đầu tư.

4. Cung cấp thông tin, tài liệu liên quan và giải trình việc thực hiện trách nhiệm quy định tại Điều này theo yêu cầu của người có thẩm quyền, chủ đầu tư, bên mời thầu, cơ quan thanh tra, kiểm tra, cơ quan quản lý nhà nước về hoạt động đấu thầu.

5. Thực hiện trách nhiệm khác theo quy định của Luật này và quy định khác của pháp luật có liên quan."
c01b52ea-4fc9-42c6-93cb-e861fadf28c6,download.pdf,N/A,general,723,"## Điều 81. Trách nhiệm của tổ thẩm định

1. Hoạt động độc lập, khách quan khi tiến hành thẩm định.

2. Yêu cầu chủ đầu tư, bên mời thầu cung cấp đầy đủ tài liệu liên quan.

3. Bảo mật thông tin, tài liệu liên quan trong quá trình thẩm định.

4. Cung cấp thông tin, tài liệu liên quan và giải trình việc thực hiện trách nhiệm quy định tại Điều này theo yêu cầu của người có thẩm quyền, chủ đầu tư, cơ quan thanh tra, kiểm tra, cơ quan quản lý nhà nước về hoạt động đấu thầu.

5. Chịu trách nhiệm trước pháp luật, người có thẩm quyền, chủ đầu tư về kết quả thẩm định và các công việc được giao theo quy định tại Điều này.

6. Thực hiện trách nhiệm khác theo quy định của Luật này và quy định khác của pháp luật có liên quan."
41ef8d09-cd4b-46ac-9074-3ac3327a4760,download.pdf,N/A,general,706,"## Điều 82. Trách nhiệm của nhà thầu, nhà đầu tư

1. Yêu cầu bên mời thầu làm rõ hồ sơ mời quan tâm, hồ sơ mời sơ tuyển, hồ sơ mời thầu, hồ sơ yêu cầu.

2. Cung cấp thông tin, tài liệu liên quan và giải trình việc thực hiện trách nhiệm quy định tại Điều này theo yêu cầu của người có thẩm quyền, chủ đầu tư, bên mời thầu, cơ quan thanh tra, kiểm tra, cơ quan quản lý

---



1/13/26, 9:03 AM                                   about:blank

nhà nước về hoạt động đấu thầu.

3. Ngoài trách nhiệm quy định tại khoản 1 và khoản 2 Điều này, nhà thầu, nhà đầu tư tham gia Hệ thống mạng đấu thầu quốc gia còn có trách nhiệm sau đây:

a) Trang bị cơ sở hạ tầng về công nghệ thông tin khi tham gia đấu thầu qua mạng;"
8e2cbf04-bb07-4673-bd9c-140f25331c7d,download.pdf,N/A,general,377,"a) Trang bị cơ sở hạ tầng về công nghệ thông tin khi tham gia đấu thầu qua mạng;

b) Chịu trách nhiệm trước pháp luật về tính chính xác và trung thực của thông tin đã đăng ký, đăng tải trên Hệ thống mạng đấu thầu quốc gia.

4. Thực hiện các nội dung theo hợp đồng đã ký kết.

5. Thực hiện trách nhiệm khác theo quy định của Luật này và quy định khác của pháp luật có liên quan."
4ebc7428-d505-4821-bcf8-80b28c70209d,download.pdf,N/A,general,14,"## Chương IX

"
3eddc118-1553-4ca2-b7b7-c69833bdca86,download.pdf,N/A,general,49,"### QUẢN LÝ NHÀ NƯỚC ĐỐI VỚI HOẠT ĐỘNG ĐẤU THẦU

"
d2005169-7e44-4346-ad1d-ab4327c8b26a,download.pdf,N/A,general,40,"## Mục 1. QUẢN LÝ NHÀ NƯỚC VỀ ĐẤU THẦU

"
dbd654d0-5790-470c-81a6-ee84b8726a45,download.pdf,N/A,general,619,"### Điều 83. Nội dung quản lý nhà nước đối với hoạt động đấu thầu

1. Ban hành và tổ chức thực hiện văn bản quy phạm pháp luật về đấu thầu.

2. Tổng kết, đánh giá, báo cáo tình hình thực hiện hoạt động đấu thầu.

3. Quản lý hệ thống thông tin và cơ sở dữ liệu về đấu thầu trên phạm vi cả nước.

4. Giám sát, thanh tra, kiểm tra, giải quyết khiếu nại, tố cáo, kiến nghị trong đấu thầu và xử lý vi phạm pháp luật về đấu thầu theo thẩm quyền, trách nhiệm quy định tại Luật này và quy định khác của pháp luật có liên quan.

5. Đào tạo, bồi dưỡng kiến thức, nghiệp vụ chuyên môn về đấu thầu.

6. Hợp tác quốc tế về đấu thầu."
180d0ac5-81c3-45a5-85e7-a06eca0b79f9,download.pdf,N/A,general,791,"### Điều 84. Trách nhiệm quản lý nhà nước về đấu thầu

1. Chính phủ thống nhất quản lý nhà nước đối với hoạt động đấu thầu trên phạm vi cả nước.

2. Bộ Kế hoạch và Đầu tư là cơ quan đầu mối giúp Chính phủ thống nhất quản lý nhà nước đối với hoạt động đấu thầu và có quyền hạn, trách nhiệm sau đây:

a) Xây dựng, ban hành hoặc trình cơ quan có thẩm quyền ban hành văn bản quy phạm pháp luật về đấu thầu theo thẩm quyền;

b) Xây dựng, quản lý Hệ thống mạng đấu thầu quốc gia và sản phẩm báo chí về đấu thầu để phục vụ hoạt động đấu thầu qua mạng, công khai thông tin về lựa chọn nhà thầu, nhà đầu tư theo quy định của Luật này;

c) Xây dựng, quản lý cơ sở dữ liệu quốc gia về nhà đầu tư, nhà thầu, bao gồm kết quả thực hiện hợp đồng, chất lượng hàng hóa đã sử dụng theo quy định của Chính phủ;"
71045dea-71d4-4df2-a515-6ed8c0af204f,download.pdf,N/A,general,629,"d) Quy định về đào tạo, bồi dưỡng, cập nhật kiến thức, nghiệp vụ chuyên môn về đấu thầu cho người làm công tác đấu thầu; quy định về việc thi, cấp, thu hồi chứng chỉ nghiệp vụ chuyên môn về đấu thầu;

đ) Thanh tra, kiểm tra hoạt động đấu thầu;

about:blank                                                                                             53/61


---



1/13/26, 9:03 AM                                    about:blank

e) Thực hiện quyền hạn, trách nhiệm khác về quản lý nhà nước đối với hoạt động đấu thầu được Chính phủ, Thủ tướng Chính phủ giao theo quy định của Luật này và quy định khác của pháp luật có liên quan."
08bd9e6c-334e-4327-b536-cefbb7d0db37,download.pdf,N/A,general,569,"## Điều 85. Trách nhiệm của Bộ, cơ quan ngang Bộ và Ủy ban nhân dân các cấp

1. Thực hiện quản lý nhà nước đối với hoạt động đấu thầu trong phạm vi quản lý.

2. Tổ chức bồi dưỡng kiến thức, nghiệp vụ chuyên môn về đấu thầu cho cán bộ, công chức, viên chức làm công tác đấu thầu.

3. Kiểm tra, thanh tra, giải quyết kiến nghị, khiếu nại, tố cáo và xử lý vi phạm pháp luật về đấu thầu.

4. Tổng kết, đánh giá, báo cáo tình hình thực hiện hoạt động đấu thầu.

5. Thực hiện quyền hạn, trách nhiệm khác theo quy định của Luật này và quy định khác của pháp luật có liên quan."
dd1d1b2e-b2a0-41e9-8920-3616bdfdd24e,download.pdf,N/A,general,509,"## Điều 86. Thanh tra, kiểm tra, giám sát hoạt động đấu thầu

1. Thanh tra hoạt động đấu thầu:

a) Thanh tra hoạt động đấu thầu được tiến hành đối với tổ chức, cá nhân liên quan đến hoạt động đấu thầu quy định tại Luật này;

b) Tổ chức và hoạt động của thanh tra về đấu thầu thực hiện theo quy định của pháp luật về thanh tra.

2. Kiểm tra hoạt động đấu thầu:

a) Kiểm tra hoạt động đấu thầu được thực hiện theo kế hoạch định kỳ hoặc đột xuất theo quyết định của người đứng đầu cơ quan có thẩm quyền kiểm tra;"
5419d782-94c4-4790-9862-e07c9c8dd709,download.pdf,N/A,general,788,"a) Kiểm tra hoạt động đấu thầu được thực hiện theo kế hoạch định kỳ hoặc đột xuất theo quyết định của người đứng đầu cơ quan có thẩm quyền kiểm tra;

b) Kiểm tra hoạt động đấu thầu được thực hiện đối với một hoặc các hoạt động sau: việc ban hành văn bản hướng dẫn, chỉ đạo thực hiện công tác đấu thầu; việc trình, thẩm định, phê duyệt kế hoạch lựa chọn nhà thầu; công tác chuẩn bị lựa chọn nhà thầu, nhà đầu tư; công tác tổ chức lựa chọn nhà thầu, nhà đầu tư; việc quản lý và thực hiện hợp đồng; các hoạt động khác liên quan đến hoạt động đấu thầu;

c) Kiểm tra hoạt động đấu thầu được thực hiện theo phương thức kiểm tra trực tiếp hoặc qua báo cáo bằng văn bản;

d) Trình tự, thủ tục kiểm tra: chuẩn bị kiểm tra; tổ chức kiểm tra; kết luận kiểm tra; theo dõi thực hiện kết luận kiểm tra."
7e50a673-0e28-4a18-a91c-fe212c8ff576,download.pdf,N/A,general,795,"d) Trình tự, thủ tục kiểm tra: chuẩn bị kiểm tra; tổ chức kiểm tra; kết luận kiểm tra; theo dõi thực hiện kết luận kiểm tra.

3. Giám sát hoạt động đấu thầu:

a) Người có thẩm quyền, cơ quan quản lý nhà nước về đấu thầu thực hiện công tác giám sát hoạt động đấu thầu của chủ đầu tư, bên mời thầu nhằm bảo đảm quá trình lựa chọn nhà thầu, nhà đầu tư tuân thủ quy định của Luật này và pháp luật có liên quan;

b) Hoạt động đấu thầu được giám sát bởi cộng đồng. Ủy ban Mặt trận Tổ quốc Việt Nam các cấp chủ trì tổ chức việc giám sát hoạt động đấu thầu của cộng đồng;

c) Cơ quan quản lý nhà nước về đấu thầu thuộc Bộ, ngành, địa phương thực hiện việc giám sát thường xuyên hoạt động đấu thầu đối với các gói thầu thuộc dự án, dự án đầu tư kinh doanh, dự toán mua sắm trên địa bàn, lĩnh vực quản lý;"
1d03354b-e2bc-447a-b9d0-c8fa251eb820,download.pdf,N/A,general,652,"about:blank    54/61


---



1/13/26, 9:03 AM                                          about:blank

d) Người có thẩm quyền thực hiện việc giám sát hoạt động đấu thầu đối với các dự án, dự án đầu tư kinh doanh, dự toán mua sắm thuộc phạm vi quản lý;

đ) Giám sát hoạt động đấu thầu được thực hiện đối với một hoặc các nội dung sau: hồ sơ mời sơ tuyển, hồ sơ mời thầu, hồ sơ yêu cầu; đánh giá hồ sơ dự thầu, hồ sơ đề xuất; quy trình tổ chức lựa chọn nhà thầu, nhà đầu tư;

e) Trình tự, thủ tục giám sát hoạt động đấu thầu của người có thẩm quyền: chuẩn bị giám sát; thực hiện giám sát; báo cáo kết quả giám sát.

4. Chính phủ quy định chi tiết Điều này."
1fbfa152-cc35-4669-abac-551c05f13000,download.pdf,N/A,general,751,"## Điều 87. Xử lý vi phạm

1. Tổ chức, cá nhân có hành vi vi phạm quy định của pháp luật về đấu thầu thì tùy theo tính chất, mức độ vi phạm mà bị xử lý kỷ luật, xử phạt vi phạm hành chính hoặc bị truy cứu trách nhiệm hình sự; trường hợp gây thiệt hại thì phải bồi thường theo quy định của pháp luật.

2. Ngoài việc bị xử lý theo quy định tại khoản 1 Điều này, tùy theo tính chất, mức độ vi phạm, tổ chức, cá nhân thực hiện hành vi bị cấm quy định tại Luật này còn bị cấm tham gia hoạt động đấu thầu từ 06 tháng đến 05 năm.

3. Thẩm quyền quyết định cấm tham gia hoạt động đấu thầu được quy định như sau:

a) Người có thẩm quyền cấm tham gia hoạt động đấu thầu đối với các dự án, dự án đầu tư kinh doanh, dự toán mua sắm trong phạm vi quản lý của mình;"
258e3f68-2197-417a-84b6-0546be8f657b,download.pdf,N/A,general,763,"a) Người có thẩm quyền cấm tham gia hoạt động đấu thầu đối với các dự án, dự án đầu tư kinh doanh, dự toán mua sắm trong phạm vi quản lý của mình;

b) Bộ trưởng, Thủ trưởng cơ quan ngang Bộ, cơ quan thuộc Chính phủ, cơ quan khác ở Trung ương, Chủ tịch Ủy ban nhân dân cấp tỉnh cấm tham gia hoạt động đấu thầu trong phạm vi quản lý của Bộ, ngành, địa phương;

c) Bộ trưởng Bộ Kế hoạch và Đầu tư cấm tham gia hoạt động đấu thầu trong phạm vi quản lý của Bộ và trên phạm vi toàn quốc.

4. Quyết định cấm tham gia hoạt động đấu thầu phải được gửi cho tổ chức, cá nhân bị xử lý và cơ quan, tổ chức có liên quan; đồng thời gửi đến Bộ Kế hoạch và Đầu tư và phải đăng tải trên Hệ thống mạng đấu thầu quốc gia.

5. Chính phủ quy định chi tiết các khoản 2, 3 và 4 Điều này."
52a02f6b-8ddd-4c7f-88f5-41c9999e3160,download.pdf,N/A,general,77,"## Mục 2. XỬ LÝ TÌNH HUỐNG VÀ GIẢI QUYẾT KIẾN NGHỊ TRONG HOẠT ĐỘNG ĐẤU THẦU

"
b9c71248-bdd7-49ae-8ea4-97858cdd149e,download.pdf,N/A,general,481,"## Điều 88. Xử lý tình huống trong hoạt động đấu thầu

1. Trường hợp phát sinh tình huống chưa được quy định cụ thể, rõ ràng trong kế hoạch lựa chọn nhà thầu; hồ sơ mời quan tâm, hồ sơ mời sơ tuyển, hồ sơ mời thầu, hồ sơ yêu cầu và các nội dung khác trong hoạt động đấu thầu, người có thẩm quyền, chủ đầu tư quyết định và chịu trách nhiệm trước pháp luật về việc xử lý tình huống theo nguyên tắc bảo đảm cạnh tranh, công bằng, minh bạch, hiệu quả kinh tế và trách nhiệm giải trình."
24ba9e11-cdad-45d0-be61-6aedd27b5e24,download.pdf,N/A,general,682,"2. Việc xử lý tình huống căn cứ vào kế hoạch lựa chọn nhà thầu; hồ sơ mời quan tâm, hồ sơ mời sơ tuyển, hồ sơ mời thầu, hồ sơ yêu cầu; hồ sơ quan tâm, hồ sơ dự sơ tuyển, hồ sơ đăng ký thực hiện dự án đầu tư kinh doanh, hồ sơ dự thầu, hồ sơ đề xuất; kết quả lựa chọn nhà thầu, nhà đầu tư; hợp đồng đã ký kết với nhà thầu, nhà đầu tư được lựa chọn; tình hình thực tế triển khai thực hiện gói thầu, dự án, dự án đầu tư kinh doanh.

about:blank                                                                                               55/61


---



1/13/26, 9:03 AM                                   about:blank

3. Thẩm quyền xử lý tình huống trong đấu thầu được quy định như sau:"
4a2a2926-3637-458f-bc4d-3a73295b8506,download.pdf,N/A,general,461,"---



1/13/26, 9:03 AM                                   about:blank

3. Thẩm quyền xử lý tình huống trong đấu thầu được quy định như sau:

a) Đối với lựa chọn nhà thầu, người quyết định xử lý tình huống là chủ đầu tư. Trong trường hợp phức tạp, chủ đầu tư quyết định xử lý tình huống sau khi có ý kiến của người có thẩm quyền;

b) Đối với lựa chọn nhà đầu tư, người quyết định xử lý tình huống là người có thẩm quyền.

4. Chính phủ quy định chi tiết Điều này."
1ca9e267-92ba-415b-8ad8-1ca68d90ef27,download.pdf,N/A,general,783,"## Điều 89. Giải quyết kiến nghị trong hoạt động đấu thầu

1. Khi thấy quyền và lợi ích hợp pháp bị ảnh hưởng, nhà thầu, nhà đầu tư, cơ quan, tổ chức được kiến nghị người có thẩm quyền, chủ đầu tư, bên mời thầu xem xét lại các vấn đề trong quá trình lựa chọn nhà thầu, nhà đầu tư, kết quả lựa chọn nhà thầu, nhà đầu tư theo quy định tại các điều 90, 91 và 92 của Luật này.

2. Nhà thầu, nhà đầu tư, cơ quan, tổ chức chỉ được xem xét, giải quyết kiến nghị khi chưa gửi đơn khiếu nại, tố cáo, khởi kiện. Trường hợp đang trong quá trình giải quyết kiến nghị mà nhà thầu, nhà đầu tư, cơ quan, tổ chức khởi kiện, khiếu nại, tố cáo thì việc giải quyết kiến nghị được chấm dứt ngay.

3. Nhà thầu, nhà đầu tư, cơ quan, tổ chức có quyền rút đơn kiến nghị trong quá trình giải quyết kiến nghị."
47bf0d96-87aa-4b8d-a5e0-3d68d6ad617b,download.pdf,N/A,general,697,"## Điều 90. Điều kiện xem xét, giải quyết kiến nghị

1. Đối với các vấn đề trước khi có thông báo kết quả lựa chọn nhà thầu, nhà đầu tư, để được xem xét, giải quyết thì đơn kiến nghị phải đáp ứng đủ các điều kiện sau đây:

a) Đối với kiến nghị về nội dung hồ sơ mời thầu, đơn kiến nghị có thể là của các cơ quan, tổ chức quan tâm đến gói thầu, dự án đầu tư kinh doanh; đối với các nội dung khác về quá trình tổ chức lựa chọn nhà thầu, nhà đầu tư, đơn kiến nghị phải là của nhà thầu, nhà đầu tư tham dự thầu;

b) Đơn kiến nghị phải có chữ ký, đóng dấu (nếu có) của người đại diện hợp pháp của nhà thầu, nhà đầu tư, cơ quan, tổ chức gửi đơn hoặc được ký số, gửi trên Hệ thống mạng đấu thầu quốc gia;"
c290999c-1905-4729-86e0-6f121cc6e912,download.pdf,N/A,general,772,"c) Đơn kiến nghị được gửi đến đơn vị giải quyết kiến nghị quy định tại khoản 1 Điều 91 và khoản 1 Điều 92 của Luật này trước khi có thông báo kết quả lựa chọn nhà thầu, nhà đầu tư.

2. Đối với kết quả lựa chọn nhà thầu, nhà đầu tư, để được xem xét, giải quyết kiến nghị, nhà thầu, nhà đầu tư phải đáp ứng đủ các điều kiện sau đây:

a) Đơn kiến nghị là của nhà thầu, nhà đầu tư tham dự thầu;

b) Đơn kiến nghị phải có chữ ký, đóng dấu (nếu có) của người đại diện hợp pháp của nhà thầu, nhà đầu tư tham dự thầu hoặc được ký số, gửi trên Hệ thống mạng đấu thầu quốc gia;

c) Nội dung kiến nghị chưa được nhà thầu, nhà đầu tư khởi kiện, khiếu nại, tố cáo;

d) Nội dung kiến nghị liên quan trực tiếp đến kết quả đánh giá hồ sơ dự thầu của nhà thầu, nhà đầu tư có đơn kiến nghị;"
83e8f23b-46b9-4c19-8136-47163db115f2,download.pdf,N/A,general,735,"d) Nội dung kiến nghị liên quan trực tiếp đến kết quả đánh giá hồ sơ dự thầu của nhà thầu, nhà đầu tư có đơn kiến nghị;

đ) Chi phí giải quyết kiến nghị được nhà thầu, nhà đầu tư có kiến nghị nộp cho bộ phận thường trực giúp việc cho Chủ tịch Hội đồng tư vấn giải quyết kiến nghị (sau đây gọi là bộ phận thường trực) trước hoặc đồng thời với đơn kiến nghị;

e) Nhà thầu phải gửi đơn kiến nghị đến chủ đầu tư, người có thẩm quyền trong thời hạn quy định tại khoản 2 Điều 91 của Luật này; nhà đầu tư phải gửi đơn kiến nghị đến bên mời thầu, người có thẩm quyền trong thời hạn quy định tại khoản 2 Điều 92 của Luật này.

about:blank                                                                                               56/61


---"
652e80c9-e10c-42e9-9b6f-aa13f0046742,download.pdf,N/A,general,487,"about:blank                                                                                               56/61


---



1/13/26, 9:03 AM                                                    about:blank

3. Trường hợp kiến nghị của nhà thầu, nhà đầu tư, cơ quan, tổ chức không đáp ứng điều kiện quy định tại khoản 1 và khoản 2 Điều này, người có trách nhiệm giải quyết kiến nghị thông báo bằng văn bản cho nhà thầu, nhà đầu tư, cơ quan, tổ chức về việc không xem xét, giải quyết kiến nghị."
2f13bcf0-dfd4-48f5-b04f-999aa8959a57,download.pdf,N/A,general,518,"## Điều 91. Quy trình giải quyết kiến nghị về lựa chọn nhà thầu

1. Việc giải quyết kiến nghị về các vấn đề trước khi có thông báo kết quả lựa chọn nhà thầu được thực hiện như sau:

a) Nhà thầu, cơ quan, tổ chức gửi đơn kiến nghị đến chủ đầu tư trước khi kết quả lựa chọn nhà thầu được đăng tải trên Hệ thống mạng đấu thầu quốc gia;

b) Chủ đầu tư phải có văn bản giải quyết kiến nghị gửi đến nhà thầu, cơ quan, tổ chức trong thời hạn 07 ngày làm việc kể từ ngày nhận được đơn kiến nghị của nhà thầu, cơ quan, tổ chức;"
3aba8dc9-581f-44d7-895b-f22bd4742db9,download.pdf,N/A,general,730,"c) Trường hợp nhà thầu, cơ quan, tổ chức không đồng ý với kết quả giải quyết kiến nghị hoặc hết thời hạn quy định tại điểm b khoản này mà chủ đầu tư không có văn bản giải quyết kiến nghị thì nhà thầu, cơ quan, tổ chức có quyền gửi đơn kiến nghị đến người có thẩm quyền trong thời hạn 05 ngày làm việc kể từ ngày hết hạn giải quyết kiến nghị hoặc ngày nhận được văn bản giải quyết kiến nghị của chủ đầu tư;

d) Người có thẩm quyền phải có văn bản giải quyết kiến nghị gửi đến nhà thầu, cơ quan, tổ chức trong thời hạn 05 ngày làm việc kể từ ngày nhận được đơn kiến nghị của nhà thầu, cơ quan, tổ chức.

2. Việc giải quyết kiến nghị sau khi có thông báo kết quả lựa chọn nhà thầu được thực hiện theo một trong hai quy trình sau đây:"
5b4bfab9-8e79-42bd-a0ab-891ca5d148a6,download.pdf,N/A,general,428,"2. Việc giải quyết kiến nghị sau khi có thông báo kết quả lựa chọn nhà thầu được thực hiện theo một trong hai quy trình sau đây:

a) Nhà thầu gửi đơn kiến nghị đến chủ đầu tư trong thời hạn 10 ngày kể từ ngày kết quả lựa chọn nhà thầu được đăng tải trên Hệ thống mạng đấu thầu quốc gia. Chủ đầu tư phải có văn bản giải quyết kiến nghị gửi nhà thầu trong thời hạn 07 ngày làm việc kể từ ngày nhận được đơn kiến nghị của nhà thầu."
c0f99419-47cd-4542-b4f0-7b340f76dfcd,download.pdf,N/A,general,594,Trường hợp nhà thầu không đồng ý với kết quả giải quyết kiến nghị hoặc quá thời hạn quy định tại khoản này mà chủ đầu tư không có văn bản giải quyết kiến nghị thì nhà thầu có quyền gửi đơn kiến nghị đến người có thẩm quyền thông qua bộ phận thường trực trong thời hạn 05 ngày làm việc kể từ ngày hết hạn giải quyết kiến nghị hoặc ngày nhận được văn bản giải quyết kiến nghị của chủ đầu tư. Người có thẩm quyền ban hành quyết định giải quyết kiến nghị về kết quả lựa chọn nhà thầu trong thời hạn 05 ngày làm việc kể từ ngày nhận được ý kiến bằng văn bản của Hội đồng tư vấn giải quyết kiến nghị;
b789c227-5327-4de9-a278-49b9725c5bc7,download.pdf,N/A,general,649,"b) Nhà thầu gửi đơn kiến nghị đến người có thẩm quyền thông qua bộ phận thường trực trong thời hạn 10 ngày kể từ ngày kết quả lựa chọn nhà thầu được đăng tải trên Hệ thống mạng đấu thầu quốc gia. Người có thẩm quyền ban hành quyết định giải quyết kiến nghị về kết quả lựa chọn nhà thầu trong thời hạn 05 ngày làm việc kể từ ngày nhận được ý kiến bằng văn bản của Hội đồng tư vấn giải quyết kiến nghị.

3. Thời gian giải quyết kiến nghị quy định tại khoản 1 và khoản 2 Điều này được tính từ ngày bộ phận hành chính của người có trách nhiệm giải quyết kiến nghị nhận được đơn kiến nghị hoặc ngày gửi đơn kiến nghị trên Hệ thống mạng đấu thầu quốc gia."
c71b4bb6-0844-4d29-8607-a28d0744b2f8,download.pdf,N/A,general,769,"4. Trong trường hợp cần thiết, Hội đồng tư vấn giải quyết kiến nghị căn cứ đơn kiến nghị của nhà thầu đề nghị người có thẩm quyền xem xét tạm dừng việc ký kết, thực hiện hợp đồng. Trường hợp chấp thuận đề xuất của Hội đồng tư vấn giải quyết kiến nghị, trong thời hạn 05 ngày làm việc kể từ ngày nhận được văn bản, người có thẩm quyền có văn bản thông báo cho chủ đầu tư tạm dừng việc ký kết, thực hiện hợp đồng, trong đó xác định rõ thời gian tạm dừng.

5. Văn bản giải quyết kiến nghị phải có kết luận về nội dung mà nhà thầu kiến nghị; trường hợp kiến nghị được kết luận là đúng thì trong văn bản giải quyết kiến nghị phải nêu rõ biện pháp, cách thức và thời gian để khắc phục hậu quả (nếu có); nhà thầu có kiến nghị được nhận lại chi phí giải quyết kiến nghị đã nộp."
39e7b5ae-9e1c-45e1-b607-054b603c88d1,download.pdf,N/A,general,508,"about:blank                                                                                              57/61


---



1/13/26, 9:03 AM                                 about:blank

Trường hợp kiến nghị của nhà thầu được kết luận là không đúng thì văn bản trả lời phải giải thích rõ lý do; nhà thầu có kiến nghị không được hoàn trả chi phí giải quyết kiến nghị đã nộp.

6. Trường hợp không đồng ý với quyết định giải quyết kiến nghị của người có thẩm quyền, chủ đầu tư, nhà thầu có quyền khởi kiện ra Tòa án."
96fec064-cd8d-4301-bd64-8108055d5c04,download.pdf,N/A,general,487,"## Điều 92. Quy trình giải quyết kiến nghị về lựa chọn nhà đầu tư

1. Việc giải quyết kiến nghị về các vấn đề trước khi có thông báo kết quả lựa chọn nhà đầu tư được thực hiện như sau:

a) Nhà đầu tư, cơ quan, tổ chức gửi đơn kiến nghị đến bên mời thầu trước khi có thông báo kết quả lựa chọn nhà đầu tư;

b) Bên mời thầu phải có văn bản giải quyết kiến nghị gửi đến nhà đầu tư, cơ quan, tổ chức trong thời hạn 15 ngày kể từ ngày nhận được đơn kiến nghị của nhà đầu tư, cơ quan, tổ chức;"
7514a145-ee09-45a7-96be-8cf416ef2899,download.pdf,N/A,general,744,"c) Trường hợp nhà đầu tư, cơ quan, tổ chức không đồng ý với kết quả giải quyết kiến nghị hoặc quá thời hạn quy định tại điểm b khoản này mà bên mời thầu không có văn bản giải quyết kiến nghị thì nhà đầu tư, cơ quan, tổ chức có quyền gửi đơn kiến nghị đến người có thẩm quyền trong thời hạn 05 ngày làm việc kể từ ngày hết hạn giải quyết kiến nghị hoặc ngày nhận được văn bản giải quyết kiến nghị của bên mời thầu;

d) Người có thẩm quyền phải có văn bản giải quyết kiến nghị gửi đến nhà đầu tư, cơ quan, tổ chức trong thời hạn 05 ngày làm việc kể từ ngày nhận được đơn kiến nghị của nhà đầu tư, cơ quan, tổ chức.

2. Việc giải quyết kiến nghị sau khi có thông báo kết quả lựa chọn nhà đầu tư được thực hiện theo một trong hai quy trình sau đây:"
cda8aed7-0d26-4a24-8da8-d11831fa2c49,download.pdf,N/A,general,399,"2. Việc giải quyết kiến nghị sau khi có thông báo kết quả lựa chọn nhà đầu tư được thực hiện theo một trong hai quy trình sau đây:

a) Nhà đầu tư gửi đơn kiến nghị đến bên mời thầu trong thời hạn 10 ngày kể từ ngày có thông báo kết quả lựa chọn nhà đầu tư. Bên mời thầu phải có văn bản giải quyết kiến nghị gửi đến nhà đầu tư trong thời hạn 15 ngày kể từ ngày nhận được đơn kiến nghị của nhà đầu tư."
83fc083f-df57-4758-bccb-be9a2743353e,download.pdf,N/A,general,615,Trường hợp nhà đầu tư không đồng ý với kết quả giải quyết kiến nghị hoặc quá thời hạn giải quyết kiến nghị quy định tại điểm này mà bên mời thầu không có văn bản giải quyết kiến nghị thì nhà đầu tư có quyền gửi đơn kiến nghị đến người có thẩm quyền thông qua bộ phận thường trực trong thời hạn 05 ngày làm việc kể từ ngày hết hạn giải quyết kiến nghị hoặc ngày nhận được văn bản giải quyết kiến nghị của bên mời thầu. Người có thẩm quyền ban hành quyết định giải quyết kiến nghị về kết quả lựa chọn nhà đầu tư trong thời hạn 10 ngày kể từ ngày nhận được ý kiến bằng văn bản của Hội đồng tư vấn giải quyết kiến nghị;
8b10c334-7fad-4030-98a7-4c46e3019085,download.pdf,N/A,general,608,"b) Nhà đầu tư gửi đơn kiến nghị đến người có thẩm quyền thông qua bộ phận thường trực trong thời hạn 10 ngày kể từ ngày có thông báo kết quả lựa chọn nhà đầu tư. Người có thẩm quyền ban hành quyết định giải quyết kiến nghị về kết quả lựa chọn nhà đầu tư trong thời hạn 10 ngày kể từ ngày nhận được ý kiến bằng văn bản của Hội đồng tư vấn giải quyết kiến nghị.

3. Thời gian giải quyết kiến nghị quy định tại khoản 1 và khoản 2 Điều này được tính từ ngày bộ phận hành chính của người có trách nhiệm giải quyết kiến nghị nhận được đơn kiến nghị hoặc ngày gửi đơn kiến nghị trên Hệ thống mạng đấu thầu quốc gia."
fd3b0c36-ee5a-4381-b245-19d669cf48d0,download.pdf,N/A,general,764,"4. Trong trường hợp cần thiết, Hội đồng tư vấn giải quyết kiến nghị căn cứ đơn kiến nghị của nhà đầu tư đề nghị người có thẩm quyền xem xét tạm dừng việc ký kết, thực hiện hợp đồng. Trường hợp chấp thuận đề xuất của Hội đồng tư vấn giải quyết kiến nghị, trong thời hạn 10 ngày kể từ ngày nhận được văn bản, người có thẩm quyền có văn bản thông báo tạm dừng việc ký kết, thực hiện hợp đồng, trong đó xác định rõ thời gian tạm dừng.

5. Văn bản giải quyết kiến nghị phải có kết luận về nội dung mà nhà đầu tư kiến nghị; trường hợp kiến nghị được kết luận là đúng, trong văn bản giải quyết kiến nghị phải nêu rõ biện pháp, cách thức và thời gian để

about:blank                                                                                               58/61


---"
2e2400e7-19cc-4ea4-b59d-ce8033e2e6dc,download.pdf,N/A,general,757,"about:blank                                                                                               58/61


---



1/13/26, 9:03 AM                                         about:blank

khắc phục hậu quả (nếu có); nhà đầu tư có kiến nghị được nhận lại chi phí giải quyết kiến nghị đã nộp. Trường hợp kiến nghị của nhà đầu tư được kết luận là không đúng thì văn bản trả lời phải giải thích rõ lý do; nhà đầu tư không được hoàn trả chi phí giải quyết kiến nghị đã nộp.

6. Trường hợp không đồng ý với quyết định giải quyết kiến nghị của người có thẩm quyền, bên mời thầu, nhà đầu tư có quyền khởi kiện ra Tòa án.

**Điều 93. Thành phần, trách nhiệm và hoạt động của Hội đồng tư vấn giải quyết kiến nghị**

1. Hội đồng tư vấn giải quyết kiến nghị bao gồm:"
f0be9e8c-2bdb-4dbe-8b88-7686123608bf,download.pdf,N/A,general,732,"**Điều 93. Thành phần, trách nhiệm và hoạt động của Hội đồng tư vấn giải quyết kiến nghị**

1. Hội đồng tư vấn giải quyết kiến nghị bao gồm:

a) Hội đồng tư vấn giải quyết kiến nghị do Bộ trưởng Bộ Kế hoạch và Đầu tư thành lập;

b) Hội đồng tư vấn giải quyết kiến nghị do Bộ trưởng, Thủ trưởng cơ quan ngang Bộ, cơ quan thuộc Chính phủ, cơ quan khác ở Trung ương thành lập;

c) Hội đồng tư vấn giải quyết kiến nghị do Giám đốc Sở Kế hoạch và Đầu tư thành lập.

Hội đồng tư vấn giải quyết kiến nghị được thành lập trong thời hạn 05 ngày làm việc kể từ ngày nhận được đơn kiến nghị của nhà thầu, nhà đầu tư.

2. Thành phần Hội đồng tư vấn giải quyết kiến nghị và bộ phận thường trực của Chủ tịch Hội đồng tư vấn được quy định như sau:"
5f73fd64-e7df-4cc7-acc8-24dcade22d7e,download.pdf,N/A,general,599,"2. Thành phần Hội đồng tư vấn giải quyết kiến nghị và bộ phận thường trực của Chủ tịch Hội đồng tư vấn được quy định như sau:

a) Hội đồng tư vấn giải quyết kiến nghị gồm Chủ tịch, Phó Chủ tịch (nếu cần thiết) và các thành viên khác là đại diện của người có thẩm quyền, cơ quan có liên quan và có thể có đại diện của hiệp hội nghề nghiệp, chuyên gia, nhà khoa học.

Thành viên Hội đồng tư vấn không được là người có quan hệ gia đình theo quy định của Luật Doanh nghiệp với người ký đơn kiến nghị, cá nhân thuộc tổ chuyên gia, tổ thẩm định và người ký phê duyệt kết quả lựa chọn nhà thầu, nhà đầu tư;"
79347b2c-b095-4578-9a37-1853c2c590a5,download.pdf,N/A,general,797,"b) Chủ tịch Hội đồng tư vấn giải quyết kiến nghị quy định tại điểm a khoản 1 Điều này là đại diện của Bộ Kế hoạch và Đầu tư. Chủ tịch Hội đồng tư vấn giải quyết kiến nghị quy định tại điểm b khoản 1 Điều này là đại diện của đơn vị được giao nhiệm vụ quản lý về hoạt động đấu thầu thuộc các cơ quan này. Chủ tịch Hội đồng tư vấn giải quyết kiến nghị quy định tại điểm c khoản 1 Điều này là đại diện của Sở Kế hoạch và Đầu tư;

c) Bộ phận thường trực của Chủ tịch Hội đồng tư vấn giải quyết kiến nghị là đơn vị được giao quản lý về hoạt động đấu thầu nhưng không gồm các cá nhân thuộc tổ chuyên gia, tổ thẩm định của gói thầu, dự án. Bộ phận thường trực thực hiện các nhiệm vụ về hành chính do Chủ tịch Hội đồng tư vấn quy định; tiếp nhận và quản lý chi phí do nhà thầu, nhà đầu tư có kiến nghị nộp."
a418c4c7-8760-4f76-a1c3-9b01393f22fd,download.pdf,N/A,general,611,"3. Hội đồng tư vấn giải quyết kiến nghị có trách nhiệm sau đây:

a) Hội đồng tư vấn giải quyết kiến nghị quy định tại điểm a khoản 1 Điều này có trách nhiệm tư vấn giải quyết kiến nghị trong trường hợp Thủ tướng Chính phủ yêu cầu;

b) Hội đồng tư vấn giải quyết kiến nghị quy định tại điểm b khoản 1 Điều này có trách nhiệm tư vấn giải quyết kiến nghị đối với tất cả gói thầu thuộc dự án, dự toán mua sắm, dự án đầu tư kinh doanh do Bộ trưởng, Thủ trưởng cơ quan ngang Bộ, cơ quan thuộc Chính phủ, cơ quan khác ở Trung ương là người có thẩm quyền hoặc quản lý, trừ gói thầu, dự án quy định tại điểm a khoản này;"
33e720b8-4707-4111-b6d6-536c03da49f3,download.pdf,N/A,general,681,"c) Hội đồng tư vấn giải quyết kiến nghị quy định tại điểm c khoản 1 Điều này có trách nhiệm tư vấn giải quyết kiến nghị đối với tất cả gói thầu thuộc dự án, dự toán mua sắm, dự án đầu tư kinh doanh trên địa bàn tỉnh, thành phố trực thuộc Trung ương, trừ gói thầu, dự án quy định tại điểm a và điểm b khoản này.

about:blank                                                                                              59/61


---



1/13/26, 9:03 AM                                                                                                                                                about:blank

4. Hoạt động của Hội đồng tư vấn giải quyết kiến nghị được quy định như sau:"
efe17451-1ccb-4b0e-b5f7-2a8785648879,download.pdf,N/A,general,773,"4. Hoạt động của Hội đồng tư vấn giải quyết kiến nghị được quy định như sau:

a) Hội đồng tư vấn giải quyết kiến nghị hoạt động theo từng vụ việc, làm việc theo nguyên tắc tập thể và quyết định theo đa số. Thành viên được quyền bảo lưu ý kiến và chịu trách nhiệm trước pháp luật về ý kiến của mình;

b) Hội đồng tư vấn giải quyết kiến nghị có quyền yêu cầu nhà thầu, nhà đầu tư, chủ đầu tư, bên mời thầu và các cơ quan liên quan cung cấp thông tin của gói thầu, dự án, dự án đầu tư kinh doanh và các thông tin liên quan khác để thực hiện nhiệm vụ;

c) Kết quả giải quyết kiến nghị được gửi đến người có thẩm quyền trong thời hạn 25 ngày đối với kiến nghị của nhà thầu, 35 ngày đối với kiến nghị của nhà đầu tư kể từ ngày Hội đồng tư vấn giải quyết kiến nghị được thành lập."
7717b3ad-6f8a-4734-83a3-7730b338f91a,download.pdf,N/A,general,483,"## Điều 94. Quyền khởi kiện và yêu cầu Tòa án áp dụng biện pháp khẩn cấp tạm thời

1. Việc khởi kiện ra Tòa án được thực hiện theo quy định của pháp luật về tố tụng dân sự.

2. Khi nộp đơn khởi kiện hoặc trong quá trình Tòa án giải quyết vụ kiện, các bên có quyền yêu cầu Tòa án tạm dừng việc đóng thầu; phê duyệt danh sách ngắn; phê duyệt kết quả lựa chọn nhà thầu, nhà đầu tư; ký kết hợp đồng; thực hiện hợp đồng và các biện pháp khẩn cấp tạm thời khác theo quy định của pháp luật."
5e4d98ae-f7f9-41bc-b7dd-bf2075881d81,download.pdf,N/A,general,12,"# Chương X

"
563d7b33-176b-4cff-8117-6b8161bf17e9,download.pdf,N/A,general,24,"## ĐIỀU KHOẢN THI HÀNH

"
28080ecf-ff8f-4571-aa71-cef68a743442,download.pdf,N/A,general,617,"## Điều 95. Hiệu lực thi hành

1. Luật này có hiệu lực thi hành từ ngày 01 tháng 01 năm 2024.

2. Luật Đấu thầu số 43/2013/QH13 đã được sửa đổi, bổ sung một số điều theo Luật số 03/2016/QH14, Luật số 04/2017/QH14, Luật số 40/2019/QH14, Luật số 64/2020/QH14 và Luật số 03/2022/QH15 (sau đây gọi là Luật Đấu thầu số 43/2013/QH13) hết hiệu lực kể từ ngày Luật này có hiệu lực thi hành, trừ quy định tại Điều 96 của Luật này.

3. Hợp đồng được ký kết theo quy định tại điểm a khoản 1 Điều 55 của Luật này được thực hiện trong thời hạn quy định tại hợp đồng nhưng không quá 05 năm kể từ ngày Luật này có hiệu lực thi hành."
c5292fe0-054b-492b-94f6-c97ecf710f0c,download.pdf,N/A,general,785,"## Điều 96. Quy định chuyển tiếp

1. Các gói thầu lựa chọn nhà thầu đã phê duyệt và phát hành hồ sơ mời quan tâm, hồ sơ mời sơ tuyển, hồ sơ mời thầu, hồ sơ yêu cầu trước ngày Luật này có hiệu lực thi hành thì tiếp tục tổ chức lựa chọn danh sách ngắn, lựa chọn nhà thầu, ký kết và quản lý thực hiện hợp đồng theo quy định của Luật Đấu thầu số 43/2013/QH13 và các văn bản quy định chi tiết, hướng dẫn thi hành.

2. Dự án đầu tư kinh doanh đã phê duyệt và phát hành hồ sơ mời thầu trước ngày Luật này có hiệu lực thi hành thì tiếp tục tổ chức lựa chọn nhà đầu tư, ký kết và quản lý thực hiện hợp đồng theo quy định của Luật Đấu thầu số 43/2013/QH13 và các văn bản quy định chi tiết, hướng dẫn thi hành. Chính phủ quy định chi tiết việc áp dụng chuyển tiếp đối với dự án đầu tư kinh doanh."
7589c9b0-f2e3-4b23-8289-1343e177bd55,download.pdf,N/A,general,780,"3. Trong thời gian kể từ ngày 01 tháng 01 năm 2024 đến ngày Luật Đất đai sửa đổi có hiệu lực thi hành, việc lựa chọn nhà đầu tư thực hiện dự án đầu tư có sử dụng đất được tiếp tục thực hiện theo quy định của Luật Đấu thầu số 43/2013/QH13 và các văn bản quy định chi tiết, hướng dẫn thi hành.

4. Hợp đồng mà nhà thầu trúng thầu vật tư, hóa chất có trách nhiệm cung cấp trang thiết bị y tế để sử dụng vật tư, hóa chất đó được ký kết trước ngày Luật này có hiệu lực thi hành được tiếp tục thực hiện trong thời

about:blank60/61


---



1/13/26, 9:03 AM                                                                                                                            about:blank

hạn quy định tại hợp đồng nhưng không quá 05 năm kể từ ngày Luật này có hiệu lực thi hành./."
f2ac4012-d8c8-46df-8db2-e4ee13c15f29,download.pdf,N/A,general,437,"hạn quy định tại hợp đồng nhưng không quá 05 năm kể từ ngày Luật này có hiệu lực thi hành./.

*Luật này được Quốc hội nước Cộng hòa xã hội chủ nghĩa Việt Nam khóa XV, kỳ họp thứ 5 thông qua ngày 23 tháng 6 năm 2023.*

**CHỦ TỊCH QUỐC HỘI**

**Vương Đình Huệ**

about:blank                                                                                                                                                                61/61"
bce640aa-a5aa-497d-a8aa-e8adf69ec2fd,download.pdf,N/A,general,892,"1/13/26, 9:03 AM                                                                                                                about:blank

**QUỐC HỘI**                    **CỘNG HÒA XÃ HỘI CHỦ NGHĨA VIỆT NAM**
                                **Độc lập - Tự do - Hạnh phúc**
                                        **---------------**

Luật số: 22/2023/QH15                *Hà Nội, ngày 23 tháng 6 năm 2023*

**LUẬT**

**ĐẤU THẦU**

*Căn cứ Hiến pháp nước Cộng hòa xã hội chủ nghĩa Việt Nam;*

*Quốc hội ban hành Luật Đấu thầu.*

**Chương I**

**QUY ĐỊNH CHUNG**

**Điều 1. Phạm vi điều chỉnh**

Luật này quy định về quản lý nhà nước đối với hoạt động đấu thầu; thẩm quyền và trách nhiệm của các cơ quan, tổ chức, cá nhân trong hoạt động đấu thầu; hoạt động lựa chọn nhà thầu thực hiện gói thầu, hoạt động lựa chọn nhà đầu tư thực hiện dự án đầu tư kinh doanh.

**Điều 2. Đối tượng áp dụng**"
6bb83648-b339-4cfe-b3df-ede689e072c2,download.pdf,N/A,general,917,"**Điều 2. Đối tượng áp dụng**

Luật này áp dụng đối với các cơ quan, tổ chức, cá nhân tham gia hoặc có liên quan đến hoạt động đấu thầu bao gồm:

1. Hoạt động lựa chọn nhà thầu có sử dụng vốn ngân sách nhà nước theo quy định của Luật Ngân sách nhà nước, vốn từ nguồn thu hợp pháp theo quy định của pháp luật của các cơ quan nhà nước, đơn vị sự nghiệp công lập để:

a) Thực hiện dự án đầu tư, dự toán mua sắm của cơ quan nhà nước, tổ chức chính trị, tổ chức chính trị - xã hội, tổ chức chính trị xã hội - nghề nghiệp, tổ chức xã hội - nghề nghiệp, tổ chức xã hội, đơn vị thuộc lực lượng vũ trang nhân dân, đơn vị sự nghiệp công lập và các tổ chức, cá nhân khác;

b) Cung cấp sản phẩm, dịch vụ công; mua thuốc, hóa chất, vật tư xét nghiệm, thiết bị y tế; mua hàng dự trữ quốc gia, thuê bảo quản hàng dự trữ quốc gia, trừ hoạt động mua trực tiếp rộng rãi của mọi đối tượng theo quy định của pháp luật về dự trữ quốc gia;"
fa665368-977e-4003-9685-7b048b5dce59,download.pdf,N/A,general,886,"c) Thực hiện các công việc khác phải tổ chức đấu thầu theo quy định của pháp luật có liên quan;

2. Hoạt động lựa chọn nhà thầu để thực hiện:

a) Các gói thầu thuộc dự án đầu tư của doanh nghiệp nhà nước theo quy định của Luật Doanh nghiệp và doanh nghiệp do doanh nghiệp nhà nước nắm giữ 100% vốn điều lệ;

b) Gói thầu trang bị cơ sở vật chất - kỹ thuật, máy móc, thiết bị hỗ trợ phát triển khoa học và công nghệ từ quỹ phát triển khoa học và công nghệ của doanh nghiệp nhà nước;

3. Hoạt động lựa chọn nhà đầu tư thực hiện dự án đầu tư kinh doanh gồm:

about:blank                                                                                                                    1/61


---



1/13/26, 9:03 AM                                                    about:blank

a) Dự án đầu tư có sử dụng đất thuộc trường hợp phải tổ chức đấu thầu theo quy định của pháp luật về đất đai;"
2e95be93-8d1e-4117-88ce-1868ca91a605,download.pdf,N/A,general,692,"---



1/13/26, 9:03 AM                                                    about:blank

a) Dự án đầu tư có sử dụng đất thuộc trường hợp phải tổ chức đấu thầu theo quy định của pháp luật về đất đai;

b) Dự án đầu tư thuộc trường hợp phải tổ chức đấu thầu lựa chọn nhà đầu tư theo quy định của pháp luật quản lý ngành, lĩnh vực;

4. Tổ chức, cá nhân có hoạt động đấu thầu không thuộc trường hợp quy định tại các khoản 1, 2 và 3 Điều này được tự quyết định chọn áp dụng toàn bộ hoặc các điều, khoản, điểm cụ thể của Luật này.

**Điều 3. Áp dụng Luật Đấu thầu, pháp luật có liên quan và điều ước quốc tế, thỏa thuận về vốn hỗ trợ phát triển chính thức, vốn vay ưu đãi của nhà tài trợ nước ngoài**"
8913833a-ca63-48c6-8e43-33a76a0baedf,download.pdf,N/A,general,902,"**Điều 3. Áp dụng Luật Đấu thầu, pháp luật có liên quan và điều ước quốc tế, thỏa thuận về vốn hỗ trợ phát triển chính thức, vốn vay ưu đãi của nhà tài trợ nước ngoài**

1. Hoạt động đấu thầu thuộc phạm vi điều chỉnh của Luật này phải tuân thủ quy định của Luật này và quy định khác của pháp luật có liên quan. Trường hợp có quy định khác nhau về đấu thầu giữa Luật này và luật khác được ban hành trước ngày Luật này có hiệu lực thi hành thì thực hiện theo quy định của Luật này, trừ trường hợp quy định tại các khoản 2, 3, 4, 5, 6 và 7 Điều này.

2. Việc lựa chọn nhà thầu ký kết hợp đồng dầu khí thực hiện theo quy định của pháp luật về dầu khí.

3. Việc lựa chọn nhà đầu tư thực hiện dự án đầu tư theo phương thức đối tác công tư (PPP), lựa chọn nhà thầu thực hiện các gói thầu thuộc dự án đầu tư theo phương thức PPP thực hiện theo quy định của pháp luật về đầu tư theo phương thức đối tác công tư."
7543d3a4-1352-4d97-9c42-c624aab126d3,download.pdf,N/A,general,904,"4. Việc lựa chọn nhà thầu ở nước ngoài để thực hiện gói thầu ở nước ngoài của cơ quan đại diện Việt Nam ở nước ngoài thực hiện theo quy định của pháp luật về cơ quan đại diện nước Cộng hòa xã hội chủ nghĩa Việt Nam ở nước ngoài.

5. Việc lựa chọn nhà thầu thuộc dự án có sử dụng vốn hỗ trợ phát triển chính thức (ODA), vốn vay ưu đãi của nhà tài trợ nước ngoài theo điều ước quốc tế mà nước Cộng hòa xã hội chủ nghĩa Việt Nam là thành viên (sau đây gọi là điều ước quốc tế), thỏa thuận vay nước ngoài thì áp dụng quy định của điều ước quốc tế, thỏa thuận vay đó. Trường hợp điều ước quốc tế, thỏa thuận vay không quy định hoặc quy định phải áp dụng pháp luật Việt Nam thì áp dụng quy định của Luật này.

Trước khi đàm phán, quyết định ký thỏa thuận vay không phải là điều ước quốc tế có quy định về đấu thầu khác hoặc chưa được quy định tại Luật này, Chính phủ trình Ủy ban Thường vụ Quốc hội cho ý kiến."
d2dc8724-3f96-4d35-b354-701c508e62eb,download.pdf,N/A,general,854,"6. Trường hợp gói thầu bao gồm cả nội dung mua sắm thuộc phạm vi điều chỉnh của Luật này và nội dung mua sắm thuộc phạm vi điều chỉnh của điều ước quốc tế thì người có thẩm quyền có thể quyết định việc lựa chọn nhà thầu của phần nội dung mua sắm thuộc phạm vi điều chỉnh của Luật này thực hiện theo quy định của điều ước quốc tế.

7. Cơ quan, tổ chức, doanh nghiệp được tự quyết định việc lựa chọn nhà thầu trên cơ sở bảo đảm công khai, minh bạch, hiệu quả kinh tế và trách nhiệm giải trình trong các trường hợp sau đây:

a) Lựa chọn nhà thầu thực hiện gói thầu sử dụng vốn do tổ chức, cá nhân trong nước tài trợ mà nhà tài trợ yêu cầu không lựa chọn nhà thầu theo quy định của Luật này; gói thầu của đơn vị sự nghiệp công lập sử dụng nguồn vốn vay, trừ vốn tín dụng đầu tư của nhà nước, vốn vay lại từ vốn ODA, vốn vay ưu đãi của nhà tài trợ nước ngoài;"
5d593ce0-7eae-4b91-8c35-884e583193bc,download.pdf,N/A,general,992,"b) Tổ chức lựa chọn nhà thầu ở nước ngoài của cơ quan nhà nước, đơn vị sự nghiệp công lập, doanh nghiệp nhà nước, doanh nghiệp do doanh nghiệp nhà nước nắm giữ 100% vốn điều lệ, trừ trường hợp quy định tại khoản 4 Điều này;

c) Việc thuê, mua, thuê mua nhà, trụ sở, tài sản gắn liền với đất;

about:blank2/61


---



1/13/26, 9:03 AM                                      about:blank

d) Lựa chọn nhà thầu cung cấp hàng hóa, dịch vụ tư vấn, dịch vụ phi tư vấn để bảo đảm tính liên tục cho hoạt động sản xuất, kinh doanh và mua sắm nhằm duy trì hoạt động thường xuyên sử dụng nguồn vốn sản xuất, kinh doanh của doanh nghiệp nhà nước, doanh nghiệp do doanh nghiệp nhà nước nắm giữ 100% vốn điều lệ; lựa chọn nhà thầu để thực hiện các gói thầu thuộc dự án đầu tư kinh doanh quy định tại khoản 3 Điều 2 của Luật này; lựa chọn nhà thầu cung cấp dịch vụ tư vấn, nguyên liệu, nhiên liệu, vật liệu, vật tư, dịch vụ phi tư vấn phục vụ trực tiếp cho gói thầu mà đơn vị sự nghiệp công lập đã trúng thầu;"
6df8f1a8-21c0-4019-be63-771b9d61962a,download.pdf,N/A,general,491,"đ) Việc xác định hòa giải viên, thành viên trong ban phân xử tranh chấp, hội đồng trọng tài để xử lý tranh chấp phát sinh trong quá trình thực hiện hợp đồng do các bên tự quyết định theo quy định của hợp đồng;

e) Mua sắm hàng hóa, dịch vụ có giá bán do Nhà nước định giá cụ thể theo quy định của pháp luật về giá;

g) Lựa chọn nhà thầu cung cấp dịch vụ dầu khí, hàng hóa phục vụ hoạt động dầu khí phù hợp với hợp đồng dầu khí được cấp có thẩm quyền phê duyệt theo quy định của Luật Dầu khí."
73d59c23-7775-43fc-9ec8-7b632e63de64,download.pdf,N/A,general,971,"## Điều 4. Giải thích từ ngữ

Trong Luật này, các từ ngữ dưới đây được hiểu như sau:

1. *Bên mời thầu* là cơ quan, tổ chức thực hiện các hoạt động đấu thầu, bao gồm:

a) Chủ đầu tư hoặc tổ chức do chủ đầu tư quyết định thành lập hoặc lựa chọn;

b) Cơ quan có thẩm quyền chấp thuận chủ trương đầu tư hoặc cơ quan có thẩm quyền quyết định tổ chức đấu thầu lựa chọn nhà đầu tư; đơn vị được cơ quan có thẩm quyền giao nhiệm vụ tổ chức lựa chọn nhà đầu tư.

2. *Chủ đầu tư* là cơ quan, tổ chức sở hữu vốn, vay vốn hoặc được giao trực tiếp quản lý, sử dụng vốn, quản lý quá trình thực hiện dự án; đơn vị sử dụng ngân sách; đơn vị dự toán trực tiếp sử dụng dự toán mua sắm ngoài ngân sách nhà nước; đơn vị mua sắm tập trung.

3. *Danh sách ngắn* là danh sách nhà thầu trúng sơ tuyển đối với đấu thầu rộng rãi có sơ tuyển; danh sách nhà thầu, nhà đầu tư được mời tham dự thầu đối với đấu thầu hạn chế; danh sách nhà thầu có hồ sơ quan tâm đáp ứng yêu cầu của hồ sơ mời quan tâm."
f744ce3b-07e6-4a0e-8695-dd7c63bf63e6,download.pdf,N/A,general,820,"4. *Dịch vụ tư vấn* là một hoặc một số hoạt động dịch vụ bao gồm: lập, đánh giá báo cáo quy hoạch, tổng sơ đồ phát triển, kiến trúc; khảo sát, lập báo cáo nghiên cứu tiền khả thi, báo cáo đề xuất chủ trương đầu tư, hồ sơ đề nghị chấp thuận chủ trương đầu tư, báo cáo nghiên cứu khả thi, báo cáo kinh tế - kỹ thuật, báo cáo đánh giá tác động môi trường; khảo sát, lập thiết kế, dự toán; tư vấn đấu thầu; tư vấn thẩm tra, thẩm định; tư vấn giám sát; tư vấn quản lý dự án; tư vấn thu xếp tài chính; kiểm toán và các dịch vụ tư vấn khác.

5. *Dịch vụ phi tư vấn* là một hoặc một số hoạt động dịch vụ bao gồm: logistics, bảo hiểm, quảng cáo, nghiệm thu chạy thử, chụp ảnh vệ tinh; in ấn; vệ sinh; truyền thông; sửa chữa, bảo trì, bảo dưỡng và hoạt động dịch vụ khác không phải là dịch vụ tư vấn quy định tại khoản 4 Điều này."
9908cb05-8aa6-4cef-ad82-52edf541ed8c,download.pdf,N/A,general,862,"6. *Dự án đầu tư* (sau đây gọi là dự án) bao gồm: chương trình, dự án đầu tư xây dựng mới; dự án mua sắm tài sản; dự án cải tạo, nâng cấp, mở rộng; dự án, nhiệm vụ, đề án quy hoạch; hỗ trợ kỹ thuật; các chương trình, dự án khác theo quy định của pháp luật.

7. *Dự toán mua sắm* là dự kiến nguồn kinh phí để mua sắm trong phạm vi dự toán ngân sách nhà nước được cấp có thẩm quyền phê duyệt đối với cơ quan nhà nước, tổ chức chính trị, tổ chức chính trị - xã hội, tổ chức chính trị xã hội - nghề nghiệp, tổ chức xã hội - nghề nghiệp, tổ chức xã hội, đơn vị thuộc lực lượng vũ trang nhân dân, đơn vị sự nghiệp công lập và các tổ chức, cá nhân khác; dự kiến nguồn kinh phí để mua sắm trong phạm vi nguồn tài chính hợp pháp của cơ quan nhà nước, đơn vị sự nghiệp công lập.

about:blank    3/61


---



1/13/26, 9:03 AM                                    about:blank"
998f4177-73b7-406e-a644-0066ec72c330,download.pdf,N/A,general,889,"about:blank    3/61


---



1/13/26, 9:03 AM                                    about:blank

8. *Đấu thầu* là quá trình lựa chọn nhà thầu để ký kết, thực hiện hợp đồng cung cấp dịch vụ tư vấn, dịch vụ phi tư vấn, mua sắm hàng hóa, xây lắp, lựa chọn nhà đầu tư để ký kết, thực hiện hợp đồng dự án đầu tư kinh doanh trên cơ sở bảo đảm cạnh tranh, công bằng, minh bạch, hiệu quả kinh tế và trách nhiệm giải trình.

9. *Đấu thầu qua mạng* là việc thực hiện hoạt động đấu thầu trên Hệ thống mạng đấu thầu quốc gia.

10. *Đấu thầu quốc tế* là hoạt động đấu thầu mà nhà thầu, nhà đầu tư trong nước, nước ngoài được tham dự thầu.

11. *Đấu thầu trong nước* là hoạt động đấu thầu chỉ có nhà thầu, nhà đầu tư trong nước được tham dự thầu.

12. *Giá dự thầu* là giá do nhà thầu chào trong đơn dự thầu, bao gồm toàn bộ các chi phí để thực hiện gói thầu theo yêu cầu của hồ sơ mời thầu, hồ sơ yêu cầu."
1eacd212-aed9-4363-9f0c-26211f8822ec,download.pdf,N/A,general,966,"12. *Giá dự thầu* là giá do nhà thầu chào trong đơn dự thầu, bao gồm toàn bộ các chi phí để thực hiện gói thầu theo yêu cầu của hồ sơ mời thầu, hồ sơ yêu cầu.

13. *Giá đề nghị trúng thầu* là giá dự thầu của nhà thầu được đề nghị trúng thầu sau khi đã được sửa lỗi, hiệu chỉnh sai lệch theo yêu cầu của hồ sơ mời thầu, hồ sơ yêu cầu, trừ đi giá trị giảm giá (nếu có).

14. *Giá hợp đồng* là giá trị ghi trong hợp đồng giữa chủ đầu tư và nhà thầu.

15. *Gói thầu* là một phần hoặc toàn bộ dự án, dự toán mua sắm, có thể gồm những nội dung mua sắm giống nhau thuộc nhiều dự án hoặc là khối lượng mua sắm một lần, khối lượng mua sắm cho một thời kỳ đối với dự toán mua sắm, mua sắm tập trung.

16. *Gói thầu hỗn hợp* là gói thầu thuộc các trường hợp sau: thiết kế và cung cấp hàng hóa (EP); thiết kế và xây lắp (EC); cung cấp hàng hóa và xây lắp (PC); thiết kế, cung cấp hàng hóa và xây lắp (EPC); lập dự án, thiết kế, cung cấp hàng hóa và xây lắp (chìa khóa trao tay)."
6a6a35f9-006f-41ac-b9e3-8494431e5ef3,download.pdf,N/A,general,429,"17. *Hàng hóa* gồm máy móc, thiết bị, nguyên liệu, nhiên liệu, vật liệu, vật tư, phụ tùng; sản phẩm; phương tiện; hàng tiêu dùng; thuốc, hóa chất, vật tư xét nghiệm, thiết bị y tế; phần mềm thương mại.

18. *Hệ thống mạng đấu thầu quốc gia* là hệ thống công nghệ thông tin do cơ quan quản lý nhà nước về hoạt động đấu thầu xây dựng và quản lý nhằm mục đích thống nhất quản lý thông tin về đấu thầu và thực hiện đấu thầu qua mạng."
fee2ea82-a713-4576-80b8-45fcca57af95,download.pdf,N/A,general,940,"19. *Hồ sơ mời quan tâm, hồ sơ mời sơ tuyển* là toàn bộ tài liệu sử dụng cho hình thức đấu thầu rộng rãi có bước mời quan tâm, sơ tuyển, bao gồm các yêu cầu về năng lực và kinh nghiệm đối với nhà thầu làm căn cứ để bên mời thầu lựa chọn danh sách nhà thầu trúng sơ tuyển, danh sách nhà thầu có hồ sơ quan tâm được đánh giá đáp ứng yêu cầu của hồ sơ mời quan tâm. Trường hợp lựa chọn nhà đầu tư, hồ sơ mời quan tâm là toàn bộ tài liệu sử dụng cho dự án cần xác định số lượng nhà đầu tư quan tâm theo quy định của pháp luật về đất đai, pháp luật về quản lý ngành, lĩnh vực, bao gồm yêu cầu sơ bộ về năng lực, kinh nghiệm đối với nhà đầu tư.

20. *Hồ sơ quan tâm, hồ sơ dự sơ tuyển* là toàn bộ tài liệu do nhà thầu lập và nộp cho bên mời thầu theo yêu cầu của hồ sơ mời quan tâm, hồ sơ mời sơ tuyển. Trường hợp lựa chọn nhà đầu tư, hồ sơ đăng ký thực hiện dự án là toàn bộ tài liệu do nhà đầu tư lập và nộp theo yêu cầu của hồ sơ mời quan tâm."
ec9940a7-f789-4f46-a3db-73d25bd0ecd9,download.pdf,N/A,general,975,"21. *Hồ sơ mời thầu* là toàn bộ tài liệu sử dụng cho hình thức đấu thầu rộng rãi, đấu thầu hạn chế, chào hàng cạnh tranh, bao gồm các yêu cầu cho một dự án, gói thầu, dự án đầu tư kinh doanh làm căn cứ để nhà thầu, nhà đầu tư chuẩn bị hồ sơ dự thầu và để bên mời thầu tổ chức đánh giá hồ sơ dự thầu.

22. *Hồ sơ yêu cầu* là toàn bộ tài liệu sử dụng cho hình thức chỉ định thầu, mua sắm trực tiếp, đàm phán giá, bao gồm các yêu cầu cho gói thầu, làm căn cứ để nhà thầu chuẩn bị hồ sơ đề xuất và để bên mời thầu tổ chức đánh giá hồ sơ đề xuất.

23. *Hồ sơ dự thầu, hồ sơ đề xuất* là toàn bộ tài liệu do nhà thầu, nhà đầu tư lập và nộp cho bên mời thầu theo yêu cầu của hồ sơ mời thầu, hồ sơ yêu cầu.

about:blank                                                                                                4/61


---



1/13/26, 9:03 AM                                                                                                                                about:blank"
17ca1b0c-5b9c-422e-a129-e4a68043506e,download.pdf,N/A,general,706,"---



1/13/26, 9:03 AM                                                                                                                                about:blank

24. *Người có thẩm quyền* là người quyết định đầu tư hoặc người quyết định việc mua sắm theo quy định của pháp luật. Trường hợp lựa chọn nhà đầu tư, người có thẩm quyền là người đứng đầu cơ quan có thẩm quyền chấp thuận chủ trương đầu tư theo quy định của pháp luật về đầu tư hoặc cơ quan có thẩm quyền quyết định tổ chức đấu thầu lựa chọn nhà đầu tư.

25. *Nhà đầu tư* là tổ chức, cá nhân tham dự thầu, đứng tên dự thầu và trực tiếp ký, thực hiện hợp đồng nếu được lựa chọn. Nhà đầu tư có thể là nhà đầu tư độc lập hoặc nhà đầu tư liên danh."
dc8c0261-dd39-411d-9133-420e4fb86b1a,download.pdf,N/A,general,859,"25. *Nhà đầu tư* là tổ chức, cá nhân tham dự thầu, đứng tên dự thầu và trực tiếp ký, thực hiện hợp đồng nếu được lựa chọn. Nhà đầu tư có thể là nhà đầu tư độc lập hoặc nhà đầu tư liên danh.

26. *Nhà thầu* là tổ chức, cá nhân hoặc kết hợp giữa các tổ chức hoặc giữa các cá nhân với nhau theo hình thức liên danh trên cơ sở thỏa thuận liên danh tham dự thầu, đứng tên dự thầu và trực tiếp ký, thực hiện hợp đồng nếu được lựa chọn. Trường hợp liên danh, thỏa thuận liên danh phải quy định rõ trách nhiệm của thành viên đứng đầu liên danh và trách nhiệm chung, trách nhiệm riêng của từng thành viên trong liên danh đối với toàn bộ phạm vi của gói thầu.

27. *Nhà thầu phụ* là tổ chức, cá nhân ký hợp đồng với nhà thầu để tham gia thực hiện công việc xây lắp; tư vấn; phi tư vấn; dịch vụ liên quan của gói thầu cung cấp hàng hóa; công việc thuộc gói thầu hỗn hợp."
ed8a3644-e4ab-487b-ac89-192fa174f61d,download.pdf,N/A,general,978,"28. *Nhà thầu phụ đặc biệt* là nhà thầu phụ thực hiện công việc quan trọng của gói thầu do nhà thầu đề xuất trong hồ sơ dự thầu, hồ sơ đề xuất trên cơ sở yêu cầu về năng lực, kinh nghiệm ghi trong hồ sơ mời thầu, hồ sơ yêu cầu.

29. *Nhà thầu nước ngoài, nhà đầu tư nước ngoài* là tổ chức được thành lập theo pháp luật nước ngoài hoặc cá nhân có quốc tịch nước ngoài tham dự thầu.

30. *Nhà thầu trong nước, nhà đầu tư trong nước* là tổ chức được thành lập theo pháp luật Việt Nam hoặc cá nhân có quốc tịch Việt Nam tham dự thầu.

31. *Thời điểm đóng thầu* là thời điểm hết hạn nhận hồ sơ quan tâm, hồ sơ dự sơ tuyển, hồ sơ dự thầu, hồ sơ đề xuất.

32. *Thời gian có hiệu lực của hồ sơ dự thầu, hồ sơ đề xuất* là số ngày được quy định trong hồ sơ mời thầu, hồ sơ yêu cầu và được tính kể từ ngày có thời điểm đóng thầu đến ngày cuối cùng có hiệu lực theo quy định trong hồ sơ mời thầu, hồ sơ yêu cầu. Từ thời điểm đóng thầu đến hết 24 giờ của ngày đóng thầu được tính là 01 ngày."
57487ce2-014d-45e6-8d7c-032bba891ec1,download.pdf,N/A,general,892,"33. *Xây lắp* gồm những công việc thuộc quá trình xây dựng và lắp đặt công trình, hạng mục công trình.

**Điều 5. Tư cách hợp lệ của nhà thầu, nhà đầu tư**

1. Nhà thầu, nhà đầu tư là tổ chức có tư cách hợp lệ khi đáp ứng đủ các điều kiện sau đây:

a) Đối với nhà thầu, nhà đầu tư trong nước: là doanh nghiệp, hợp tác xã, liên hiệp hợp tác xã, tổ hợp tác, đơn vị sự nghiệp công lập, tổ chức kinh tế có vốn đầu tư nước ngoài đăng ký thành lập, hoạt động theo quy định của pháp luật Việt Nam. Đối với nhà thầu, nhà đầu tư nước ngoài: có đăng ký thành lập, hoạt động theo pháp luật nước ngoài;

b) Hạch toán tài chính độc lập;

c) Không đang trong quá trình thực hiện thủ tục giải thể hoặc bị thu hồi giấy chứng nhận đăng ký doanh nghiệp, giấy chứng nhận đăng ký hợp tác xã, liên hiệp hợp tác xã, tổ hợp tác; không thuộc trường hợp mất khả năng thanh toán theo quy định của pháp luật về phá sản;"
c47a592f-6ef3-4bf0-8699-1730dc99206f,download.pdf,N/A,general,983,"d) Có tên trên Hệ thống mạng đấu thầu quốc gia trước khi phê duyệt kết quả lựa chọn nhà thầu, nhà đầu tư;

đ) Bảo đảm cạnh tranh trong đấu thầu theo quy định tại Điều 6 của Luật này;

about:blank5/61


---



1/13/26, 9:03 AM                                                    about:blank

e) Không đang trong thời gian bị cấm tham dự thầu theo quyết định của người có thẩm quyền, Bộ trưởng, Thủ trưởng cơ quan ngang Bộ, cơ quan thuộc Chính phủ, cơ quan khác ở Trung ương, Chủ tịch Ủy ban nhân dân cấp tỉnh quy định tại khoản 3 Điều 87 của Luật này;

g) Không đang bị truy cứu trách nhiệm hình sự;

h) Có tên trong danh sách ngắn đối với trường hợp đã lựa chọn được danh sách ngắn;

i) Đối với nhà thầu nước ngoài, phải liên danh với nhà thầu trong nước hoặc sử dụng nhà thầu phụ trong nước, trừ trường hợp nhà thầu trong nước không đủ năng lực tham gia vào bất kỳ phần công việc nào của gói thầu.

2. Nhà thầu là hộ kinh doanh có tư cách hợp lệ khi đáp ứng đủ các điều kiện sau đây:"
1673f5dd-95d2-4ad7-a579-0f0df1943e11,download.pdf,N/A,general,880,"2. Nhà thầu là hộ kinh doanh có tư cách hợp lệ khi đáp ứng đủ các điều kiện sau đây:

a) Có giấy chứng nhận đăng ký hộ kinh doanh theo quy định của pháp luật;

b) Không đang trong quá trình chấm dứt hoạt động hoặc bị thu hồi giấy chứng nhận đăng ký hộ kinh doanh; chủ hộ kinh doanh không đang bị truy cứu trách nhiệm hình sự;

c) Đáp ứng điều kiện quy định tại các điểm d, đ, e và h khoản 1 Điều này.

3. Nhà thầu, nhà đầu tư là cá nhân có tư cách hợp lệ khi đáp ứng đủ các điều kiện sau đây:

a) Có năng lực hành vi dân sự đầy đủ theo quy định pháp luật của nước mà cá nhân đó là công dân;

b) Có chứng chỉ chuyên môn phù hợp trong trường hợp pháp luật có quy định;

c) Đáp ứng điều kiện quy định tại điểm e và điểm g khoản 1 Điều này.

4. Nhà thầu, nhà đầu tư có tư cách hợp lệ theo quy định tại các khoản 1, 2 và 3 Điều này được tham dự thầu với tư cách độc lập hoặc liên danh."
355db122-67a8-4949-b390-841fea0c51f6,download.pdf,N/A,general,912,"## Điều 6. Bảo đảm cạnh tranh trong đấu thầu

1. Nhà thầu nộp hồ sơ quan tâm, hồ sơ dự sơ tuyển phải độc lập về pháp lý và độc lập về tài chính với các bên sau đây:

a) Nhà thầu tư vấn lập hồ sơ mời quan tâm, hồ sơ mời sơ tuyển, quản lý dự án, giám sát; nhà thầu tư vấn lập, thẩm tra, thẩm định hồ sơ thiết kế, dự toán; nhà thầu tư vấn lập, thẩm định nhiệm vụ khảo sát, thiết kế;

b) Nhà thầu tư vấn đánh giá hồ sơ quan tâm, hồ sơ dự sơ tuyển;

c) Nhà thầu tư vấn thẩm định kết quả mời quan tâm, kết quả sơ tuyển;

d) Chủ đầu tư, bên mời thầu, trừ trường hợp nhà thầu là đơn vị sự nghiệp công lập thuộc cơ quan quản lý nhà nước có chức năng, nhiệm vụ được giao phù hợp với tính chất gói thầu của cơ quan quản lý nhà nước đó hoặc là công ty thành viên, công ty con của tập đoàn, tổng công ty nhà nước có ngành, nghề sản xuất, kinh doanh chính phù hợp với tính chất gói thầu của tập đoàn, tổng công ty nhà nước đó."
7d5ab64c-e3cb-4ed5-be40-1200794423d9,download.pdf,N/A,general,947,"2. Nhà thầu tham dự thầu phải độc lập về pháp lý và độc lập về tài chính theo quy định tại điểm d khoản 1 Điều này và với các bên sau đây:

a) Các nhà thầu tư vấn quản lý dự án, tư vấn giám sát; nhà thầu tư vấn lập, thẩm tra, thẩm định hồ sơ thiết kế, dự toán; nhà thầu tư vấn lập, thẩm định nhiệm vụ khảo sát, thiết kế; nhà thầu tư vấn lập, thẩm định hồ sơ mời thầu, hồ sơ yêu cầu; nhà thầu tư vấn đánh giá hồ sơ dự thầu, hồ sơ đề xuất; nhà thầu tư vấn thẩm định kết quả lựa chọn nhà thầu gói thầu đó;

about:blank                                                                                                  6/61


---



1/13/26, 9:03 AM                                  about:blank

b) Các nhà thầu khác cùng tham dự thầu trong một gói thầu đối với đấu thầu hạn chế.

3. Nhà thầu tư vấn giám sát thực hiện hợp đồng, nhà thầu thực hiện hợp đồng, nhà thầu tư vấn kiểm định gói thầu đó phải độc lập về pháp lý và độc lập về tài chính với nhau."
bdca9b0b-85a2-4021-aa5e-67c64d734c65,download.pdf,N/A,general,988,"3. Nhà thầu tư vấn giám sát thực hiện hợp đồng, nhà thầu thực hiện hợp đồng, nhà thầu tư vấn kiểm định gói thầu đó phải độc lập về pháp lý và độc lập về tài chính với nhau.

4. Nhà thầu quy định tại các khoản 1, 2 và 3 Điều này được đánh giá độc lập về pháp lý và độc lập về tài chính khi đáp ứng đủ các điều kiện sau đây:

a) Không cùng thuộc một cơ quan hoặc tổ chức trực tiếp quản lý đối với đơn vị sự nghiệp công lập;

b) Nhà thầu với chủ đầu tư, bên mời thầu không có cổ phần hoặc phần vốn góp trên 30% của nhau;

c) Nhà thầu không có cổ phần hoặc phần vốn góp trên 20% của nhau khi cùng tham dự thầu trong một gói thầu đối với đấu thầu hạn chế;

d) Nhà thầu tham dự thầu với nhà thầu tư vấn cho gói thầu đó không có cổ phần hoặc phần vốn góp của nhau; không cùng có cổ phần hoặc phần vốn góp trên 20% của một tổ chức, cá nhân khác với từng bên.

5. Nhà đầu tư tham dự thầu phải độc lập về pháp lý và độc lập về tài chính với các bên sau đây:

a) Cơ quan có thẩm quyền, bên mời thầu;"
b19bfdf7-aeb9-49cb-9b0a-3c1a8ecb8cb8,download.pdf,N/A,general,377,"5. Nhà đầu tư tham dự thầu phải độc lập về pháp lý và độc lập về tài chính với các bên sau đây:

a) Cơ quan có thẩm quyền, bên mời thầu;

b) Nhà thầu tư vấn lập, thẩm định hồ sơ mời thầu; nhà thầu tư vấn đánh giá hồ sơ dự thầu; nhà thầu tư vấn thẩm định kết quả lựa chọn nhà đầu tư cho đến ngày ký kết hợp đồng dự án đầu tư kinh doanh.

6. Chính phủ quy định chi tiết Điều này."
7b9a25d2-30c4-404d-b428-91ac9874d4f6,download.pdf,N/A,general,925,"## Điều 7. Thông tin về đấu thầu

1. Thông tin về lựa chọn nhà thầu bao gồm:

a) Thông tin về dự án, kế hoạch lựa chọn nhà thầu;

b) Thông báo mời quan tâm, thông báo mời sơ tuyển;

c) Thông báo mời thầu;

d) Danh sách ngắn;

đ) Hồ sơ mời quan tâm, hồ sơ mời sơ tuyển, hồ sơ mời thầu và các nội dung sửa đổi, làm rõ hồ sơ (nếu có);

e) Kết quả mở thầu đối với đấu thầu qua mạng;

g) Kết quả lựa chọn nhà thầu;

h) Thông tin chủ yếu của hợp đồng;

i) Thông tin xử lý vi phạm pháp luật về đấu thầu;

k) Thông tin về kết quả thực hiện hợp đồng của nhà thầu;

l) Thông tin khác có liên quan.

2. Thông tin về lựa chọn nhà đầu tư bao gồm:

a) Thông tin về dự án đầu tư kinh doanh theo quy định tại khoản 2 Điều 47 của Luật này;

about:blank                                                                                              7/61


---



about:blank

---



1/13/26, 9:03 AM                                   about:blank"
0aa7e53c-ed79-413e-b07a-14cccaf2cefa,download.pdf,N/A,general,981,"---



about:blank

---



1/13/26, 9:03 AM                                   about:blank

b) Đối với gói thầu cung cấp dịch vụ phi tư vấn, mua sắm hàng hóa, xây lắp, hỗn hợp áp dụng phương thức một giai đoạn hai túi hồ sơ: được thực hiện khi hoàn trả hoặc giải tỏa bảo đảm dự thầu của nhà thầu không được lựa chọn hoặc khi đăng tải kết quả lựa chọn nhà thầu.

2. Hồ sơ đề xuất về tài chính của các nhà đầu tư không vượt qua bước đánh giá về kỹ thuật được trả lại nguyên trạng cho nhà đầu tư khi hoàn trả hoặc giải tỏa bảo đảm dự thầu của nhà đầu tư không được lựa chọn hoặc khi đăng tải kết quả lựa chọn nhà đầu tư.

3. Trường hợp hết thời hạn quy định tại khoản 1 và khoản 2 Điều này mà nhà thầu, nhà đầu tư không nhận lại hồ sơ đề xuất về tài chính của mình thì bên mời thầu xem xét, quyết định việc hủy hồ sơ nhưng phải bảo đảm thông tin không bị tiết lộ.

4. Trường hợp hủy thầu, hồ sơ liên quan được lưu trữ trong thời hạn 05 năm kể từ ngày quyết định hủy thầu được ban hành."
3af7f580-cb76-4dda-bafd-fe031f331f08,download.pdf,N/A,general,530,"4. Trường hợp hủy thầu, hồ sơ liên quan được lưu trữ trong thời hạn 05 năm kể từ ngày quyết định hủy thầu được ban hành.

5. Hồ sơ quyết toán, hồ sơ hoàn công và tài liệu liên quan đến nhà thầu trúng thầu của gói thầu được lưu trữ theo quy định của pháp luật về lưu trữ.

6. Toàn bộ hồ sơ liên quan đến quá trình lựa chọn nhà thầu, nhà đầu tư được lưu trữ trong thời hạn tối thiểu là 05 năm kể từ ngày quyết toán hợp đồng hoặc ngày chấm dứt hợp đồng dự án đầu tư kinh doanh, trừ hồ sơ quy định tại các khoản 1, 2, 4 và 5 Điều này."
0d7c8ab8-6c54-46b0-a80d-156fc9628725,download.pdf,N/A,general,991,"## Điều 10. Ưu đãi trong lựa chọn nhà thầu, nhà đầu tư

1. Đối tượng được hưởng ưu đãi trong lựa chọn nhà thầu bao gồm:

a) Hàng hóa có xuất xứ Việt Nam;

b) Sản phẩm, dịch vụ thân thiện môi trường theo quy định của pháp luật về bảo vệ môi trường;

c) Nhà thầu trong nước sản xuất hàng hóa có xuất xứ Việt Nam phù hợp với hồ sơ mời thầu;

d) Nhà thầu nước ngoài liên danh với nhà thầu trong nước mà nhà thầu trong nước đảm nhận từ 25% trở lên giá trị công việc của gói thầu;

đ) Nhà thầu trong nước tham dự thầu với tư cách độc lập hoặc liên danh với nhà thầu trong nước khác khi tham dự đấu thầu quốc tế;

e) Nhà thầu là doanh nghiệp siêu nhỏ, doanh nghiệp nhỏ theo quy định của pháp luật về hỗ trợ doanh nghiệp nhỏ và vừa;

g) Nhà thầu là doanh nghiệp khởi nghiệp sáng tạo theo quy định của pháp luật;

h) Nhà thầu có sử dụng số lượng lao động nữ từ 25% trở lên; số lượng lao động là thương binh, người khuyết tật từ 25% trở lên; số lượng lao động là người dân tộc thiểu số từ 25% trở lên."
6785fb2a-d649-47dc-9bf9-0dcb8b7073a3,download.pdf,N/A,general,966,"h) Nhà thầu có sử dụng số lượng lao động nữ từ 25% trở lên; số lượng lao động là thương binh, người khuyết tật từ 25% trở lên; số lượng lao động là người dân tộc thiểu số từ 25% trở lên.

2. Các ưu đãi trong lựa chọn nhà thầu bao gồm:

a) Xếp hạng cao hơn cho nhà thầu thuộc đối tượng được hưởng ưu đãi trong trường hợp nhà thầu thuộc đối tượng được hưởng ưu đãi và nhà thầu không thuộc đối tượng được hưởng ưu đãi được đánh giá ngang nhau;

b) Cộng thêm điểm vào điểm đánh giá của nhà thầu thuộc đối tượng được ưu đãi đối với trường hợp áp dụng phương pháp giá cố định, dựa trên kỹ thuật, kết hợp giữa kỹ thuật và giá để so sánh, xếp hạng;

c) Cộng thêm số tiền vào giá dự thầu hoặc vào giá đánh giá của nhà thầu không thuộc đối tượng được ưu đãi đối với trường hợp áp dụng phương pháp giá thấp nhất hoặc phương pháp giá đánh giá để so sánh, xếp

about:blank                                                                                                 9/61


---"
0e154015-c040-4b9b-a9c9-8b1bfc603a80,download.pdf,N/A,general,888,"about:blank                                                                                                 9/61


---



1/13/26, 9:03 AM                                     about:blank

hạng;

d) Được ưu tiên trong đánh giá về năng lực, kinh nghiệm và các tiêu chí khác trong quá trình đánh giá hồ sơ dự thầu;

đ) Gói thầu xây lắp có giá gói thầu không quá 05 tỷ đồng được dành cho doanh nghiệp siêu nhỏ, doanh nghiệp nhỏ tham dự thầu. Trường hợp đã tổ chức đấu thầu, nếu không có doanh nghiệp siêu nhỏ, doanh nghiệp nhỏ đáp ứng được yêu cầu thì được phép tổ chức đấu thầu lại và cho phép các doanh nghiệp khác được tham dự thầu.

3. Việc áp dụng ưu đãi trong lựa chọn nhà thầu được quy định như sau:

a) Đối tượng quy định tại các điểm a, b, c và g khoản 1 Điều này được hưởng ưu đãi theo quy định tại điểm b hoặc điểm c khoản 2 Điều này khi tham dự gói thầu mua sắm hàng hóa, hỗn hợp;"
242cfe9d-8152-46c5-9f8d-470c3eb35dcc,download.pdf,N/A,general,828,"a) Đối tượng quy định tại các điểm a, b, c và g khoản 1 Điều này được hưởng ưu đãi theo quy định tại điểm b hoặc điểm c khoản 2 Điều này khi tham dự gói thầu mua sắm hàng hóa, hỗn hợp;

b) Đối tượng quy định tại điểm d và điểm đ khoản 1 Điều này được hưởng ưu đãi theo quy định tại điểm b hoặc điểm c khoản 2 Điều này khi tham dự gói thầu cung cấp dịch vụ tư vấn, dịch vụ phi tư vấn, xây lắp, hỗn hợp tổ chức đấu thầu quốc tế;

c) Đối tượng quy định tại điểm h khoản 1 Điều này được hưởng ưu đãi theo quy định tại điểm a khoản 2 Điều này khi tham dự gói thầu cung cấp dịch vụ tư vấn, dịch vụ phi tư vấn, xây lắp, hỗn hợp tổ chức đấu thầu trong nước;

d) Đối tượng quy định tại điểm e khoản 1 Điều này được hưởng ưu đãi theo quy định tại điểm a và điểm đ khoản 2 Điều này khi tham dự gói thầu xây lắp tổ chức đấu thầu trong nước;"
5d24917d-47a7-43d3-802a-4de0585192dd,download.pdf,N/A,general,841,"d) Đối tượng quy định tại điểm e khoản 1 Điều này được hưởng ưu đãi theo quy định tại điểm a và điểm đ khoản 2 Điều này khi tham dự gói thầu xây lắp tổ chức đấu thầu trong nước;

đ) Ngoài ưu đãi theo quy định tại điểm b và điểm c khoản 2 Điều này, nhà thầu quy định tại điểm c và điểm g khoản 1 Điều này còn được hưởng ưu đãi theo quy định tại điểm d khoản 2 Điều này khi tham dự thầu gói thầu cung cấp dịch vụ tư vấn, dịch vụ phi tư vấn, mua sắm hàng hóa, xây lắp, hỗn hợp tổ chức đấu thầu trong nước;

e) Đối với gói thầu mua sắm hàng hóa tổ chức đấu thầu trong nước mà có ít nhất 03 hãng sản xuất cho 01 mặt hàng xuất xứ trong nước đáp ứng về kỹ thuật, chất lượng, giá thì chủ đầu tư quyết định việc yêu cầu nhà thầu chào hàng hoá xuất xứ trong nước đối với mặt hàng này.

4. Đối tượng được hưởng ưu đãi trong lựa chọn nhà đầu tư bao gồm:"
540f9114-9705-403b-8c03-7e25e95418b1,download.pdf,N/A,general,921,"4. Đối tượng được hưởng ưu đãi trong lựa chọn nhà đầu tư bao gồm:

a) Nhà đầu tư có giải pháp ứng dụng công nghệ nhằm giảm thiểu ô nhiễm môi trường đối với dự án thuộc nhóm có nguy cơ tác động xấu đến môi trường mức độ cao theo quy định của pháp luật về bảo vệ môi trường;

b) Nhà đầu tư cam kết chuyển giao công nghệ thuộc Danh mục công nghệ được ưu tiên đầu tư phát triển theo quy định của pháp luật về công nghệ cao hoặc thuộc Danh mục công nghệ khuyến khích chuyển giao theo quy định của pháp luật về chuyển giao công nghệ.

5. Các ưu đãi trong lựa chọn nhà đầu tư bao gồm:

a) Xếp hạng cao hơn cho nhà đầu tư thuộc đối tượng được hưởng ưu đãi trong trường hợp nhà đầu tư thuộc đối tượng được hưởng ưu đãi và nhà đầu tư không thuộc đối tượng được hưởng ưu đãi được đánh giá ngang nhau;

b) Cộng thêm điểm vào điểm tổng hợp để so sánh, xếp hạng.

6. Chính phủ quy định chi tiết Điều này.

**Điều 11. Đấu thầu quốc tế**"
3b87b5fd-23f3-4820-96f2-e885553ae8cb,download.pdf,N/A,general,807,"b) Cộng thêm điểm vào điểm tổng hợp để so sánh, xếp hạng.

6. Chính phủ quy định chi tiết Điều này.

**Điều 11. Đấu thầu quốc tế**

about:blank                                                                                            10/61


---



1/13/26, 9:03 AM                             about:blank

1. Việc tổ chức đấu thầu quốc tế để lựa chọn nhà thầu được thực hiện khi đáp ứng một trong các điều kiện sau đây:

a) Nhà tài trợ vốn cho dự án, gói thầu có yêu cầu tổ chức đấu thầu quốc tế trong điều ước quốc tế, thỏa thuận vay;

b) Gói thầu cung cấp dịch vụ tư vấn, dịch vụ phi tư vấn, xây lắp, hỗn hợp mà nhà thầu trong nước không có khả năng đáp ứng yêu cầu thực hiện gói thầu hoặc gói thầu được sơ tuyển, mời quan tâm hoặc đấu thầu rộng rãi trong nước trước đó nhưng không có nhà thầu tham gia;"
9ae18188-2913-4b08-8dfb-05b1c90913af,download.pdf,N/A,general,953,"c) Gói thầu cung cấp dịch vụ tư vấn mà người có thẩm quyền xét thấy cần có sự tham gia của nhà thầu nước ngoài để nâng cao chất lượng của gói thầu, dự án, người có thẩm quyền quyết định và chịu trách nhiệm về quyết định tổ chức đấu thầu quốc tế;

d) Gói thầu mua sắm hàng hóa mà hàng hóa đó trong nước không sản xuất được hoặc sản xuất được nhưng không đáp ứng một trong các yêu cầu về kỹ thuật, chất lượng, giá. Trường hợp hàng hóa thông dụng đã được nhập khẩu và chào bán tại Việt Nam thì không tổ chức đấu thầu quốc tế.

2. Việc tổ chức đấu thầu quốc tế để lựa chọn nhà đầu tư được thực hiện đối với các dự án đầu tư kinh doanh quy định tại khoản 3 Điều 2 của Luật này, trừ trường hợp sau đây:

a) Dự án thuộc danh mục ngành, nghề chưa được tiếp cận thị trường đối với nhà đầu tư nước ngoài theo quy định của pháp luật về đầu tư;

b) Dự án cần thực hiện đấu thầu trong nước do yêu cầu về bảo đảm quốc phòng, an ninh quốc gia, trật tự, an toàn xã hội;"
da950e89-d7d1-42c6-ae8a-772a52cc9d0d,download.pdf,N/A,general,574,"b) Dự án cần thực hiện đấu thầu trong nước do yêu cầu về bảo đảm quốc phòng, an ninh quốc gia, trật tự, an toàn xã hội;

c) Dự án thực hiện tại khu vực hạn chế sử dụng đất, khu vực biển hạn chế sử dụng đối với nhà đầu tư nước ngoài, tổ chức kinh tế có vốn đầu tư nước ngoài theo quy định của pháp luật về đất đai và pháp luật có liên quan;

d) Dự án có tổng vốn đầu tư dưới 800 tỷ đồng;

đ) Dự án không thuộc trường hợp quy định tại các điểm a, b, c và d khoản này và đã công bố, thông báo mời quan tâm tổ chức đấu thầu quốc tế nhưng không có nhà đầu tư nước ngoài tham gia."
4c89ec6f-9460-47d5-8664-6e87d539dfdf,download.pdf,N/A,general,409,"## Điều 12. Ngôn ngữ sử dụng trong đấu thầu

1. Ngôn ngữ sử dụng đối với đấu thầu trong nước là tiếng Việt.

2. Ngôn ngữ sử dụng đối với đấu thầu quốc tế là tiếng Anh hoặc tiếng Việt và tiếng Anh. Trường hợp ngôn ngữ sử dụng trong hồ sơ mời quan tâm, hồ sơ mời sơ tuyển, hồ sơ mời thầu, hồ sơ yêu cầu là tiếng Việt và tiếng Anh thì nhà thầu, nhà đầu tư được lựa chọn tiếng Việt hoặc tiếng Anh để tham dự thầu."
da79cc3b-bbaf-4b2a-b128-32316b2ddabb,download.pdf,N/A,general,1166,"## Điều 13. Đồng tiền dự thầu

1. Đối với đấu thầu trong nước, nhà thầu, nhà đầu tư chỉ được chào thầu bằng Đồng Việt Nam.

2. Đối với đấu thầu quốc tế:

a) Hồ sơ mời thầu, hồ sơ yêu cầu phải quy định về đồng tiền dự thầu trong hồ sơ dự thầu, hồ sơ đề xuất nhưng không quá 03 loại tiền tệ;

b) Trường hợp hồ sơ mời thầu quy định nhà thầu, nhà đầu tư được chào thầu bằng 02 hoặc 03 loại tiền tệ thì khi đánh giá hồ sơ dự thầu phải quy đổi về 01 loại tiền tệ; trường hợp trong số các đồng tiền đó có Đồng

about:blank                                                                                             11/61


---



1/13/26, 9:03 AM                                   about:blank

Việt Nam thì phải quy đổi về Đồng Việt Nam. Hồ sơ mời thầu phải quy định về đồng tiền quy đổi, thời điểm và căn cứ xác định tỷ giá quy đổi;

c) Đối với chi phí trong nước liên quan đến việc thực hiện gói thầu, dự án, dự án đầu tư kinh doanh, nhà thầu, nhà đầu tư phải chào thầu bằng Đồng Việt Nam;

d) Đối với chi phí ở nước ngoài liên quan đến việc thực hiện gói thầu, dự án, dự án đầu tư kinh doanh, nhà thầu, nhà đầu tư được chào thầu bằng đồng tiền nước ngoài, Đồng Việt Nam."
66b21ffc-175d-4438-8308-99827e9ea1dc,download.pdf,N/A,general,802,"## Điều 14. Bảo đảm dự thầu

1. Nhà thầu, nhà đầu tư phải thực hiện một trong các biện pháp sau đây để bảo đảm trách nhiệm dự thầu trong thời gian xác định theo yêu cầu của hồ sơ mời thầu:

a) Đặt cọc;

b) Nộp thư bảo lãnh của tổ chức tín dụng trong nước, chi nhánh ngân hàng nước ngoài được thành lập theo pháp luật Việt Nam;

c) Nộp giấy chứng nhận bảo hiểm bảo lãnh của doanh nghiệp bảo hiểm phi nhân thọ trong nước, chi nhánh doanh nghiệp bảo hiểm phi nhân thọ nước ngoài được thành lập theo pháp luật Việt Nam.

2. Bảo đảm dự thầu được áp dụng trong các trường hợp sau đây:

a) Đấu thầu rộng rãi, đấu thầu hạn chế, chào hàng cạnh tranh đối với gói thầu cung cấp dịch vụ phi tư vấn, mua sắm hàng hóa, xây lắp và gói thầu hỗn hợp;

b) Đấu thầu rộng rãi, đấu thầu hạn chế đối với lựa chọn nhà đầu tư."
56596070-170e-4852-bf69-7bd1b7be578d,download.pdf,N/A,general,888,"b) Đấu thầu rộng rãi, đấu thầu hạn chế đối với lựa chọn nhà đầu tư.

3. Nhà thầu, nhà đầu tư thực hiện biện pháp bảo đảm dự thầu trước thời điểm đóng thầu theo quy định của hồ sơ mời thầu; trường hợp áp dụng phương thức đấu thầu hai giai đoạn, nhà thầu, nhà đầu tư phải thực hiện biện pháp bảo đảm dự thầu trong giai đoạn hai.

4. Căn cứ quy mô và tính chất của từng dự án, dự án đầu tư kinh doanh, gói thầu cụ thể, mức bảo đảm dự thầu trong hồ sơ mời thầu được quy định như sau:

a) Từ 1% đến 1,5% giá gói thầu áp dụng đối với gói thầu xây lắp, hỗn hợp có giá gói thầu không quá 20 tỷ đồng, gói thầu mua sắm hàng hóa, dịch vụ phi tư vấn có giá gói thầu không quá 10 tỷ đồng;

b) Từ 1,5% đến 3% giá gói thầu áp dụng đối với gói thầu không thuộc trường hợp quy định tại điểm a khoản này;

c) Từ 0,5% đến 1,5% tổng vốn đầu tư của dự án đầu tư kinh doanh áp dụng đối với lựa chọn nhà đầu tư."
ce97f748-b292-45e9-8527-bfeb9e19dfa0,download.pdf,N/A,general,872,"c) Từ 0,5% đến 1,5% tổng vốn đầu tư của dự án đầu tư kinh doanh áp dụng đối với lựa chọn nhà đầu tư.

5. Thời gian có hiệu lực của bảo đảm dự thầu được quy định trong hồ sơ mời thầu bằng thời gian có hiệu lực của hồ sơ dự thầu cộng thêm 30 ngày.

6. Trường hợp gia hạn thời gian có hiệu lực của hồ sơ dự thầu sau thời điểm đóng thầu, bên mời thầu phải yêu cầu nhà thầu, nhà đầu tư gia hạn tương ứng thời gian có hiệu lực của bảo đảm dự thầu. Trong trường hợp này, nhà thầu, nhà đầu tư phải gia hạn tương ứng thời gian có hiệu lực của bảo đảm dự thầu và không được thay đổi nội dung trong hồ sơ dự thầu đã nộp. Trường hợp nhà thầu, nhà đầu tư từ chối gia hạn thì hồ sơ dự thầu sẽ không còn giá trị và bị loại; bên mời thầu phải hoàn trả hoặc giải tỏa bảo đảm dự thầu cho nhà thầu, nhà đầu tư trong thời hạn 14 ngày kể từ ngày bên mời thầu nhận được văn bản từ chối gia hạn."
91db3cdc-8526-4c6a-a9a6-5b32cc627158,download.pdf,N/A,general,675,"7. Trường hợp liên danh tham dự thầu, từng thành viên trong liên danh có thể thực hiện bảo đảm dự thầu riêng hoặc thỏa thuận để một thành viên chịu trách nhiệm thực hiện bảo đảm dự thầu cho thành viên đó và

about:blank                                                                                               12/61


---



1/13/26, 9:03 AM                                     about:blank

cho thành viên khác trong liên danh. Tổng giá trị của bảo đảm dự thầu không thấp hơn giá trị yêu cầu trong hồ sơ mời thầu. Trường hợp có thành viên trong liên danh vi phạm quy định tại khoản 9 Điều này thì bảo đảm dự thầu của tất cả thành viên trong liên danh không được hoàn trả."
2e7cc274-68d2-4e19-8fa8-1fd94e4c645d,download.pdf,N/A,general,895,"8. Bên mời thầu có trách nhiệm hoàn trả hoặc giải tỏa bảo đảm dự thầu cho nhà thầu, nhà đầu tư không được lựa chọn theo thời hạn quy định trong hồ sơ mời thầu nhưng không quá 14 ngày kể từ ngày kết quả lựa chọn nhà thầu, nhà đầu tư được phê duyệt. Đối với nhà thầu, nhà đầu tư được lựa chọn, bảo đảm dự thầu được hoàn trả hoặc giải tỏa khi hợp đồng có hiệu lực.

9. Bảo đảm dự thầu không được hoàn trả trong các trường hợp sau đây:

a) Sau thời điểm đóng thầu và trong thời gian có hiệu lực của hồ sơ dự thầu, nhà thầu, nhà đầu tư rút hồ sơ dự thầu hoặc có văn bản từ chối thực hiện một hoặc các công việc đã đề xuất trong hồ sơ dự thầu theo yêu cầu của hồ sơ mời thầu;

b) Nhà thầu, nhà đầu tư có hành vi vi phạm quy định tại Điều 16 của Luật này hoặc vi phạm pháp luật về đấu thầu dẫn đến phải hủy thầu theo quy định tại điểm d và điểm đ khoản 1, điểm d và điểm đ khoản 2 Điều 17 của Luật này;"
d4906d8b-0b1a-4f9b-9134-23af1675853c,download.pdf,N/A,general,974,"c) Nhà thầu, nhà đầu tư không thực hiện biện pháp bảo đảm thực hiện hợp đồng theo quy định tại Điều 68 và Điều 75 của Luật này;

d) Nhà thầu không tiến hành hoặc từ chối thương thảo hợp đồng (nếu có) trong thời hạn 05 ngày làm việc đối với đấu thầu trong nước và 10 ngày đối với đấu thầu quốc tế kể từ ngày nhận được thông báo mời thương thảo hợp đồng hoặc đã thương thảo hợp đồng nhưng từ chối hoàn thiện, ký kết biên bản thương thảo hợp đồng, trừ trường hợp bất khả kháng;

đ) Nhà thầu không tiến hành hoặc từ chối hoàn thiện hợp đồng, thỏa thuận khung trong thời hạn 10 ngày đối với đấu thầu trong nước và 20 ngày đối với đấu thầu quốc tế kể từ ngày nhận được thông báo trúng thầu của bên mời thầu, trừ trường hợp bất khả kháng;

e) Nhà thầu không tiến hành hoặc từ chối ký kết hợp đồng, thỏa thuận khung trong thời hạn 10 ngày đối với đấu thầu trong nước và 20 ngày đối với đấu thầu quốc tế kể từ ngày hoàn thiện hợp đồng, thỏa thuận khung, trừ trường hợp bất khả kháng;"
76b26277-891e-402e-b5c3-63bec9dccd45,download.pdf,N/A,general,975,"g) Nhà đầu tư không tiến hành hoặc từ chối hoàn thiện hợp đồng trong thời hạn 15 ngày đối với đấu thầu trong nước và 30 ngày đối với đấu thầu quốc tế kể từ ngày nhận được thông báo trúng thầu của bên mời thầu, trừ trường hợp bất khả kháng;

h) Nhà đầu tư không tiến hành hoặc từ chối ký kết hợp đồng trong thời hạn 15 ngày đối với đấu thầu trong nước và 30 ngày đối với đấu thầu quốc tế kể từ ngày hoàn thiện hợp đồng, trừ trường hợp bất khả kháng.

10. Trường hợp nhà thầu, nhà đầu tư vi phạm quy định của pháp luật về đấu thầu dẫn đến không được hoàn trả bảo đảm dự thầu, bảo đảm thực hiện hợp đồng theo quy định tại khoản 9 Điều này, khoản 6 Điều 68 và khoản 4 Điều 75 của Luật này thì việc quản lý, sử dụng khoản thu từ bảo đảm dự thầu, bảo đảm thực hiện hợp đồng không được hoàn trả được thực hiện như sau:

a) Đối với các dự án, gói thầu có sử dụng vốn ngân sách nhà nước, khoản thu này được nộp vào ngân sách nhà nước theo quy định của pháp luật về ngân sách nhà nước;"
48e4dcc7-604b-422c-b7c3-5b8d59c50dbd,download.pdf,N/A,general,809,"a) Đối với các dự án, gói thầu có sử dụng vốn ngân sách nhà nước, khoản thu này được nộp vào ngân sách nhà nước theo quy định của pháp luật về ngân sách nhà nước;

b) Đối với các dự án, gói thầu không sử dụng vốn ngân sách nhà nước, dự án đầu tư kinh doanh, khoản thu này được sử dụng theo quy chế tài chính của chủ đầu tư, cơ quan có thẩm quyền;

c) Trường hợp bên mời thầu là đơn vị tư vấn đấu thầu do chủ đầu tư lựa chọn thì khoản thu này phải nộp lại cho chủ đầu tư. Chủ đầu tư quản lý, sử dụng khoản thu này theo quy định tại điểm a và điểm b khoản này.

about:blank                                                                                             13/61


---



about:blank

---



about:blank                                                                                              15/61"
149cccf5-d0c2-4926-838c-b2d8c1923300,download.pdf,N/A,general,935,"---



about:blank

---



about:blank                                                                                              15/61

b) Cố ý cung cấp thông tin, tài liệu không trung thực, không khách quan trong hồ sơ quan tâm, hồ sơ dự sơ tuyển, hồ sơ đăng ký thực hiện dự án đầu tư kinh doanh, hồ sơ dự thầu, hồ sơ đề xuất nhằm làm sai lệch kết quả lựa chọn nhà thầu, nhà đầu tư.

5. Cản trở bao gồm các hành vi sau đây:

a) Hủy hoại, lừa dối, thay đổi, che giấu chứng cứ hoặc báo cáo sai sự thật; đe dọa hoặc gợi ý đối với bất kỳ bên nào nhằm ngăn chặn việc làm rõ hành vi đưa, nhận, môi giới hối lộ, gian lận hoặc thông đồng với cơ quan có chức năng, thẩm quyền về giám sát, kiểm tra, thanh tra, kiểm toán;

b) Cản trở người có thẩm quyền, chủ đầu tư, bên mời thầu, nhà thầu, nhà đầu tư trong lựa chọn nhà thầu, nhà đầu tư;

c) Cản trở cơ quan có thẩm quyền giám sát, kiểm tra, thanh tra, kiểm toán đối với hoạt động đấu thầu;"
dc9d215c-4369-4fce-9ee3-70ecc98ab7e6,download.pdf,N/A,general,917,"c) Cản trở cơ quan có thẩm quyền giám sát, kiểm tra, thanh tra, kiểm toán đối với hoạt động đấu thầu;

d) Cố tình khiếu nại, tố cáo, kiến nghị sai sự thật để cản trở hoạt động đấu thầu;

đ) Có hành vi vi phạm pháp luật về an toàn, an ninh mạng nhằm can thiệp, cản trở việc đấu thầu qua mạng.

6. Không bảo đảm công bằng, minh bạch bao gồm các hành vi sau đây:

a) Tham dự thầu với tư cách là nhà thầu, nhà đầu tư đối với gói thầu, dự án đầu tư kinh doanh do mình làm bên mời thầu, chủ đầu tư hoặc thực hiện nhiệm vụ của bên mời thầu, chủ đầu tư không đúng quy định của Luật này;

b) Tham gia lập, đồng thời tham gia thẩm định hồ sơ mời quan tâm, hồ sơ mời sơ tuyển, hồ sơ mời thầu, hồ sơ yêu cầu đối với cùng một gói thầu, dự án đầu tư kinh doanh;

c) Tham gia đánh giá hồ sơ dự thầu, hồ sơ đề xuất đồng thời tham gia thẩm định kết quả lựa chọn nhà thầu, nhà đầu tư đối với cùng một gói thầu, dự án đầu tư kinh doanh;"
af081e7f-819d-47b2-b614-e8e0149f8c92,download.pdf,N/A,general,618,"c) Tham gia đánh giá hồ sơ dự thầu, hồ sơ đề xuất đồng thời tham gia thẩm định kết quả lựa chọn nhà thầu, nhà đầu tư đối với cùng một gói thầu, dự án đầu tư kinh doanh;

d) Cá nhân thuộc bên mời thầu, chủ đầu tư trực tiếp tham gia quá trình lựa chọn nhà thầu, nhà đầu tư hoặc tham gia tổ chuyên gia, tổ thẩm định kết quả lựa chọn nhà thầu, nhà đầu tư hoặc là người có thẩm quyền, người đứng đầu chủ đầu tư, bên mời thầu đối với các gói thầu, dự án đầu tư kinh doanh do người có quan hệ gia đình theo quy định của Luật Doanh nghiệp đứng tên dự thầu hoặc là người đại diện hợp pháp của nhà thầu, nhà đầu tư tham dự thầu;"
53716deb-96f9-4cee-a508-d2e368e831e0,download.pdf,N/A,general,921,"đ) Nhà thầu tham dự thầu gói thầu mua sắm hàng hóa, xây lắp, phi tư vấn do nhà thầu đó cung cấp dịch vụ tư vấn: lập, thẩm tra, thẩm định dự toán, thiết kế kỹ thuật, thiết kế bản vẽ thi công, thiết kế kỹ thuật tổng thể (thiết kế FEED); lập, thẩm định hồ sơ mời sơ tuyển, hồ sơ mời thầu; đánh giá hồ sơ dự sơ tuyển, hồ sơ dự thầu; kiểm định hàng hóa; thẩm định kết quả lựa chọn nhà thầu; giám sát thực hiện hợp đồng;

e) Đứng tên tham dự thầu gói thầu thuộc dự án, dự án đầu tư kinh doanh do chủ đầu tư, bên mời thầu là cơ quan, tổ chức nơi mình đã công tác và giữ chức vụ lãnh đạo, quản lý trong thời gian 12 tháng kể từ ngày không còn làm việc tại cơ quan, tổ chức đó;

g) Nhà thầu tư vấn giám sát đồng thời thực hiện tư vấn kiểm định đối với gói thầu do nhà thầu đó giám sát;

h) Áp dụng hình thức lựa chọn nhà thầu, nhà đầu tư không phải là hình thức đấu thầu rộng rãi khi không đủ điều kiện theo quy định của Luật này;"
27ce008b-a39f-49d9-af58-035d4384a846,download.pdf,N/A,general,950,"h) Áp dụng hình thức lựa chọn nhà thầu, nhà đầu tư không phải là hình thức đấu thầu rộng rãi khi không đủ điều kiện theo quy định của Luật này;

i) Nêu yêu cầu cụ thể về nhãn hiệu, xuất xứ hàng hóa trong hồ sơ mời thầu đối với gói thầu mua sắm hàng hóa, xây lắp hoặc gói thầu hỗn hợp khi áp dụng hình thức đấu thầu rộng rãi, đấu thầu hạn chế, chào hàng cạnh tranh, trừ trường hợp quy định tại điểm e khoản 3 Điều 10, khoản 2 Điều 44 và khoản 1 Điều 56 của Luật này;

---



1/13/26, 9:03 AM                                  about:blank

k) Nêu điều kiện trong hồ sơ mời thầu nhằm hạn chế sự tham gia của nhà thầu, nhà đầu tư hoặc nhằm tạo lợi thế cho một hoặc một số nhà thầu, nhà đầu tư gây ra sự cạnh tranh không bình đẳng, vi phạm quy định tại khoản 3 Điều 44 và khoản 2 Điều 48 của Luật này;

l) Chia nhỏ dự án, dự toán mua sắm thành các gói thầu nhằm mục đích chỉ định thầu; chia dự án, dự toán mua sắm nhằm hạn chế sự tham gia của các nhà thầu."
d38385b0-7a92-46cc-a987-7e16e107e50e,download.pdf,N/A,general,592,"l) Chia nhỏ dự án, dự toán mua sắm thành các gói thầu nhằm mục đích chỉ định thầu; chia dự án, dự toán mua sắm nhằm hạn chế sự tham gia của các nhà thầu.

7. Tiết lộ những tài liệu, thông tin về quá trình lựa chọn nhà thầu, nhà đầu tư, trừ trường hợp cung cấp thông tin theo quy định tại điểm b khoản 8 và điểm g khoản 9 Điều 77, khoản 11 Điều 78, điểm h khoản 1 Điều 79, khoản 4 Điều 80, khoản 4 Điều 81, khoản 2 Điều 82, điểm b khoản 4 Điều 93 của Luật này, bao gồm:

a) Nội dung hồ sơ mời quan tâm, hồ sơ mời sơ tuyển, hồ sơ mời thầu, hồ sơ yêu cầu trước thời điểm phát hành theo quy định;"
b57f1f2c-db61-4122-a1b0-ca948cb36748,download.pdf,N/A,general,971,"b) Nội dung hồ sơ quan tâm, hồ sơ dự sơ tuyển, hồ sơ đăng ký thực hiện dự án đầu tư kinh doanh, hồ sơ dự thầu, hồ sơ đề xuất; nội dung yêu cầu làm rõ hồ sơ quan tâm, hồ sơ dự sơ tuyển, hồ sơ đăng ký thực hiện dự án đầu tư kinh doanh, hồ sơ dự thầu, hồ sơ đề xuất của bên mời thầu và trả lời của nhà thầu, nhà đầu tư trong quá trình đánh giá hồ sơ quan tâm, hồ sơ dự sơ tuyển, hồ sơ đăng ký thực hiện dự án đầu tư kinh doanh, hồ sơ dự thầu, hồ sơ đề xuất; báo cáo của bên mời thầu, báo cáo của tổ chuyên gia, báo cáo thẩm định, báo cáo của nhà thầu tư vấn, báo cáo của cơ quan chuyên môn có liên quan trong quá trình lựa chọn nhà thầu, nhà đầu tư; tài liệu ghi chép, biên bản cuộc họp xét thầu, các ý kiến nhận xét, đánh giá đối với từng hồ sơ quan tâm, hồ sơ dự sơ tuyển, hồ sơ đăng ký thực hiện dự án đầu tư kinh doanh, hồ sơ dự thầu, hồ sơ đề xuất trước khi được công khai theo quy định;

c) Kết quả lựa chọn nhà thầu, nhà đầu tư trước khi được công khai theo quy định;"
b01fe169-cb0f-4e29-9e13-c4969b0658e8,download.pdf,N/A,general,883,"c) Kết quả lựa chọn nhà thầu, nhà đầu tư trước khi được công khai theo quy định;

d) Các tài liệu khác trong quá trình lựa chọn nhà thầu, nhà đầu tư được xác định chứa nội dung bí mật nhà nước theo quy định của pháp luật.

8. Chuyển nhượng thầu trong trường hợp sau đây:

a) Nhà thầu chuyển nhượng cho nhà thầu khác phần công việc thuộc gói thầu ngoài giá trị tối đa dành cho nhà thầu phụ và khối lượng công việc dành cho nhà thầu phụ đặc biệt đã nêu trong hợp đồng;

b) Nhà thầu chuyển nhượng cho nhà thầu khác phần công việc thuộc gói thầu chưa vượt mức tối đa giá trị công việc dành cho nhà thầu phụ nêu trong hợp đồng nhưng ngoài phạm vi công việc dành cho nhà thầu phụ đã đề xuất trong hồ sơ dự thầu, hồ sơ đề xuất mà không được chủ đầu tư, tư vấn giám sát chấp thuận;

c) Chủ đầu tư, tư vấn giám sát chấp thuận để nhà thầu chuyển nhượng công việc quy định tại điểm a khoản này;"
487f8a4f-2b49-4413-b670-9be805746845,download.pdf,N/A,general,407,"c) Chủ đầu tư, tư vấn giám sát chấp thuận để nhà thầu chuyển nhượng công việc quy định tại điểm a khoản này;

d) Chủ đầu tư, tư vấn giám sát chấp thuận để nhà thầu chuyển nhượng công việc quy định tại điểm b khoản này mà vượt mức tối đa giá trị công việc dành cho nhà thầu phụ nêu trong hợp đồng.

9. Tổ chức lựa chọn nhà thầu khi chưa xác định được nguồn vốn theo quy định tại khoản 3 Điều 39 của Luật này."
e51bc6b0-09df-4668-8c2c-efedbf3365a5,download.pdf,N/A,general,988,"## Điều 17. Hủy thầu

1. Các trường hợp hủy thầu đối với lựa chọn nhà thầu bao gồm:

a) Tất cả hồ sơ quan tâm, hồ sơ dự sơ tuyển, hồ sơ dự thầu, hồ sơ đề xuất không đáp ứng được các yêu cầu của hồ sơ mời quan tâm, hồ sơ mời sơ tuyển, hồ sơ mời thầu, hồ sơ yêu cầu;

b) Thay đổi về mục tiêu, phạm vi đầu tư trong quyết định đầu tư đã được phê duyệt làm thay đổi khối lượng công việc, tiêu chuẩn đánh giá đã ghi trong hồ sơ mời quan tâm, hồ sơ mời sơ tuyển, hồ sơ mời thầu, hồ sơ

about:blank                                                                                               16/61


---



1/13/26, 9:03 AM                                      about:blank

yêu cầu;

c) Hồ sơ mời quan tâm, hồ sơ mời sơ tuyển, hồ sơ mời thầu, hồ sơ yêu cầu không tuân thủ quy định của Luật này, quy định khác của pháp luật có liên quan dẫn đến nhà thầu được lựa chọn không đáp ứng yêu cầu để thực hiện gói thầu;

d) Nhà thầu trúng thầu thực hiện hành vi bị cấm quy định tại Điều 16 của Luật này;"
598ee34a-7fc6-4fdb-a8ac-9d3d060a3cfe,download.pdf,N/A,general,917,"d) Nhà thầu trúng thầu thực hiện hành vi bị cấm quy định tại Điều 16 của Luật này;

đ) Tổ chức, cá nhân khác ngoài nhà thầu trúng thầu thực hiện hành vi bị cấm quy định tại Điều 16 của Luật này dẫn đến sai lệch kết quả lựa chọn nhà thầu.

2. Các trường hợp hủy thầu đối với lựa chọn nhà đầu tư bao gồm:

a) Tất cả hồ sơ dự thầu không đáp ứng được các yêu cầu của hồ sơ mời thầu;

b) Thay đổi mục tiêu, quy mô, địa điểm, vốn đầu tư, thời hạn thực hiện dự án đầu tư kinh doanh vì lý do bất khả kháng, làm thay đổi tiêu chuẩn đánh giá trong hồ sơ mời thầu đã phát hành;

c) Hồ sơ mời thầu có một hoặc một số nội dung không tuân thủ quy định của Luật này, quy định khác của pháp luật có liên quan dẫn đến sai lệch kết quả lựa chọn nhà đầu tư hoặc nhà đầu tư được lựa chọn không còn đáp ứng yêu cầu để thực hiện dự án đầu tư kinh doanh;

d) Nhà đầu tư trúng thầu thực hiện hành vi bị cấm quy định tại Điều 16 của Luật này;"
e7d84fd6-e761-4238-8bf2-ac9e48099408,download.pdf,N/A,general,642,"d) Nhà đầu tư trúng thầu thực hiện hành vi bị cấm quy định tại Điều 16 của Luật này;

đ) Tổ chức, cá nhân khác ngoài nhà đầu tư trúng thầu thực hiện hành vi bị cấm quy định tại Điều 16 của Luật này dẫn đến sai lệch kết quả lựa chọn nhà đầu tư.

3. Hủy thầu được thực hiện trong thời gian từ ngày phát hành hồ sơ mời sơ tuyển, hồ sơ mời quan tâm, hồ sơ mời thầu, hồ sơ yêu cầu đến trước khi ký kết hợp đồng, thỏa thuận khung đối với mua sắm tập trung.

4. Tổ chức, cá nhân vi phạm quy định của pháp luật dẫn đến hủy thầu theo quy định tại các điểm c, d, đ khoản 1 và các điểm c, d, đ khoản 2 Điều này phải đền bù chi phí cho các bên liên quan."
9df0775b-830f-494d-999a-31cf354f50ce,download.pdf,N/A,general,1104,"## Điều 18. Đình chỉ cuộc thầu, không công nhận kết quả lựa chọn nhà thầu, nhà đầu tư

1. Khi có bằng chứng tổ chức, cá nhân tham gia hoạt động đấu thầu có hành vi quy định tại Điều 16 của Luật này hoặc hành vi vi phạm quy định của pháp luật có liên quan dẫn đến không bảo đảm cạnh tranh, công bằng, minh bạch và hiệu quả kinh tế hoặc làm sai lệch kết quả lựa chọn nhà thầu, nhà đầu tư thì người có thẩm quyền thực hiện một hoặc một số biện pháp sau đây:

a) Đình chỉ cuộc thầu để tạm dừng các hoạt động lựa chọn nhà thầu, nhà đầu tư nhằm khắc phục ngay vi phạm đã xảy ra. Đình chỉ cuộc thầu được thực hiện trong quá trình tổ chức lựa chọn nhà thầu, nhà đầu tư cho đến trước khi phê duyệt kết quả lựa chọn nhà thầu, nhà đầu tư;

b) Không công nhận kết quả lựa chọn nhà thầu, nhà đầu tư trong quá trình tổ chức lựa chọn nhà thầu, nhà đầu tư và quá trình thực hiện hợp đồng;

c) Xử lý vi phạm trong đấu thầu theo quy định tại Điều 87 của Luật này.

2. Văn bản đình chỉ, không công nhận kết quả lựa chọn nhà thầu, nhà đầu tư phải nêu rõ lý do, nội dung, biện pháp và thời gian khắc phục vi phạm về đấu thầu."
b50072a0-eea5-4822-8bfb-5dec7e1744de,download.pdf,N/A,general,734,"## Điều 19. Tổ chuyên gia, tổ thẩm định

1. Tổ chuyên gia gồm các cá nhân có năng lực, kinh nghiệm được chủ đầu tư hoặc đơn vị tư vấn đấu thầu đối với lựa chọn nhà thầu, bên mời thầu đối với lựa chọn nhà đầu tư thành lập hoặc giao nhiệm vụ để thực

about:blank                                                                                             17/61


---



1/13/26, 9:03 AM                                    about:blank

hiện một hoặc các công việc: lập hồ sơ mời quan tâm, hồ sơ mời sơ tuyển, hồ sơ mời thầu, hồ sơ yêu cầu; đánh giá hồ sơ quan tâm, hồ sơ dự sơ tuyển, hồ sơ dự thầu, hồ sơ đề xuất, hồ sơ đăng ký thực hiện dự án đầu tư kinh doanh; thực hiện các nhiệm vụ khác trong quá trình lựa chọn nhà thầu, nhà đầu tư."
06cc424a-0f30-4dc2-b44d-8e499b917a31,download.pdf,N/A,general,755,"2. Tổ thẩm định gồm các cá nhân có năng lực, kinh nghiệm được người có thẩm quyền, chủ đầu tư hoặc đơn vị tư vấn đấu thầu thành lập hoặc giao nhiệm vụ để kiểm tra, xem xét sự phù hợp với quy định của pháp luật đối với một hoặc các nội dung: kế hoạch tổng thể lựa chọn nhà thầu, kế hoạch lựa chọn nhà thầu; hồ sơ mời quan tâm, hồ sơ mời sơ tuyển, hồ sơ mời thầu, hồ sơ yêu cầu và kết quả mời quan tâm, kết quả sơ tuyển, kết quả lựa chọn nhà thầu, nhà đầu tư.

3. Thành viên tổ chuyên gia, tổ thẩm định phải có tối thiểu 03 năm công tác thuộc một trong các lĩnh vực liên quan đến nội dung pháp lý, kỹ thuật, tài chính của gói thầu, dự án đầu tư kinh doanh.

4. Chính phủ quy định chi tiết về năng lực, kinh nghiệm của thành viên tổ chuyên gia, tổ thẩm định."
e82d3d8d-80ce-4d60-b099-6cd1526b9167,download.pdf,N/A,general,14,"## Chương II

"
0266bc43-651d-46ee-9dc2-a70ac88dfa8e,download.pdf,N/A,general,58,"### HÌNH THỨC, PHƯƠNG THỨC LỰA CHỌN NHÀ THẦU, NHÀ ĐẦU TƯ

"
d300f4d3-0187-45c8-8fd9-24526333150c,download.pdf,N/A,general,40,"### Mục 1. HÌNH THỨC LỰA CHỌN NHÀ THẦU

"
49723688-a442-4bc9-9fc5-0acfd53dea84,download.pdf,N/A,general,681,"### Điều 20. Các hình thức lựa chọn nhà thầu

1. Các hình thức lựa chọn nhà thầu bao gồm:

a) Đấu thầu rộng rãi;

b) Đấu thầu hạn chế;

c) Chỉ định thầu;

d) Chào hàng cạnh tranh;

đ) Mua sắm trực tiếp;

e) Tự thực hiện;

g) Tham gia thực hiện của cộng đồng;

h) Đàm phán giá;

i) Lựa chọn nhà thầu trong trường hợp đặc biệt.

2. Trường hợp phát sinh hình thức lựa chọn nhà thầu khác quy định tại khoản 1 Điều này, có tính ưu việt, sử dụng phương tiện điện tử tiến bộ, hiện đại, Chính phủ quy định về hình thức, quy trình, đối tượng phù hợp với tính năng mới của Hệ thống mạng đấu thầu quốc gia, bảo đảm mục tiêu cạnh tranh, công bằng, minh bạch và hiệu quả kinh tế trong đấu thầu."
0d03a490-e611-4bca-a865-7be969ba3291,download.pdf,N/A,general,696,"### Điều 21. Đấu thầu rộng rãi

1. Đấu thầu rộng rãi là hình thức lựa chọn nhà thầu trong đó không hạn chế số lượng nhà thầu tham dự.

2. Đấu thầu rộng rãi được áp dụng đối với tất cả các gói thầu, trừ trường hợp quy định tại các điều 22, 23, 24, 25, 26, 27, 28 và 29 của Luật này. Trường hợp không đấu thầu rộng rãi, văn bản trình duyệt kế hoạch lựa chọn nhà thầu phải nêu rõ lý do không thực hiện đấu thầu rộng rãi; người có thẩm quyền quyết định và chịu trách nhiệm về việc không áp dụng đấu thầu rộng rãi.

about:blank                                                                                                18/61


---



1/13/26, 9:03 AM                                    about:blank"
d94caffc-c54d-4c2e-b003-ef1032eb1885,download.pdf,N/A,general,444,"## Điều 22. Đấu thầu hạn chế

Đấu thầu hạn chế là hình thức lựa chọn nhà thầu trong đó chỉ có một số nhà thầu đáp ứng yêu cầu của gói thầu được mời tham dự thầu, áp dụng trong các trường hợp sau đây:

1. Gói thầu có yêu cầu cao về kỹ thuật hoặc kỹ thuật có tính đặc thù mà chỉ có một số nhà thầu đáp ứng yêu cầu của gói thầu;

2. Nhà tài trợ vốn cho dự án, gói thầu có yêu cầu đấu thầu hạn chế trong điều ước quốc tế, thỏa thuận vay nước ngoài."
ee5dce1a-2a06-4003-832f-3ed0cbf5b7a5,download.pdf,N/A,general,572,"## Điều 23. Chỉ định thầu

1. Chỉ định thầu được áp dụng trong các trường hợp sau đây:

a) Gói thầu cấp bách cần triển khai nhằm mục tiêu bảo vệ chủ quyền, an ninh quốc gia; gói thầu cần thực hiện để khắc phục ngay hoặc để xử lý kịp thời hậu quả gây ra do thiên tai, hỏa hoạn, tai nạn bất ngờ, sự cố, thảm họa hoặc sự kiện bất khả kháng khác;

b) Gói thầu cung cấp dịch vụ tư vấn, phi tư vấn, hàng hóa, xây lắp cần triển khai ngay để tránh gây nguy hại đến tính mạng và tài sản của cộng đồng dân cư trên địa bàn hoặc để không ảnh hưởng nghiêm trọng đến công trình liền kề;"
9a38a19e-3f7f-41a4-985d-e713bff7deb7,download.pdf,N/A,general,781,"c) Gói thầu cung cấp dịch vụ tư vấn, phi tư vấn, thuốc, hóa chất, vật tư xét nghiệm, thiết bị y tế, linh kiện, phụ kiện, phương tiện, xây lắp cần triển khai ngay để phục vụ công tác phòng, chống dịch bệnh hoặc duy trì hoạt động của cơ sở khám bệnh, chữa bệnh trong trường hợp cấp bách, tránh gây nguy hại đến tính mạng, sức khỏe người dân; gói thầu mua thuốc, hóa chất, vật tư xét nghiệm, thiết bị y tế, linh kiện, phụ kiện để cấp cứu người bệnh trong tình trạng cấp cứu theo quy định của Luật Khám bệnh, chữa bệnh trong trường hợp cơ sở khám bệnh, chữa bệnh không có đủ thuốc, hóa chất, vật tư xét nghiệm, thiết bị y tế, linh kiện, phụ kiện; gói thầu mua thuốc, thiết bị y tế chỉ có duy nhất một hãng sản xuất trên thị trường;

d) Gói thầu cần thực hiện để bảo vệ bí mật nhà nước;"
ab8693f8-9892-462a-922d-8c1b3ea97cdd,download.pdf,N/A,general,816,"d) Gói thầu cần thực hiện để bảo vệ bí mật nhà nước;

đ) Gói thầu cung cấp dịch vụ tư vấn phải mua từ nhà thầu đã thực hiện trước đó do cần bảo đảm tính tương thích về công nghệ, bản quyền mà không thể mua được từ nhà thầu khác; gói thầu mua sắm hàng hóa, dịch vụ phi tư vấn phải mua từ nhà thầu đã thực hiện trước đó hoặc từ hãng sản xuất, đại lý của hãng sản xuất do cần bảo đảm tính tương thích về công nghệ, bản quyền với các trang thiết bị, máy móc, phần mềm, dịch vụ sẵn có hoặc do các điều kiện bảo hành của nhà thầu, hãng sản xuất mà không thể mua được từ nhà thầu khác, hãng sản xuất khác;

e) Gói thầu có tính chất nghiên cứu, thử nghiệm, mua bản quyền sở hữu trí tuệ, mua bản quyền chương trình phát sóng; gói thầu vận chuyển hàng dự trữ quốc gia để cứu trợ, viện trợ trong trường hợp phải giao hàng ngay;"
8915e5f6-c93f-4e65-9a7f-da1509065e1a,download.pdf,N/A,general,962,"g) Gói thầu cung cấp dịch vụ tư vấn lập báo cáo nghiên cứu khả thi, thiết kế xây dựng được chỉ định cho tác giả của phương án kiến trúc trúng tuyển khi tác giả đó có đủ điều kiện năng lực theo quy định của pháp luật về xây dựng; gói thầu thi công xây dựng, phục chế tượng đài, phù điêu, tranh hoành tráng, tác phẩm nghệ thuật gắn với quyền tác giả từ khâu sáng tác đến thi công công trình; gói thầu cung cấp dịch vụ tư vấn lập quy hoạch xây dựng được chỉ định cho tác giả của ý tưởng hoặc đồ án quy hoạch xây dựng đã trúng tuyển thông qua thi tuyển;

h) Gói thầu tư vấn, thi công di dời các công trình hạ tầng kỹ thuật để phục vụ công tác giải phóng mặt bằng; gói thầu tư vấn, rà phá bom, mìn, vật nổ để chuẩn bị mặt bằng thi công;

i) Gói thầu chỉ có duy nhất một nhà thầu thực hiện được trên thị trường do yêu cầu về giải pháp công nghệ;

about:blank                                                                                                   19/61


---"
ad0f9bb1-f141-4be6-a88d-9b4dd664fd46,download.pdf,N/A,general,696,"about:blank                                                                                                   19/61


---



1/13/26, 9:03 AM                                       about:blank

k) Gói thầu thuộc dự án quan trọng quốc gia được áp dụng hình thức chỉ định thầu theo Nghị quyết của Quốc hội khi quyết định chủ trương đầu tư dự án;

l) Gói thầu thuê kho lưu giữ hàng tạm giữ; gói thầu thuê vận chuyển, bốc xếp hàng tạm giữ tại các cảng biển, địa điểm kiểm tra hàng hóa tập trung trong trường hợp chỉ có duy nhất một đơn vị cung cấp dịch vụ trong cảng; gói thầu nhập khẩu vũ khí thể thao phục vụ các câu lạc bộ, trường, trung tâm đào tạo huấn luyện thể thao tập luyện, thi đấu hằng năm;"
293e49de-48a0-4f0e-980e-f89c56448a49,download.pdf,N/A,general,651,"m) Gói thầu thuộc dự toán mua sắm có giá gói thầu trong hạn mức từ trên 50 triệu đồng đến 100 triệu đồng; gói thầu thuộc dự án đầu tư của doanh nghiệp nhà nước, doanh nghiệp do doanh nghiệp nhà nước nắm giữ 100% vốn điều lệ và dự án đầu tư theo Luật Đầu tư công, bao gồm: gói thầu cung cấp dịch vụ tư vấn có giá gói thầu trong hạn mức không quá 500 triệu đồng, gói thầu phi tư vấn, hàng hóa, xây lắp, hỗn hợp có giá gói thầu trong hạn mức không quá 01 tỷ đồng.

Trường hợp cần điều chỉnh hạn mức quy định tại điểm này để phù hợp với điều kiện kinh tế - xã hội và yêu cầu quản lý nhà nước, Chính phủ trình Ủy ban Thường vụ Quốc hội xem xét, quyết định."
ecafd103-76f7-49fa-87b8-fd18e3eb2b16,download.pdf,N/A,general,965,"Trường hợp cần điều chỉnh hạn mức quy định tại điểm này để phù hợp với điều kiện kinh tế - xã hội và yêu cầu quản lý nhà nước, Chính phủ trình Ủy ban Thường vụ Quốc hội xem xét, quyết định.

2. Đối với gói thầu quy định tại các điểm a, b và c khoản 1 Điều này, chủ đầu tư quyết định, chịu trách nhiệm việc chỉ định thầu theo quy trình rút gọn cho nhà thầu có năng lực, kinh nghiệm để thực hiện ngay gói thầu. Trong thời hạn 15 ngày kể từ ngày bắt đầu thực hiện gói thầu, các bên phải hoàn thiện thủ tục chỉ định thầu bao gồm các bước sau: chuẩn bị và gửi dự thảo hợp đồng cho nhà thầu; hoàn thiện hợp đồng; trình, phê duyệt và công khai kết quả lựa chọn nhà thầu; ký kết và quản lý thực hiện hợp đồng.

3. Việc thực hiện chỉ định thầu đối với gói thầu quy định tại các điểm d, đ, e, g, h, i, k, l và m khoản 1 Điều này phải đáp ứng đủ các điều kiện sau đây:

a) Có quyết định đầu tư được phê duyệt đối với dự án, trừ gói thầu tư vấn phục vụ công tác chuẩn bị dự án;"
bd310054-f747-4c98-9903-e4e96f47a260,download.pdf,N/A,general,933,"a) Có quyết định đầu tư được phê duyệt đối với dự án, trừ gói thầu tư vấn phục vụ công tác chuẩn bị dự án;

b) Có kế hoạch lựa chọn nhà thầu được phê duyệt;

c) Đã được bố trí vốn để thực hiện gói thầu;

d) Có dự toán được phê duyệt theo quy định, trừ gói thầu EP, EC, EPC, gói thầu chìa khóa trao tay.

4. Đối với gói thầu hoặc nội dung mua sắm có giá không quá 50 triệu đồng, thủ trưởng cơ quan, đơn vị mua sắm chịu trách nhiệm quyết định việc mua sắm bảo đảm tiết kiệm, hiệu quả và tự chịu trách nhiệm về quyết định của mình mà không phải lập, thẩm định, phê duyệt kế hoạch lựa chọn nhà thầu, dự toán gói thầu, không phải ký hợp đồng với nhà cung cấp nhưng phải bảo đảm chế độ hóa đơn, chứng từ đầy đủ theo quy định của pháp luật.

5. Việc chỉ định thầu phải được thực hiện trong thời hạn không quá 45 ngày kể từ ngày phê duyệt hồ sơ yêu cầu đến ngày ký kết hợp đồng; trường hợp gói thầu có quy mô lớn, phức tạp không quá 90 ngày."
0cfa89d8-feab-48ed-adfd-1607534b8ae3,download.pdf,N/A,general,968,"5. Việc chỉ định thầu phải được thực hiện trong thời hạn không quá 45 ngày kể từ ngày phê duyệt hồ sơ yêu cầu đến ngày ký kết hợp đồng; trường hợp gói thầu có quy mô lớn, phức tạp không quá 90 ngày.

6. Trường hợp gói thầu quy định tại khoản 1 Điều này đáp ứng điều kiện chỉ định thầu quy định tại khoản 3 Điều này nhưng vẫn có thể áp dụng các hình thức lựa chọn nhà thầu khác quy định tại các điều 21, 22, 24 và 25 của Luật này thì khuyến khích người có thẩm quyền quyết định áp dụng hình thức khác để lựa chọn nhà thầu.

7. Chính phủ quy định chi tiết điểm c khoản 1 Điều này.

**Điều 24. Chào hàng cạnh tranh**

Chào hàng cạnh tranh được áp dụng đối với gói thầu có giá gói thầu không quá 05 tỷ đồng thuộc một trong các trường hợp sau đây:

1. Gói thầu dịch vụ phi tư vấn thông dụng, đơn giản;

about:blank                                                                                            20/61


---



1/13/26, 9:03 AM                         about:blank"
4d9ec379-d830-4dcf-bc81-c82e39b48144,download.pdf,N/A,general,516,"about:blank                                                                                            20/61


---



1/13/26, 9:03 AM                         about:blank

2. Gói thầu mua sắm hàng hóa thông dụng, sẵn có trên thị trường với đặc tính kỹ thuật được tiêu chuẩn hóa và tương đương nhau về chất lượng;

3. Gói thầu xây lắp công trình đơn giản đã có thiết kế bản vẽ thi công được phê duyệt;

4. Gói thầu hỗn hợp cung cấp hàng hóa và xây lắp, trong đó nội dung xây lắp đáp ứng quy định tại khoản 3 Điều này."
10df43b2-f240-4b43-8bc7-64386f4b6c3f,download.pdf,N/A,general,951,"## Điều 25. Mua sắm trực tiếp

1. Mua sắm trực tiếp được áp dụng đối với gói thầu mua sắm hàng hóa tương tự thuộc dự án, dự toán mua sắm của cùng một chủ đầu tư hoặc chủ đầu tư khác và đáp ứng quy định tại khoản 2 Điều này.

2. Mua sắm trực tiếp được thực hiện khi đáp ứng đủ các điều kiện sau đây:

a) Nhà thầu đã trúng thầu thông qua đấu thầu rộng rãi hoặc đấu thầu hạn chế và đã ký hợp đồng thực hiện gói thầu trước đó;

b) Chủ đầu tư chỉ được áp dụng mua sắm trực tiếp một lần đối với các loại hàng hóa thuộc gói thầu và khối lượng từng hạng mục công việc nhỏ hơn 130% so với khối lượng hạng mục tương ứng thuộc gói thầu đã ký hợp đồng trước đó, không bao gồm khối lượng của tùy chọn mua thêm (nếu có);

c) Đơn giá của các phần việc thuộc gói thầu áp dụng mua sắm trực tiếp không được vượt đơn giá của các phần việc tương ứng thuộc gói thầu tương tự đã ký hợp đồng trước đó, đồng thời, phù hợp với giá thị trường tại thời điểm hoàn thiện hợp đồng;"
a1a15ad3-5370-463c-88fc-ff11e873f0a5,download.pdf,N/A,general,431,"d) Thời gian từ khi ký hợp đồng của gói thầu trước đó đến ngày phê duyệt kết quả mua sắm trực tiếp không quá 12 tháng.

3. Trường hợp nhà thầu thực hiện hợp đồng trước đó không có khả năng tiếp tục thực hiện gói thầu mua sắm trực tiếp thì được áp dụng mua sắm trực tiếp đối với nhà thầu khác nếu nhà thầu đó đáp ứng đủ các yêu cầu về năng lực, kinh nghiệm, kỹ thuật và giá theo hồ sơ mời thầu và kết quả lựa chọn nhà thầu trước đó."
7ff40783-ed4e-4e63-a6db-4ef31023bd8a,download.pdf,N/A,general,823,"## Điều 26. Tự thực hiện

1. Chủ đầu tư trực tiếp quản lý, sử dụng gói thầu được tự thực hiện gói thầu thuộc dự án, dự toán mua sắm khi đáp ứng đủ các điều kiện sau đây:

a) Có chức năng, nhiệm vụ, lĩnh vực hoạt động hoặc ngành, nghề kinh doanh phù hợp với yêu cầu của gói thầu;

b) Có năng lực kỹ thuật, tài chính và kinh nghiệm đáp ứng yêu cầu của gói thầu;

c) Có phương án khả thi huy động nhân sự, máy móc, thiết bị đáp ứng yêu cầu về tiến độ thực hiện gói thầu.

2. Chủ đầu tư trực tiếp tự thực hiện gói thầu hoặc giao đơn vị hạch toán phụ thuộc, phòng, ban thuộc tổ chức đó thực hiện.

3. Tổ chức, đơn vị quy định tại khoản 2 Điều này không được chuyển nhượng cho tổ chức, cá nhân khác khối lượng công việc có giá trị từ 10% trở lên hoặc trên 50 tỷ đồng tính trên giá trị công việc quy định tại thỏa thuận giao việc."
dd49a5ce-f82e-44b5-8425-c78a5eb1a6e4,download.pdf,N/A,general,495,"## Điều 27. Tham gia thực hiện của cộng đồng

Cộng đồng dân cư, tổ, nhóm thợ đủ năng lực tại địa phương nơi có gói thầu được giao thực hiện toàn bộ hoặc một phần gói thầu thuộc chương trình mục tiêu quốc gia, chương trình đầu tư công mà Nhà nước và

about:blank                                                                                                 21/61


---



1/13/26, 9:03 AM                                      about:blank

Nhân dân cùng làm có giá gói thầu không quá 05 tỷ đồng."
781429d5-377e-42a1-b5d7-0cd7e11dfee1,download.pdf,N/A,general,476,"## Điều 28. Đàm phán giá

1. Đàm phán giá được áp dụng đối với các gói thầu sau đây:

a) Mua biệt dược gốc, sinh phẩm tham chiếu;

b) Mua thuốc, thiết bị y tế, vật tư xét nghiệm chỉ có 01 hoặc 02 hãng sản xuất.

2. Bộ trưởng Bộ Y tế quyết định việc áp dụng hình thức đàm phán giá, ban hành danh mục thuốc, thiết bị y tế, vật tư xét nghiệm được áp dụng hình thức đàm phán giá và quy định quy trình, thủ tục lựa chọn nhà thầu đối với các gói thầu áp dụng hình thức đàm phán giá."
06dbb7ba-329b-46d7-a1e7-5027c01b4312,download.pdf,N/A,general,772,"## Điều 29. Lựa chọn nhà thầu trong trường hợp đặc biệt

1. Việc lựa chọn nhà thầu trong trường hợp đặc biệt được áp dụng đối với các gói thầu không thể lựa chọn nhà thầu theo quy định tại các điều 21, 22, 23, 24, 25, 26, 27 và 28 của Luật này, bao gồm:

a) Gói thầu mua thuốc, vắc xin trong quá trình thử nghiệm, có yêu cầu đặc thù của nhà sản xuất về điều kiện mua, thanh toán, bảo lãnh, bảo đảm và điều kiện khác trong quá trình thực hiện hợp đồng;

b) Gói thầu mua thuốc, vắc xin, thiết bị y tế thông qua các tổ chức quốc tế;

c) Gói thầu có yêu cầu bảo đảm quốc phòng, an ninh, đối ngoại, biên giới lãnh thổ;

d) Lựa chọn luật sư cung cấp dịch vụ pháp lý để bảo vệ quyền và lợi ích của Nhà nước Việt Nam, cơ quan nhà nước tại cơ quan tài phán nước ngoài hoặc quốc tế;"
5224ffb5-e21b-44db-8fe3-efa2af87e3d9,download.pdf,N/A,general,946,"d) Lựa chọn luật sư cung cấp dịch vụ pháp lý để bảo vệ quyền và lợi ích của Nhà nước Việt Nam, cơ quan nhà nước tại cơ quan tài phán nước ngoài hoặc quốc tế;

đ) Gói thầu về đào tạo chuyên sâu cho cơ quan nhà nước, đơn vị sự nghiệp công lập do cơ sở đào tạo nước ngoài trực tiếp thực hiện tại nước ngoài; mua vé máy bay cho đoàn đi công tác trong nước và quốc tế; gói thầu đào tạo, bồi dưỡng nghiệp vụ chuyên ngành đặc thù cho cán bộ, công chức do cần thiết phải mời cơ quan, đơn vị có thẩm quyền hoặc có chức năng, nhiệm vụ đào tạo chuyên môn được cơ quan có thẩm quyền giao;

e) Gói thầu thực hiện nhiệm vụ chính trị do Đảng và Nhà nước giao, bao gồm: tuyên truyền trên báo in, báo điện tử, đài phát thanh, truyền hình và phương tiện thông tin đại chúng khác trong trường hợp cơ quan, đơn vị được giao kinh phí tuyên truyền trực tiếp ký hợp đồng với các cơ quan này để thực hiện; tổ chức chương trình nghệ thuật đặc biệt; hợp tác sản xuất phim;"
c750563b-55df-4a06-bdba-74c1a39cbb9c,download.pdf,N/A,general,993,"g) Gói thầu sản xuất và lắp đặt sân khấu phục vụ sản xuất chương trình phát sóng gắn liền với ý tưởng thực hiện; thuê địa điểm để tổ chức sản xuất, ghi hình chương trình mang tính nghệ thuật cao;

h) Gói thầu cung cấp dịch vụ in ấn, cung cấp tem, biên lai, niêm phong theo quy định của pháp luật về quản lý thuế, hải quan; gói thầu mua chó nghiệp vụ, đào tạo chó nghiệp vụ, mua ma túy, chất nổ, mẫu tẩm nguồn hơi ma túy, chất nổ để huấn luyện chó nghiệp vụ;

i) Trường hợp dự án, gói thầu có điều kiện đặc thù về quy trình, thủ tục, tiêu chí lựa chọn nhà thầu, điều kiện ký kết và thực hiện hợp đồng không thuộc quy định tại các điểm a, b, c, d, đ, e, g và h khoản này, Chính phủ trình Ủy ban Thường vụ Quốc hội quyết định việc bổ sung trường hợp áp dụng hình thức lựa chọn nhà thầu trong trường hợp đặc biệt.

2. Thẩm quyền quyết định lựa chọn nhà thầu trong trường hợp đặc biệt được quy định như sau:

a) Thủ tướng Chính phủ quyết định lựa chọn nhà thầu quy định tại điểm c khoản 1 Điều này;"
52511852-13d4-42fa-bbd8-69a7304639e7,download.pdf,N/A,general,954,"2. Thẩm quyền quyết định lựa chọn nhà thầu trong trường hợp đặc biệt được quy định như sau:

a) Thủ tướng Chính phủ quyết định lựa chọn nhà thầu quy định tại điểm c khoản 1 Điều này;

about:blank                                                                                               22/61


---



1/13/26, 9:03 AM                                about:blank

b) Bộ trưởng Bộ Y tế quyết định và chịu trách nhiệm về việc lựa chọn nhà thầu quy định tại điểm a và điểm b khoản 1 Điều này;

c) Bộ trưởng, Thủ trưởng cơ quan ngang Bộ, cơ quan thuộc Chính phủ, cơ quan khác ở Trung ương, Chủ tịch Ủy ban nhân dân cấp tỉnh quyết định và chịu trách nhiệm về việc lựa chọn nhà thầu quy định tại các điểm d, đ, e, g và h khoản 1 Điều này.

3. Văn bản đề nghị phê duyệt phương án lựa chọn nhà thầu trong trường hợp đặc biệt phải nêu rõ lý do không thể đáp ứng điều kiện về lựa chọn nhà thầu quy định tại các điều 21, 22, 23, 24, 25, 26, 27 và 28 của Luật này."
bf07747b-2262-427d-a6fd-384327788726,download.pdf,N/A,general,108,"4. Chính phủ quy định chi tiết hồ sơ, quy trình, thủ tục lựa chọn nhà thầu trong trường hợp đặc biệt.Bổ sung"
e0397d1f-425d-4f6d-a55f-00089b556b84,download.pdf,N/A,general,41,"## Mục 2. PHƯƠNG THỨC LỰA CHỌN NHÀ THẦU

"
a97eb3f2-38e1-44fa-9b50-76e1a268de6d,download.pdf,N/A,general,872,"### Điều 30. Phương thức một giai đoạn một túi hồ sơ

1. Phương thức một giai đoạn một túi hồ sơ được áp dụng trong các trường hợp sau đây:

a) Đấu thầu rộng rãi, đấu thầu hạn chế đối với gói thầu cung cấp dịch vụ phi tư vấn, mua sắm hàng hóa, xây lắp, hỗn hợp, trừ trường hợp quy định tại điểm b khoản 1 Điều 31 của Luật này;

b) Chào hàng cạnh tranh đối với gói thầu cung cấp dịch vụ phi tư vấn, mua sắm hàng hóa, xây lắp, gói thầu hỗn hợp cung cấp hàng hóa và xây lắp;

c) Chỉ định thầu đối với gói thầu cung cấp dịch vụ tư vấn, dịch vụ phi tư vấn, mua sắm hàng hóa, xây lắp, hỗn hợp;

d) Mua sắm trực tiếp đối với gói thầu mua sắm hàng hóa.

2. Nhà thầu nộp hồ sơ dự thầu, hồ sơ đề xuất gồm đề xuất về kỹ thuật và đề xuất về tài chính theo yêu cầu của hồ sơ mời thầu, hồ sơ yêu cầu.

3. Việc mở thầu được tiến hành một lần đối với toàn bộ hồ sơ dự thầu, hồ sơ đề xuất."
31fa0c44-a3c2-4de3-b72e-d9ad7840d6ee,download.pdf,N/A,general,738,"### Điều 31. Phương thức một giai đoạn hai túi hồ sơ

1. Phương thức một giai đoạn hai túi hồ sơ được áp dụng trong các trường hợp sau đây:

a) Đấu thầu rộng rãi, đấu thầu hạn chế đối với gói thầu cung cấp dịch vụ tư vấn;

b) Đấu thầu rộng rãi, đấu thầu hạn chế đối với gói thầu cung cấp dịch vụ phi tư vấn, mua sắm hàng hóa, xây lắp, hỗn hợp đòi hỏi kỹ thuật cao theo quy định của pháp luật về khoa học, công nghệ.

2. Nhà thầu nộp đồng thời hồ sơ đề xuất về kỹ thuật và hồ sơ đề xuất về tài chính riêng biệt theo yêu cầu của hồ sơ mời thầu.

3. Việc mở thầu được tiến hành hai lần. Hồ sơ đề xuất về kỹ thuật sẽ được mở ngay sau thời điểm đóng thầu. Nhà thầu đáp ứng yêu cầu về kỹ thuật sẽ được mở hồ sơ đề xuất về tài chính để đánh giá."
231d2c32-0f40-4f7c-b458-3854351bdecd,download.pdf,N/A,general,621,"### Điều 32. Phương thức hai giai đoạn một túi hồ sơ

1. Phương thức hai giai đoạn một túi hồ sơ được áp dụng trong trường hợp đấu thầu rộng rãi, đấu thầu hạn chế đối với gói thầu mua sắm hàng hóa, xây lắp, hỗn hợp mà chưa xác định được chính xác các yêu cầu kỹ thuật cụ thể, đầy đủ cho gói thầu tại thời điểm tổ chức đấu thầu.

about:blank                                                                                              23/61


---



1/13/26, 9:03 AM                                  about:blank
about:blank                                                                                              24/61"
c0c09e7d-82fc-43fa-8eb6-3cc744d0871b,download.pdf,N/A,general,821,"---



1/13/26, 9:03 AM                                  about:blank
about:blank                                                                                              24/61

2. Trong giai đoạn một, nhà thầu nộp hồ sơ đề xuất về kỹ thuật không bao gồm giá dự thầu theo yêu cầu của hồ sơ mời thầu căn cứ thiết kế cơ sở hoặc thông số kỹ thuật của gói thầu. Nhà thầu được phép đề xuất phương án thay thế cho nội dung yêu cầu trong hồ sơ mời thầu nhưng phải chào thành phương án riêng cùng với phương án kỹ thuật chính theo yêu cầu của hồ sơ mời thầu. Hồ sơ đề xuất về kỹ thuật sẽ được mở ngay sau thời điểm đóng thầu. Nhà thầu có hồ sơ đề xuất về kỹ thuật đáp ứng yêu cầu của hồ sơ mời thầu giai đoạn một được mời tham dự thầu giai đoạn hai.

3. Trong giai đoạn hai, quy trình lựa chọn nhà thầu được thực hiện như sau:"
cedf8919-c279-4d37-a427-0d08e6a4f242,download.pdf,N/A,general,768,"3. Trong giai đoạn hai, quy trình lựa chọn nhà thầu được thực hiện như sau:

a) Nhà thầu trong danh sách đạt yêu cầu giai đoạn một được mời làm rõ hồ sơ đề xuất về kỹ thuật. Nội dung làm rõ đề xuất về kỹ thuật bao gồm việc chủ đầu tư, bên mời thầu yêu cầu nhà thầu điều chỉnh đề xuất về kỹ thuật giai đoạn một. Nhà thầu được đưa ra ý kiến góp ý về nội dung hồ sơ mời thầu;

b) Trên cơ sở nội dung làm rõ đề xuất về kỹ thuật với từng nhà thầu, hồ sơ mời thầu giai đoạn một được điều chỉnh, bổ sung về chỉ dẫn nhà thầu, tiêu chuẩn đánh giá, yêu cầu kỹ thuật, điều kiện hợp đồng và các nội dung khác để hình thành hồ sơ mời thầu giai đoạn hai, kể cả các sai lệch về kỹ thuật của nhà thầu đã được chấp nhận, đề xuất trong phương án thay thế của nhà thầu đã được chấp nhận;"
b6919ce3-9260-491c-88d7-30f8cb293ea7,download.pdf,N/A,general,339,"c) Nhà thầu nộp hồ sơ dự thầu bao gồm đề xuất về kỹ thuật và đề xuất về tài chính theo yêu cầu của hồ sơ mời thầu giai đoạn hai, trong đó có giá dự thầu và bảo đảm dự thầu trên cơ sở nội dung điều chỉnh đề xuất về kỹ thuật giai đoạn một theo quy định tại điểm a khoản này. Việc mở thầu được tiến hành một lần đối với toàn bộ hồ sơ dự thầu."
6e03d234-06f4-42da-806c-d977007c9c85,download.pdf,N/A,general,945,"## Điều 33. Phương thức hai giai đoạn hai túi hồ sơ

1. Phương thức hai giai đoạn hai túi hồ sơ được áp dụng trong trường hợp đấu thầu rộng rãi, đấu thầu hạn chế đối với gói thầu mua sắm hàng hóa, xây lắp, hỗn hợp có kỹ thuật, công nghệ mới, phức tạp, có tính đặc thù mà chưa xác định được chính xác các yêu cầu kỹ thuật cụ thể, đầy đủ cho gói thầu tại thời điểm tổ chức đấu thầu.

2. Trong giai đoạn một, nhà thầu nộp hồ sơ đề xuất về kỹ thuật không bao gồm giá dự thầu theo yêu cầu của hồ sơ mời thầu căn cứ thiết kế cơ sở hoặc thông số kỹ thuật của gói thầu. Nhà thầu được phép đề xuất phương án thay thế cho nội dung yêu cầu trong hồ sơ mời thầu nhưng phải chào thành phương án riêng cùng với phương án kỹ thuật chính theo yêu cầu của hồ sơ mời thầu. Hồ sơ đề xuất về kỹ thuật sẽ được mở ngay sau thời điểm đóng thầu. Nhà thầu có hồ sơ đề xuất về kỹ thuật đáp ứng yêu cầu của hồ sơ mời thầu giai đoạn một được mời tham dự thầu giai đoạn hai."
2792a962-d1f3-43ca-894a-a5efa727b935,download.pdf,N/A,general,768,"3. Trong giai đoạn hai, quy trình lựa chọn nhà thầu được thực hiện như sau:

a) Nhà thầu trong danh sách đạt yêu cầu giai đoạn một được mời làm rõ hồ sơ đề xuất về kỹ thuật. Nội dung làm rõ đề xuất về kỹ thuật bao gồm việc chủ đầu tư, bên mời thầu yêu cầu nhà thầu điều chỉnh đề xuất về kỹ thuật giai đoạn một. Nhà thầu được đưa ra ý kiến góp ý về nội dung hồ sơ mời thầu;

b) Trên cơ sở nội dung làm rõ đề xuất về kỹ thuật với từng nhà thầu, hồ sơ mời thầu giai đoạn một được điều chỉnh, bổ sung về chỉ dẫn nhà thầu, tiêu chuẩn đánh giá, yêu cầu kỹ thuật, điều kiện hợp đồng và các nội dung khác để hình thành hồ sơ mời thầu giai đoạn hai, kể cả các sai lệch về kỹ thuật của nhà thầu đã được chấp nhận, đề xuất trong phương án thay thế của nhà thầu đã được chấp nhận;"
61a0e93c-01a6-472f-a362-8a58b975c9e6,download.pdf,N/A,general,685,"c) Nhà thầu nộp hồ sơ dự thầu bao gồm đề xuất về kỹ thuật và đề xuất về tài chính riêng biệt theo yêu cầu của hồ sơ mời thầu giai đoạn hai, trong đó có giá dự thầu và bảo đảm dự thầu. Hồ sơ đề xuất tài chính được chào tương ứng theo phương án đề xuất kỹ thuật chính của nhà thầu; trường hợp nhà thầu chào phương án kỹ thuật thay thế thì phải gửi kèm theo phần đề xuất tài chính cho phương án thay thế này. Việc mở thầu được tiến hành hai lần. Hồ sơ đề xuất về kỹ thuật sẽ được mở ngay sau thời điểm đóng thầu. Nhà thầu đáp ứng yêu cầu về kỹ thuật sẽ được mở hồ sơ đề xuất về tài chính để đánh giá.

---



1/13/26, 9:03 AM                                                    about:blank"
b5bbf0ac-169a-447a-a04d-7a7b95d6504f,download.pdf,N/A,general,53,"# Mục 3. HÌNH THỨC, PHƯƠNG THỨC LỰA CHỌN NHÀ ĐẦU TƯ

"
b0b3382f-64b9-426e-a4e7-9d9bc56ed599,download.pdf,N/A,general,454,"## Điều 34. Hình thức lựa chọn nhà đầu tư

1. Đấu thầu rộng rãi:

Đấu thầu rộng rãi được áp dụng đối với dự án đầu tư kinh doanh mà không hạn chế số lượng nhà đầu tư tham dự.

2. Đấu thầu hạn chế:

Đấu thầu hạn chế được áp dụng đối với dự án đầu tư kinh doanh có yêu cầu cao về kỹ thuật, công nghệ hoặc có tính đặc thù theo quy định của pháp luật quản lý ngành, lĩnh vực mà chỉ có một số nhà đầu tư đáp ứng yêu cầu của dự án được mời tham dự thầu.Bổ sung"
ab8fe5e7-01fa-4481-b867-b963588f795a,download.pdf,N/A,general,807,"## Điều 35. Phương thức lựa chọn nhà đầu tư

1. Phương thức một giai đoạn một túi hồ sơ:

a) Phương thức một giai đoạn một túi hồ sơ được áp dụng trong trường hợp đấu thầu rộng rãi, đấu thầu hạn chế lựa chọn nhà đầu tư;

b) Nhà đầu tư nộp hồ sơ dự thầu gồm đề xuất về kỹ thuật và đề xuất về tài chính theo yêu cầu của hồ sơ mời thầu;

c) Việc mở thầu được tiến hành một lần đối với toàn bộ hồ sơ dự thầu.

2. Phương thức một giai đoạn hai túi hồ sơ:

a) Phương thức một giai đoạn hai túi hồ sơ được áp dụng trong trường hợp đấu thầu rộng rãi lựa chọn nhà đầu tư đối với dự án đầu tư kinh doanh có yêu cầu công trình kiến trúc có giá trị theo quy định của pháp luật về kiến trúc;

b) Nhà đầu tư nộp đồng thời hồ sơ đề xuất về kỹ thuật và hồ sơ đề xuất về tài chính riêng biệt theo yêu cầu của hồ sơ mời thầu;"
07700faf-4d00-4143-b2bd-d6a43043753c,download.pdf,N/A,general,714,"b) Nhà đầu tư nộp đồng thời hồ sơ đề xuất về kỹ thuật và hồ sơ đề xuất về tài chính riêng biệt theo yêu cầu của hồ sơ mời thầu;

c) Việc mở thầu được tiến hành hai lần. Hồ sơ đề xuất về kỹ thuật sẽ được mở ngay sau thời điểm đóng thầu. Nhà đầu tư đáp ứng yêu cầu về kỹ thuật sẽ được mở hồ sơ đề xuất về tài chính để đánh giá.

3. Phương thức hai giai đoạn một túi hồ sơ:

Phương thức hai giai đoạn một túi hồ sơ được áp dụng trong trường hợp đấu thầu rộng rãi lựa chọn nhà đầu tư thực hiện dự án đầu tư kinh doanh có yêu cầu đặc thù phát triển kinh tế, xã hội của ngành, vùng, địa phương nhưng chưa xác định được cụ thể tiêu chuẩn về kỹ thuật, kinh tế, xã hội, môi trường.

4. Chính phủ quy định chi tiết Điều này."
72b355b1-8fc4-448f-908f-d6d2b3483b0b,download.pdf,N/A,general,14,"# Chương III

"
70cb2ba2-fef6-4943-96fe-ce2437b1b228,download.pdf,N/A,general,30,"# KẾ HOẠCH LỰA CHỌN NHÀ THẦU

"
b23810d8-92cb-442b-893e-880ec1033ad5,download.pdf,N/A,general,958,"## Điều 36. Kế hoạch tổng thể lựa chọn nhà thầu cho dự án

1. Căn cứ quy mô, tính chất công tác đấu thầu của dự án, chủ đầu tư hoặc cơ quan chuẩn bị dự án có thể trình người có thẩm quyền xem xét, quyết định việc tổ chức lập, phê duyệt kế hoạch tổng thể lựa chọn nhà thầu.

about:blank                                                                                             25/61


---



1/13/26, 9:03 AM                                          about:blank

2. Kế hoạch tổng thể lựa chọn nhà thầu được lập đồng thời hoặc độc lập với báo cáo nghiên cứu khả thi và được phê duyệt sau khi báo cáo nghiên cứu khả thi được phê duyệt.

3. Kế hoạch tổng thể lựa chọn nhà thầu bao gồm những nội dung chủ yếu sau đây:

a) Xem xét bối cảnh thực hiện dự án đối với công tác đấu thầu;

b) Đánh giá năng lực, nguồn lực và kinh nghiệm của chủ đầu tư đối với việc thực hiện các hoạt động đấu thầu của dự án;

c) Phân tích thị trường và xác định rủi ro trong đấu thầu;"
71331f44-18f1-4736-bacb-b861356285ab,download.pdf,N/A,general,599,"b) Đánh giá năng lực, nguồn lực và kinh nghiệm của chủ đầu tư đối với việc thực hiện các hoạt động đấu thầu của dự án;

c) Phân tích thị trường và xác định rủi ro trong đấu thầu;

d) Mục tiêu cụ thể của hoạt động đấu thầu;

đ) Đề xuất kế hoạch tổng thể lựa chọn nhà thầu cho dự án bao gồm: phân chia dự án thành các gói thầu; hình thức và phương thức lựa chọn nhà thầu; loại hợp đồng, nguyên tắc phân chia và quản lý rủi ro; tiến độ thực hiện các công việc chính, gói thầu; nội dung khác cần lưu ý trong soạn thảo hồ sơ mời thầu, quản lý thực hiện hợp đồng.

4. Chính phủ quy định chi tiết Điều này."
9e017e81-7b24-4af4-afa2-aa221380c8e4,download.pdf,N/A,general,990,"## Điều 37. Nguyên tắc lập kế hoạch lựa chọn nhà thầu

1. Kế hoạch lựa chọn nhà thầu được lập cho toàn bộ dự án, dự toán mua sắm. Đối với dự toán mua sắm, kế hoạch lựa chọn nhà thầu có thể được lập trên cơ sở dự toán mua sắm của năm ngân sách và dự kiến dự toán mua sắm của các năm ngân sách tiếp theo. Trường hợp chưa đủ điều kiện lập kế hoạch lựa chọn nhà thầu cho toàn bộ dự án, dự toán mua sắm thì lập kế hoạch lựa chọn nhà thầu cho một hoặc một số gói thầu để thực hiện trước.

2. Trường hợp gói thầu có thời gian thực hiện dài hơn 01 năm, kế hoạch lựa chọn nhà thầu phải nêu rõ thời gian thực hiện gói thầu, giá gói thầu trên cơ sở toàn bộ thời gian thực hiện gói thầu.

3. Kế hoạch lựa chọn nhà thầu phải ghi rõ số lượng gói thầu và nội dung của từng gói thầu.

4. Việc phê duyệt kế hoạch lựa chọn nhà thầu phải căn cứ theo tính chất kỹ thuật, trình tự thực hiện; bảo đảm tính đồng bộ của dự án, dự toán mua sắm và phù hợp với kế hoạch tổng thể lựa chọn nhà thầu được duyệt (nếu có)."
c82606c1-ff1e-4a95-ab34-7341b4a99666,download.pdf,N/A,general,266,"5. Kế hoạch lựa chọn nhà thầu được lập sau khi có dự toán mua sắm, quyết định phê duyệt dự án hoặc đồng thời với quá trình lập dự án, dự toán mua sắm hoặc trước khi có quyết định phê duyệt dự án đối với gói thầu cần thực hiện trước khi có quyết định phê duyệt dự án."
7fd5de85-a751-4615-b883-57897e6df1d9,download.pdf,N/A,general,962,"## Điều 38. Lập kế hoạch lựa chọn nhà thầu

1. Căn cứ lập kế hoạch lựa chọn nhà thầu đối với dự án:

a) Quyết định phê duyệt dự án và tài liệu có liên quan, trừ trường hợp gói thầu cần thực hiện trước khi phê duyệt dự án. Đối với gói thầu cần thực hiện trước khi phê duyệt dự án thì căn cứ theo quyết định của người đứng đầu chủ đầu tư hoặc người đứng đầu đơn vị được giao nhiệm vụ chuẩn bị dự án trong trường hợp chưa xác định được chủ đầu tư;

b) Kế hoạch tổng thể lựa chọn nhà thầu (nếu có);

c) Dự án đã được giao kế hoạch đầu tư công trung hạn, trừ trường hợp dự án đầu tư công khẩn cấp theo quy định của pháp luật về đầu tư công;

about:blank                                                                                                26/61


---



1/13/26, 9:03 AM                                     about:blank

d) Kế hoạch bố trí vốn thực hiện dự án hoặc nguồn vốn thực hiện dự án đối với dự án không thuộc trường hợp quy định tại điểm c khoản này;"
e0e694c1-9862-4504-bb7f-7668a28b5882,download.pdf,N/A,general,892,"d) Kế hoạch bố trí vốn thực hiện dự án hoặc nguồn vốn thực hiện dự án đối với dự án không thuộc trường hợp quy định tại điểm c khoản này;

đ) Điều ước quốc tế, thỏa thuận vay đối với dự án sử dụng vốn ODA, vốn vay ưu đãi của nhà tài trợ nước ngoài, trừ trường hợp đấu thầu trước quy định tại Điều 42 của Luật này;

e) Văn bản pháp lý có liên quan.

2. Căn cứ lập kế hoạch lựa chọn nhà thầu đối với dự toán mua sắm:

a) Tiêu chuẩn, định mức sử dụng tài sản công của cơ quan, tổ chức, đơn vị và cán bộ, công chức, viên chức, người lao động (nếu có);

b) Dự toán mua sắm;

c) Văn bản pháp lý có liên quan.

**Điều 39. Nội dung kế hoạch lựa chọn nhà thầu**

1. Tên gói thầu:

Tên gói thầu thể hiện tính chất, nội dung và phạm vi công việc của gói thầu. Trường hợp gói thầu gồm nhiều phần riêng biệt, kế hoạch lựa chọn nhà thầu cần nêu tên thể hiện nội dung cơ bản của từng phần.

2. Giá gói thầu:"
5d2b7b43-97ae-4468-baab-1530da023065,download.pdf,N/A,general,639,"2. Giá gói thầu:

a) Giá gói thầu là giá trị của gói thầu được phê duyệt trong kế hoạch lựa chọn nhà thầu. Giá gói thầu bao gồm toàn bộ chi phí để thực hiện gói thầu, kể cả chi phí dự phòng, phí, lệ phí và thuế. Giá gói thầu được cập nhật trong thời hạn 28 ngày trước ngày mở thầu nếu cần thiết;

b) Đối với gói thầu chia phần thì ghi rõ giá gói thầu và giá ước tính cho từng phần trong giá gói thầu;

c) Đối với gói thầu áp dụng tùy chọn mua thêm quy định tại khoản 8 Điều này, giá gói thầu không bao gồm giá trị của tùy chọn mua thêm.

Chính phủ quy định chi tiết về nội dung giá gói thầu trong kế hoạch lựa chọn nhà thầu.

3. Nguồn vốn:"
73cce144-2b93-4acc-8b71-cbab43e60e44,download.pdf,N/A,general,995,"Chính phủ quy định chi tiết về nội dung giá gói thầu trong kế hoạch lựa chọn nhà thầu.

3. Nguồn vốn:

Đối với mỗi gói thầu phải nêu rõ nguồn vốn đã được xác định hoặc phê duyệt. Trường hợp sử dụng vốn ODA, vốn vay ưu đãi của nhà tài trợ nước ngoài thì phải ghi rõ tên nhà tài trợ và cơ cấu nguồn vốn, bao gồm vốn tài trợ, vốn đối ứng trong nước. Đối với dự toán mua sắm, trường hợp gói thầu có thời gian thực hiện dài hơn 01 năm, nguồn vốn có thể được xác định trên cơ sở dự toán mua sắm của năm ngân sách và dự kiến dự toán mua sắm của các năm ngân sách tiếp theo.

4. Hình thức và phương thức lựa chọn nhà thầu:

a) Đối với mỗi gói thầu phải xác định cụ thể hình thức và phương thức lựa chọn nhà thầu; lựa chọn nhà thầu trong nước hoặc quốc tế; áp dụng hoặc không áp dụng lựa chọn nhà thầu qua mạng;

b) Đối với dự án áp dụng kế hoạch tổng thể lựa chọn nhà thầu, ghi theo nội dung phù hợp với kế hoạch tổng thể lựa chọn nhà thầu.

5. Thời gian tổ chức lựa chọn nhà thầu:

about:blank    27/61"
5a917b25-ca42-4944-b823-a5d6464d1c5a,download.pdf,N/A,general,946,"b) Đối với dự án áp dụng kế hoạch tổng thể lựa chọn nhà thầu, ghi theo nội dung phù hợp với kế hoạch tổng thể lựa chọn nhà thầu.

5. Thời gian tổ chức lựa chọn nhà thầu:

about:blank    27/61


---



1/13/26, 9:03 AM                                   about:blank

Kế hoạch lựa chọn nhà thầu phải nêu rõ thời gian tổ chức lựa chọn nhà thầu và thời gian bắt đầu tổ chức lựa chọn nhà thầu. Thời gian bắt đầu tổ chức lựa chọn nhà thầu được tính từ khi phát hành hồ sơ mời thầu, hồ sơ yêu cầu, được ghi rõ theo tháng hoặc quý trong năm. Trường hợp đấu thầu rộng rãi có áp dụng thủ tục lựa chọn danh sách ngắn, thời gian bắt đầu tổ chức lựa chọn nhà thầu được tính từ khi phát hành hồ sơ mời quan tâm, hồ sơ mời sơ tuyển.

6. Loại hợp đồng:

a) Kế hoạch lựa chọn nhà thầu phải xác định cụ thể loại hợp đồng theo quy định tại Điều 64 của Luật này để làm căn cứ lập hồ sơ mời quan tâm, hồ sơ mời sơ tuyển, hồ sơ mời thầu, hồ sơ yêu cầu; ký kết hợp đồng;"
eb68ce9f-0550-4045-8c06-241e35629a40,download.pdf,N/A,general,891,"b) Đối với dự án áp dụng kế hoạch tổng thể lựa chọn nhà thầu, ghi theo nội dung phù hợp với kế hoạch tổng thể lựa chọn nhà thầu.

7. Thời gian thực hiện gói thầu:

Thời gian thực hiện gói thầu được tính từ ngày hợp đồng có hiệu lực đến ngày nghiệm thu hoàn thành công trình, hàng hóa (bao gồm cả dịch vụ liên quan, nếu có), dịch vụ phi tư vấn, tư vấn. Thời gian thực hiện gói thầu được tính theo số ngày, số tuần, số tháng hoặc số năm, không bao gồm thời gian hoàn thành nghĩa vụ bảo hành, thời gian giám sát tác giả đối với gói thầu tư vấn (nếu có).

8. Tùy chọn mua thêm (nếu có):

a) Tùy chọn mua thêm là khả năng chủ đầu tư mua bổ sung hàng hóa, dịch vụ tư vấn, dịch vụ phi tư vấn của gói thầu ngoài khối lượng nêu trong hợp đồng;

b) Trường hợp gói thầu áp dụng tùy chọn mua thêm, kế hoạch lựa chọn nhà thầu phải ghi rõ khối lượng, số lượng, giá trị ước tính của phần tùy chọn mua thêm;"
cad285cd-dee6-45c1-a579-467c3ca56eea,download.pdf,N/A,general,643,"b) Trường hợp gói thầu áp dụng tùy chọn mua thêm, kế hoạch lựa chọn nhà thầu phải ghi rõ khối lượng, số lượng, giá trị ước tính của phần tùy chọn mua thêm;

c) Tùy chọn mua thêm được thực hiện khi đáp ứng đủ các điều kiện: nhà thầu đã trúng thầu thông qua đấu thầu rộng rãi, đàm phán giá; khối lượng mua thêm không vượt 30% của khối lượng hạng mục tương ứng nêu trong hợp đồng; có dự toán được phê duyệt đối với khối lượng mua thêm; đơn giá của hàng hóa, dịch vụ mua thêm không được vượt đơn giá của các hàng hóa, dịch vụ tương ứng trong hợp đồng; chỉ áp dụng trong thời gian có hiệu lực của hợp đồng.

9. Giám sát hoạt động đấu thầu (nếu có)."
02bc4870-4e41-4707-b039-a2291a0d6925,download.pdf,N/A,general,959,"## Điều 40. Phê duyệt kế hoạch lựa chọn nhà thầu đối với dự án

1. Hồ sơ trình duyệt kế hoạch lựa chọn nhà thầu bao gồm những nội dung sau đây:

a) Phần công việc đã thực hiện, bao gồm nội dung công việc liên quan đến chuẩn bị dự án, các gói thầu thực hiện trước với giá trị tương ứng và căn cứ pháp lý để thực hiện;

b) Phần công việc không áp dụng được một trong các hình thức lựa chọn nhà thầu;

c) Phần công việc thuộc kế hoạch lựa chọn nhà thầu, bao gồm nội dung công việc và giá trị tương ứng hình thành các gói thầu được thực hiện theo một trong các hình thức lựa chọn nhà thầu quy định tại các điều 21, 22, 23, 24, 25, 26, 27, 28 và 29 của Luật này;

d) Phần công việc chưa đủ điều kiện lập kế hoạch lựa chọn nhà thầu (nếu có), trong đó nêu rõ nội dung và giá trị của phần công việc này;

đ) Phần tổng hợp giá trị của các phần công việc quy định tại các điểm a, b, c và d khoản này. Tổng giá trị của phần này không được vượt tổng mức đầu tư của dự án;"
22edee5c-2584-4912-b0df-241fa2eddbf6,download.pdf,N/A,general,827,"đ) Phần tổng hợp giá trị của các phần công việc quy định tại các điểm a, b, c và d khoản này. Tổng giá trị của phần này không được vượt tổng mức đầu tư của dự án;

about:blank                                                                                                28/61


---



1/13/26, 9:03 AM                                    about:blank

e) Nội dung khác có liên quan.

2. Thẩm quyền phê duyệt kế hoạch lựa chọn nhà thầu:

a) Chủ đầu tư tổ chức lập và phê duyệt kế hoạch lựa chọn nhà thầu trong trường hợp đã phê duyệt kế hoạch tổng thể lựa chọn nhà thầu;

b) Người có thẩm quyền xem xét, phê duyệt kế hoạch lựa chọn nhà thầu đối với dự án không áp dụng kế hoạch tổng thể lựa chọn nhà thầu hoặc ủy quyền cho chủ đầu tư, cơ quan, đơn vị thuộc phạm vi quản lý phê duyệt, trừ trường hợp quy định tại điểm c khoản này;"
2385ff30-74fe-4d4c-81fe-0a7300f6bc04,download.pdf,N/A,general,842,"c) Chủ đầu tư hoặc người đứng đầu đơn vị được giao nhiệm vụ chuẩn bị dự án trong trường hợp chưa xác định được chủ đầu tư phê duyệt kế hoạch lựa chọn nhà thầu của gói thầu đấu thầu trước theo quy định tại Điều 42 của Luật này hoặc gói thầu cần thực hiện trước khi có quyết định phê duyệt dự án.

3. Người phê duyệt kế hoạch lựa chọn nhà thầu quy định tại khoản 2 Điều này tổ chức thẩm định các nội dung theo quy định tại Điều 39 của Luật này trước khi phê duyệt.

**Điều 41. Phê duyệt kế hoạch lựa chọn nhà thầu đối với dự toán mua sắm**

1. Hồ sơ trình duyệt kế hoạch lựa chọn nhà thầu bao gồm những nội dung sau đây:

a) Phần công việc đã thực hiện, bao gồm nội dung công việc của gói thầu thực hiện trước với giá trị tương ứng và căn cứ pháp lý để thực hiện;

b) Phần công việc không áp dụng được một trong các hình thức lựa chọn nhà thầu;"
a59a9c28-0c3e-4918-ad9a-cb9f0ca7500d,download.pdf,N/A,general,994,"b) Phần công việc không áp dụng được một trong các hình thức lựa chọn nhà thầu;

c) Phần công việc thuộc kế hoạch lựa chọn nhà thầu, bao gồm nội dung công việc và giá trị tương ứng hình thành gói thầu được thực hiện theo một trong các hình thức lựa chọn nhà thầu quy định tại các điều 21, 22, 23, 24, 25, 26, 27, 28 và 29 của Luật này;

d) Phần công việc chưa đủ điều kiện lập kế hoạch lựa chọn nhà thầu (nếu có), trong đó nêu rõ nội dung và giá trị của phần công việc này;

đ) Phần tổng hợp giá trị của các phần công việc quy định tại các điểm a, b, c và d khoản này. Tổng giá trị của phần này không được vượt dự toán mua sắm;

e) Nội dung khác có liên quan.

2. Người có thẩm quyền phê duyệt kế hoạch lựa chọn nhà thầu hoặc ủy quyền cho chủ đầu tư, cơ quan, đơn vị thuộc phạm vi quản lý phê duyệt kế hoạch lựa chọn nhà thầu.

3. Người phê duyệt kế hoạch lựa chọn nhà thầu quy định tại khoản 2 Điều này tổ chức thẩm định các nội dung theo quy định tại Điều 39 của Luật này trước khi phê duyệt."
d8febdf5-d9ae-43f4-97ca-9a7c7b599b72,download.pdf,N/A,general,921,"3. Người phê duyệt kế hoạch lựa chọn nhà thầu quy định tại khoản 2 Điều này tổ chức thẩm định các nội dung theo quy định tại Điều 39 của Luật này trước khi phê duyệt.

**Điều 42. Đấu thầu trước**

1. Đấu thầu trước đối với gói thầu lựa chọn nhà thầu thực hiện dự án sử dụng vốn ODA, vốn vay ưu đãi của nhà tài trợ nước ngoài thực hiện theo điều ước quốc tế, thỏa thuận về vốn ODA và vốn vay ưu đãi đã được ký kết.

Các hoạt động thực hiện trước khi ký kết điều ước quốc tế, thỏa thuận về vốn ODA và vốn vay ưu đãi của nhà tài trợ nước ngoài gồm: lập, trình duyệt, thẩm định, phê duyệt kế hoạch lựa chọn nhà thầu, hồ sơ mời quan tâm, hồ sơ mời sơ tuyển, hồ sơ mời thầu, hồ sơ yêu cầu, xác định danh sách ngắn.

about:blank    29/61


---



1/13/26, 9:03 AM                                    about:blank

2. Các hoạt động quy định tại khoản 1 Điều này được thực hiện theo quy định tại điểm a khoản 1 Điều 43 của Luật này."
30e0d014-6677-4f26-bec3-dc2318d4b8dd,download.pdf,N/A,general,14,"## Chương IV

"
3d198e15-61de-4b6b-8068-a891771128da,download.pdf,N/A,general,54,"### QUY TRÌNH, THỦ TỤC LỰA CHỌN NHÀ THẦU, NHÀ ĐẦU TƯ

"
77382d05-c29c-42fd-90e5-2cf6165b3d5d,download.pdf,N/A,general,48,"## Mục 1. QUY TRÌNH, THỦ TỤC LỰA CHỌN NHÀ THẦU

"
78a3e06c-fa93-4a22-9072-0817fa54dada,download.pdf,N/A,general,923,"### Điều 43. Quy trình, thủ tục lựa chọn nhà thầu

1. Quy trình, thủ tục lựa chọn nhà thầu đối với đấu thầu rộng rãi, đấu thầu hạn chế bao gồm các bước sau đây:

a) Chuẩn bị lựa chọn nhà thầu;

b) Tổ chức lựa chọn nhà thầu;

c) Đánh giá hồ sơ dự thầu;

d) Thương thảo hợp đồng đối với gói thầu cung cấp dịch vụ tư vấn.

Đối với gói thầu mua sắm hàng hóa, xây lắp, cung cấp dịch vụ phi tư vấn áp dụng đấu thầu quốc tế, gói thầu hỗn hợp và gói thầu có yêu cầu kỹ thuật cao, trường hợp cần thiết, bên mời thầu có thể thương thảo hợp đồng với nhà thầu xếp hạng thứ nhất;

đ) Trình, thẩm định, phê duyệt, công khai kết quả lựa chọn nhà thầu và giải thích lý do nhà thầu không trúng thầu theo yêu cầu của nhà thầu (nếu có);

e) Hoàn thiện, ký kết và quản lý thực hiện hợp đồng.

2. Quy trình, thủ tục lựa chọn nhà thầu đối với chỉ định thầu bao gồm các bước sau đây:

a) Chuẩn bị lựa chọn nhà thầu;

b) Tổ chức lựa chọn nhà thầu;"
7662d227-d41a-4259-9a3c-59aae01c42e9,download.pdf,N/A,general,966,"2. Quy trình, thủ tục lựa chọn nhà thầu đối với chỉ định thầu bao gồm các bước sau đây:

a) Chuẩn bị lựa chọn nhà thầu;

b) Tổ chức lựa chọn nhà thầu;

c) Đánh giá hồ sơ đề xuất và thương thảo về đề xuất của một hoặc các nhà thầu (nếu có);

d) Trình, thẩm định, phê duyệt và công khai kết quả lựa chọn nhà thầu;

đ) Hoàn thiện, ký kết và quản lý thực hiện hợp đồng.

Đối với trường hợp quy định tại điểm m khoản 1 Điều 23 của Luật này, người có thẩm quyền có thể quyết định áp dụng quy trình rút gọn bao gồm các bước sau: chuẩn bị và gửi dự thảo hợp đồng cho nhà thầu; hoàn thiện hợp đồng; trình, phê duyệt và công khai kết quả lựa chọn nhà thầu; ký kết và quản lý thực hiện hợp đồng.

3. Quy trình, thủ tục lựa chọn nhà thầu đối với chào hàng cạnh tranh bao gồm các bước sau đây:

a) Chuẩn bị lựa chọn nhà thầu;

b) Tổ chức lựa chọn nhà thầu;

c) Đánh giá hồ sơ dự thầu;

about:blank    30/61


---



1/13/26, 9:03 AM                                    about:blank"
08e39929-7e43-4b03-a1a7-8d76687f5048,download.pdf,N/A,general,994,"a) Chuẩn bị lựa chọn nhà thầu;

b) Tổ chức lựa chọn nhà thầu;

c) Đánh giá hồ sơ dự thầu;

about:blank    30/61


---



1/13/26, 9:03 AM                                    about:blank

d) Trình, thẩm định, phê duyệt, công khai kết quả lựa chọn nhà thầu và giải thích lý do nhà thầu không trúng thầu theo yêu cầu của nhà thầu (nếu có);

đ) Hoàn thiện, ký kết và quản lý thực hiện hợp đồng.

4. Quy trình, thủ tục lựa chọn nhà thầu đối với mua sắm trực tiếp bao gồm các bước sau đây:

a) Chuẩn bị lựa chọn nhà thầu;

b) Tổ chức lựa chọn nhà thầu;

c) Đánh giá hồ sơ đề xuất và thương thảo về đề xuất của nhà thầu;

d) Trình, thẩm định, phê duyệt và công khai kết quả lựa chọn nhà thầu;

đ) Hoàn thiện, ký kết và quản lý thực hiện hợp đồng.

5. Quy trình, thủ tục lựa chọn nhà thầu đối với tự thực hiện bao gồm các bước sau đây:

a) Chuẩn bị phương án tự thực hiện, bao gồm dự thảo thỏa thuận giao việc;

b) Hoàn thiện phương án tự thực hiện;

c) Phê duyệt và công khai kết quả lựa chọn nhà thầu;"
45fb0666-61df-4b0e-950d-d020fb90307f,download.pdf,N/A,general,945,"a) Chuẩn bị phương án tự thực hiện, bao gồm dự thảo thỏa thuận giao việc;

b) Hoàn thiện phương án tự thực hiện;

c) Phê duyệt và công khai kết quả lựa chọn nhà thầu;

d) Ký kết thỏa thuận giao việc; quản lý việc thực hiện gói thầu.

6. Lựa chọn tư vấn cá nhân được áp dụng khi công việc của gói thầu chỉ yêu cầu một hoặc một số chuyên gia có kinh nghiệm, năng lực thực hiện mà không cần sự tham gia của tổ chức, không yêu cầu các điều kiện để thực hiện công việc như đối với nhà thầu là tổ chức. Quy trình, thủ tục lựa chọn tư vấn cá nhân bao gồm các bước sau đây:

a) Chuẩn bị lựa chọn nhà thầu;

b) Tổ chức lựa chọn nhà thầu;

c) Đánh giá hồ sơ lý lịch khoa học của nhà thầu tư vấn cá nhân;

d) Thương thảo hợp đồng;

đ) Trình, phê duyệt và công khai kết quả lựa chọn nhà thầu;

e) Ký kết và quản lý thực hiện hợp đồng.

7. Quy trình, thủ tục lựa chọn nhà thầu đối với gói thầu có sự tham gia thực hiện của cộng đồng bao gồm các bước sau đây:"
4af93177-8cd5-4028-ab81-4ee041addf93,download.pdf,N/A,general,617,"e) Ký kết và quản lý thực hiện hợp đồng.

7. Quy trình, thủ tục lựa chọn nhà thầu đối với gói thầu có sự tham gia thực hiện của cộng đồng bao gồm các bước sau đây:

a) Chuẩn bị phương án lựa chọn cộng đồng dân cư, tổ, nhóm thợ tại địa phương để triển khai thực hiện gói thầu;

b) Tổ chức lựa chọn;

c) Phê duyệt và công khai kết quả lựa chọn;

d) Hoàn thiện, ký kết và quản lý thực hiện hợp đồng.

8. Chính phủ quy định chi tiết Điều này.

about:blank                                                                                            31/61


---



1/13/26, 9:03 AM                                about:blank"
d54ebc40-053e-4005-a44f-db073f8268db,download.pdf,N/A,general,763,"## Điều 44. Nội dung hồ sơ mời thầu đối với lựa chọn nhà thầu

1. Hồ sơ mời thầu bao gồm:

a) Chỉ dẫn nhà thầu, tùy chọn mua thêm (nếu có);

b) Bảng dữ liệu đấu thầu;

c) Tiêu chuẩn đánh giá về tính hợp lệ của hồ sơ dự thầu; năng lực, kinh nghiệm của nhà thầu; kỹ thuật; tài chính, thương mại; uy tín của nhà thầu thông qua việc tham dự thầu, thực hiện các hợp đồng tương tự trước đó và chất lượng hàng hóa tương tự đã sử dụng.

Trường hợp sử dụng nhà thầu phụ đặc biệt, hồ sơ mời thầu phải nêu rõ phạm vi công việc và yêu cầu về năng lực, kinh nghiệm của nhà thầu phụ đặc biệt;

d) Biểu mẫu mời thầu và dự thầu;

đ) Phạm vi cung cấp, yêu cầu về kỹ thuật, điều khoản tham chiếu;

e) Điều kiện và biểu mẫu hợp đồng;

g) Các hồ sơ, bản vẽ và nội dung khác (nếu có)."
34e7f3e6-8708-4b5b-9704-05499d3190b8,download.pdf,N/A,general,975,"d) Biểu mẫu mời thầu và dự thầu;

đ) Phạm vi cung cấp, yêu cầu về kỹ thuật, điều khoản tham chiếu;

e) Điều kiện và biểu mẫu hợp đồng;

g) Các hồ sơ, bản vẽ và nội dung khác (nếu có).

2. Hồ sơ mời thầu được nêu xuất xứ theo nhóm nước, vùng lãnh thổ. Trường hợp gói thầu thuộc quy định tại điểm đ khoản 1 Điều 23 và đáp ứng đủ điều kiện áp dụng hình thức chỉ định thầu theo quy định tại khoản 3 Điều 23 của Luật này nhưng người có thẩm quyền quyết định áp dụng hình thức đấu thầu rộng rãi, đấu thầu hạn chế, chào hàng cạnh tranh để lựa chọn nhà thầu thì hồ sơ mời thầu được quy định về xuất xứ, nhãn hiệu của hàng hóa.

3. Hồ sơ mời thầu không được nêu bất cứ điều kiện nào nhằm hạn chế sự tham gia của nhà thầu hoặc nhằm tạo lợi thế cho một hoặc một số nhà thầu gây ra sự cạnh tranh không bình đẳng.

4. Trường hợp hồ sơ mời thầu có các nội dung vi phạm quy định tại khoản 3 Điều này thì các nội dung này sẽ bị coi là vô hiệu, không phải là căn cứ để đánh giá hồ sơ dự thầu."
6c86e508-605e-4323-91fb-2f6039150699,download.pdf,N/A,general,880,"## Điều 45. Thời gian tổ chức lựa chọn nhà thầu

1. Thời gian tổ chức lựa chọn nhà thầu được quy định như sau:

a) Thời gian chuẩn bị hồ sơ quan tâm, hồ sơ dự sơ tuyển tối thiểu là 09 ngày đối với đấu thầu trong nước, 18 ngày đối với đấu thầu quốc tế kể từ ngày đầu tiên hồ sơ mời quan tâm, hồ sơ mời sơ tuyển được phát hành đến ngày có thời điểm đóng thầu;

b) Thời gian chuẩn bị hồ sơ dự thầu đối với đấu thầu rộng rãi, đấu thầu hạn chế tối thiểu là 18 ngày đối với đấu thầu trong nước, 35 ngày đối với đấu thầu quốc tế kể từ ngày đầu tiên hồ sơ mời thầu được phát hành đến ngày có thời điểm đóng thầu; đối với gói thầu xây lắp, hỗn hợp có giá gói thầu không quá 20 tỷ đồng, gói thầu mua sắm hàng hóa, dịch vụ phi tư vấn có giá gói thầu không quá 10 tỷ đồng thì thời gian chuẩn bị hồ sơ dự thầu tối thiểu là 09 ngày đối với đấu thầu trong nước, 18 ngày đối với đấu thầu quốc tế;"
90d6f19d-daab-4ff0-a386-696f8a123cd6,download.pdf,N/A,general,730,"c) Thời gian chuẩn bị hồ sơ dự thầu đối với chào hàng cạnh tranh tối thiểu là 05 ngày làm việc kể từ ngày đầu tiên hồ sơ mời thầu được phát hành đến ngày có thời điểm đóng thầu;

d) Trường hợp gói thầu đủ điều kiện áp dụng hình thức chỉ định thầu theo quy định tại điểm a, b và c khoản 1 Điều 23 của Luật này nhưng người có thẩm quyền quyết định áp dụng hình thức đấu thầu rộng rãi để lựa chọn nhà thầu thì thời gian chuẩn bị hồ sơ dự thầu tối thiểu là 09 ngày kể từ ngày đầu tiên hồ sơ mời thầu được phát hành đến ngày có thời điểm đóng thầu;

about:blank                                                                                               32/61


---



1/13/26, 9:03 AM                                     about:blank"
d56c8169-0541-4cc4-93cc-2f2a8a6cc65b,download.pdf,N/A,general,888,"about:blank                                                                                               32/61


---



1/13/26, 9:03 AM                                     about:blank

đ) Việc sửa đổi hồ sơ mời thầu được thực hiện trong thời gian tối thiểu là 10 ngày trước ngày có thời điểm đóng thầu; đối với gói thầu xây lắp, hỗn hợp có giá gói thầu không quá 20 tỷ đồng, gói thầu mua sắm hàng hóa, dịch vụ phi tư vấn có giá gói thầu không quá 10 tỷ đồng, việc sửa đổi hồ sơ mời thầu được thực hiện trong thời gian tối thiểu là 03 ngày làm việc trước ngày có thời điểm đóng thầu. Việc sửa đổi hồ sơ mời quan tâm, hồ sơ mời sơ tuyển được thực hiện trong thời gian tối thiểu là 03 ngày làm việc trước ngày có thời điểm đóng thầu.

2. Hồ sơ mời quan tâm, hồ sơ mời sơ tuyển, hồ sơ mời thầu được phát hành đồng thời với thông báo mời quan tâm, thông báo mời sơ tuyển, thông báo mời thầu."
28110651-b8af-4dbf-ada4-1de5e7890671,download.pdf,N/A,general,359,"2. Hồ sơ mời quan tâm, hồ sơ mời sơ tuyển, hồ sơ mời thầu được phát hành đồng thời với thông báo mời quan tâm, thông báo mời sơ tuyển, thông báo mời thầu.

3. Đối với các công việc khác ngoài quy định tại khoản 1 và khoản 2 Điều này, người có thẩm quyền, chủ đầu tư có trách nhiệm quyết định thời gian thực hiện trên cơ sở bảo đảm tiến độ của dự án, gói thầu."
75f819a6-1c77-425a-afe0-c7ce025699cb,download.pdf,N/A,general,50,"## Mục 2. QUY TRÌNH, THỦ TỤC LỰA CHỌN NHÀ ĐẦU TƯ

"
ac141e1c-0c84-48fb-a0de-614c1a4bea2d,download.pdf,N/A,general,731,"### Điều 46. Quy trình, thủ tục lựa chọn nhà đầu tư

1. Quy trình lựa chọn nhà đầu tư bao gồm các bước sau đây:

a) Công bố dự án đầu tư kinh doanh;

b) Chuẩn bị đấu thầu lựa chọn nhà đầu tư gồm: lập, thẩm định, phê duyệt hồ sơ mời thầu;

c) Tổ chức đấu thầu lựa chọn nhà đầu tư gồm: mời thầu; phát hành, sửa đổi, làm rõ hồ sơ mời thầu; chuẩn bị, nộp, tiếp nhận, quản lý, sửa đổi, rút, thay thế hồ sơ dự thầu;

d) Đánh giá hồ sơ dự thầu gồm: mở thầu; kiểm tra, đánh giá tính hợp lệ của hồ sơ dự thầu; đánh giá chi tiết hồ sơ dự thầu;

đ) Trình, thẩm định, phê duyệt, công khai kết quả lựa chọn nhà đầu tư; giải thích lý do nhà đầu tư không trúng thầu theo yêu cầu của nhà đầu tư (nếu có);

e) Đàm phán, hoàn thiện, ký kết hợp đồng."
28cf0628-ed26-4c78-9498-8467e7a448e7,download.pdf,N/A,general,695,"đ) Trình, thẩm định, phê duyệt, công khai kết quả lựa chọn nhà đầu tư; giải thích lý do nhà đầu tư không trúng thầu theo yêu cầu của nhà đầu tư (nếu có);

e) Đàm phán, hoàn thiện, ký kết hợp đồng.

2. Trường hợp pháp luật về đất đai, pháp luật về quản lý ngành, lĩnh vực quy định phải đấu thầu lựa chọn nhà đầu tư khi có từ 02 nhà đầu tư trở lên quan tâm, ngoài các bước quy định tại khoản 1 Điều này, cơ quan có thẩm quyền lập hồ sơ mời quan tâm, thông báo mời quan tâm, tổ chức đánh giá hồ sơ đăng ký thực hiện dự án và phê duyệt kết quả mời quan tâm trước khi thực hiện bước chuẩn bị đấu thầu lựa chọn nhà đầu tư quy định tại điểm b khoản 1 Điều này.

3. Chính phủ quy định chi tiết Điều này."
b646981e-9e38-473b-a5a0-096c1e0369fe,download.pdf,N/A,general,984,"### Điều 47. Công bố dự án đầu tư kinh doanh

1. Cơ quan có thẩm quyền công bố dự án đầu tư kinh doanh trên Hệ thống mạng đấu thầu quốc gia làm cơ sở tổ chức lựa chọn nhà đầu tư.

2. Nội dung công bố dự án đầu tư kinh doanh bao gồm:

a) Quyết định chấp thuận chủ trương đầu tư (nếu có);

b) Tên dự án; mục tiêu; quy mô đầu tư; vốn đầu tư;

c) Địa điểm thực hiện dự án; hiện trạng sử dụng đất, diện tích khu đất thực hiện dự án; mục đích sử dụng đất; các chỉ tiêu quy hoạch được duyệt;

about:blank                                                                                               33/61


---



1/13/26, 9:03 AM                                     about:blank

d) Thời hạn, tiến độ thực hiện dự án; sơ bộ phương án phân kỳ đầu tư hoặc phân chia dự án thành phần (nếu có); tiến độ thực hiện dự án theo từng giai đoạn (nếu có);

đ) Tên bên mời thầu; hình thức và phương thức lựa chọn nhà đầu tư; thời gian bắt đầu tổ chức lựa chọn nhà đầu tư;

e) Nội dung khác có liên quan."
81559793-c86b-44cd-b6f4-e7262139768e,download.pdf,N/A,general,949,"đ) Tên bên mời thầu; hình thức và phương thức lựa chọn nhà đầu tư; thời gian bắt đầu tổ chức lựa chọn nhà đầu tư;

e) Nội dung khác có liên quan.

**Điều 48. Nội dung hồ sơ mời thầu đối với lựa chọn nhà đầu tư**

1. Hồ sơ mời thầu bao gồm:

a) Chỉ dẫn nhà đầu tư;

b) Bảng dữ liệu đấu thầu;

c) Nội dung kiểm tra, đánh giá tính hợp lệ của hồ sơ dự thầu;

d) Phương pháp và tiêu chuẩn đánh giá về năng lực, kinh nghiệm của nhà đầu tư; phương án đầu tư kinh doanh; hiệu quả sử dụng đất hoặc hiệu quả đầu tư phát triển ngành, lĩnh vực, địa phương;

đ) Biểu mẫu mời thầu và dự thầu;

e) Thông tin và yêu cầu thực hiện dự án đầu tư kinh doanh;

g) Dự thảo hợp đồng, biểu mẫu hợp đồng;

h) Nội dung khác có liên quan.

2. Hồ sơ mời thầu không được nêu bất cứ điều kiện nào nhằm hạn chế sự tham gia của nhà đầu tư hoặc nhằm tạo lợi thế cho một hoặc một số nhà đầu tư gây ra sự cạnh tranh không bình đẳng.

**Điều 49. Thời gian tổ chức lựa chọn nhà đầu tư**"
6a44bf92-849f-4365-8dca-11e2e9c039cd,download.pdf,N/A,general,992,"**Điều 49. Thời gian tổ chức lựa chọn nhà đầu tư**

1. Đối với đấu thầu trong nước, thời gian chuẩn bị hồ sơ dự thầu tối thiểu là 45 ngày kể từ ngày đầu tiên phát hành hồ sơ mời thầu đến ngày có thời điểm đóng thầu.

2. Đối với đấu thầu quốc tế, thời gian chuẩn bị hồ sơ dự thầu tối thiểu là 60 ngày kể từ ngày đầu tiên phát hành hồ sơ mời thầu đến ngày có thời điểm đóng thầu.

3. Đối với các công việc khác ngoài quy định tại khoản 1 và khoản 2 Điều này, người có thẩm quyền, bên mời thầu có trách nhiệm quyết định thời gian thực hiện trên cơ sở bảo đảm tiến độ thực hiện của dự án đầu tư kinh doanh.

**Mục 3. ĐẤU THẦU QUA MẠNG**

**Điều 50. Lựa chọn nhà thầu, nhà đầu tư qua mạng**

1. Đấu thầu rộng rãi, đấu thầu hạn chế, chào hàng cạnh tranh trong nước phải thực hiện trên Hệ thống mạng đấu thầu quốc gia theo lộ trình sau đây:

a) Từ ngày Luật này có hiệu lực thi hành đến hết ngày 31 tháng 12 năm 2024, việc đấu thầu qua mạng hoặc không qua mạng thực hiện theo quy định của Chính phủ;"
8d242b08-246f-451b-b42a-17f953052e68,download.pdf,N/A,general,927,"a) Từ ngày Luật này có hiệu lực thi hành đến hết ngày 31 tháng 12 năm 2024, việc đấu thầu qua mạng hoặc không qua mạng thực hiện theo quy định của Chính phủ;

b) Từ ngày 01 tháng 01 năm 2025, áp dụng đấu thầu qua mạng đối với tất cả các gói thầu, trừ trường hợp không đấu thầu trên Hệ thống mạng đấu thầu quốc gia theo quy định tại khoản 5 Điều này.

about:blank                                                                                                34/61


---



1/13/26, 9:03 AM                                       about:blank

2. Các nội dung lựa chọn nhà thầu, nhà đầu tư được thực hiện trên Hệ thống mạng đấu thầu quốc gia bao gồm:

a) Đăng tải thông tin về lựa chọn nhà thầu, nhà đầu tư;

b) Lập, thẩm định, phê duyệt hồ sơ mời sơ tuyển, hồ sơ mời quan tâm, hồ sơ mời thầu, hồ sơ yêu cầu;

c) Lập, nộp hồ sơ dự sơ tuyển, hồ sơ quan tâm, hồ sơ đăng ký thực hiện dự án, hồ sơ dự thầu, hồ sơ đề xuất;

d) Mở thầu;"
a19379d5-6c1e-4e6d-976b-d55d27eece54,download.pdf,N/A,general,728,"c) Lập, nộp hồ sơ dự sơ tuyển, hồ sơ quan tâm, hồ sơ đăng ký thực hiện dự án, hồ sơ dự thầu, hồ sơ đề xuất;

d) Mở thầu;

đ) Đánh giá hồ sơ dự sơ tuyển, hồ sơ quan tâm, hồ sơ dự thầu, hồ sơ đề xuất, mời thương thảo hợp đồng, thẩm định, phê duyệt kết quả lựa chọn nhà thầu;

e) Thỏa thuận liên danh, bảo lãnh dự thầu điện tử, bảo lãnh thực hiện hợp đồng điện tử;

g) Làm rõ các nội dung trong đấu thầu;

h) Gửi và nhận đơn kiến nghị;

i) Hợp đồng điện tử;

k) Thanh toán điện tử.

3. Văn bản điện tử trên Hệ thống mạng đấu thầu quốc gia có giá trị theo quy định của pháp luật về giao dịch điện tử, làm cơ sở đối chiếu, so sánh, xác thực thông tin phục vụ công tác đánh giá, thẩm định, thanh tra, kiểm tra, kiểm toán và giải ngân."
11aa9670-1521-476f-8f58-a72f30c0bef4,download.pdf,N/A,general,668,"4. Chi phí trong đấu thầu qua mạng bao gồm: chi phí tham gia Hệ thống mạng đấu thầu quốc gia; chi phí đăng tải thông tin về đấu thầu theo quy định tại điểm c khoản 1 và điểm c khoản 2 Điều 15 của Luật này, tham dự thầu, ký kết hợp đồng và các chi phí khác khi đấu thầu trên Hệ thống mạng đấu thầu quốc gia.

5. Chính phủ quy định việc kết nối, chia sẻ thông tin theo quy định tại khoản 6 Điều 51 của Luật này; kỹ thuật đấu thầu qua mạng phù hợp với tính năng và sự phát triển của Hệ thống mạng đấu thầu quốc gia; quy trình, thủ tục, chi phí đấu thầu qua mạng; lộ trình lựa chọn nhà đầu tư qua mạng; những trường hợp không đấu thầu trên Hệ thống mạng đấu thầu quốc gia."
4289fa39-d063-48b0-93ed-5d8cccf84559,download.pdf,N/A,general,741,"## Điều 51. Yêu cầu đối với Hệ thống mạng đấu thầu quốc gia

1. Công khai, không hạn chế truy cập, tiếp cận đối với thông tin được đăng tải công khai trên Hệ thống mạng đấu thầu quốc gia.

2. Nguồn thời gian của Hệ thống mạng đấu thầu quốc gia được xác định theo quy định của pháp luật về nguồn thời gian chuẩn quốc gia.

3. Hệ thống mạng đấu thầu quốc gia hoạt động liên tục, thống nhất, ổn định, an toàn thông tin, có khả năng xác thực người dùng, bảo mật và toàn vẹn dữ liệu.

4. Thực hiện ghi lại thông tin và truy xuất được lịch sử các giao dịch trên Hệ thống mạng đấu thầu quốc gia.

5. Bảo đảm nhà thầu, nhà đầu tư không thể gửi hồ sơ quan tâm, hồ sơ dự sơ tuyển, hồ sơ dự thầu, hồ sơ đề xuất đến bên mời thầu sau thời điểm đóng thầu."
cd4b4680-bfb3-44f5-bb5b-2f0d8c401de8,download.pdf,N/A,general,785,"5. Bảo đảm nhà thầu, nhà đầu tư không thể gửi hồ sơ quan tâm, hồ sơ dự sơ tuyển, hồ sơ dự thầu, hồ sơ đề xuất đến bên mời thầu sau thời điểm đóng thầu.

6. Các thông tin về nhà thầu, nhà đầu tư được kết nối, chia sẻ từ Hệ thống thông tin quốc gia về đăng ký doanh nghiệp, Hệ thống thông tin quản lý thuế, Hệ thống thông tin quản lý ngân sách, kho bạc và các hệ thống khác. Hệ thống mạng đấu thầu quốc gia được kết nối với các Cổng thông tin điện tử, Hệ thống công

about:blank                                                                                               35/61


---



1/13/26, 9:03 AM                                                    about:blank

nghệ thông tin khác để trao đổi, chia sẻ dữ liệu, thông tin phục vụ đấu thầu qua mạng và quản lý nhà nước về đấu thầu."
53489c5e-56e2-433f-97e4-b275f9be4468,download.pdf,N/A,general,786,"## Điều 52. Trách nhiệm của tổ chức vận hành Hệ thống mạng đấu thầu quốc gia

1. Bảo đảm an toàn thông tin, an ninh mạng, bảo mật cơ sở dữ liệu của Hệ thống mạng đấu thầu quốc gia.

2. Bảo đảm tính toàn vẹn của các hồ sơ trên Hệ thống mạng đấu thầu quốc gia, ngăn chặn hành vi truy cập trái phép, thay thế hồ sơ bất hợp pháp.

3. Bảo đảm an toàn, an ninh, bảo mật cho người dùng và quản lý hồ sơ người dùng; có cơ chế ghi lại thông tin và truy xuất nguồn gốc thông tin theo thời gian, hành động trên Hệ thống mạng đấu thầu quốc gia.

4. Xây dựng Hệ thống mạng đấu thầu quốc gia bảo đảm tương thích với các hệ thống khác; giao diện thân thiện, đáp ứng tiêu chuẩn trong lĩnh vực công nghệ thông tin.

5. Quản trị rủi ro an toàn thông tin, an ninh mạng của Hệ thống mạng đấu thầu quốc gia."
e3daf8a2-3e02-412e-81c3-4fd92a4dbeca,download.pdf,N/A,general,543,"5. Quản trị rủi ro an toàn thông tin, an ninh mạng của Hệ thống mạng đấu thầu quốc gia.

6. Không được sử dụng các thông tin về dự án, dự án đầu tư kinh doanh, gói thầu, chủ đầu tư, bên mời thầu, nhà thầu, nhà đầu tư và thông tin khác trên Hệ thống mạng đấu thầu quốc gia để phục vụ cho các mục đích không thuộc chức năng, nhiệm vụ của tổ chức vận hành Hệ thống.

7. Bảo đảm hệ thống phần cứng đáp ứng yêu cầu triển khai hoạt động đấu thầu.

8. Thực hiện trách nhiệm khác theo quy định của Luật này và quy định khác của pháp luật có liên quan."
8a57e6f9-8059-4322-9a86-c40d1fa2b280,download.pdf,N/A,general,13,"## Chương V

"
dccbb31b-82ac-41a5-92ce-52e2d2010697,download.pdf,N/A,general,110,"## MUA SẮM TẬP TRUNG; MUA THUỐC, HÓA CHẤT, VẬT TƯ XÉT NGHIỆM, THIẾT BỊ Y TẾ; CUNG CẤP SẢN PHẨM, DỊCH VỤ CÔNG

"
0c402235-f3bd-41d5-8f97-2125f289f7d9,download.pdf,N/A,general,950,"## Điều 53. Mua sắm tập trung

1. Mua sắm tập trung được áp dụng khi đáp ứng đủ các điều kiện sau đây:

a) Hàng hóa, dịch vụ cần mua sắm với số lượng lớn, chủng loại tương tự ở một hoặc nhiều cơ quan, tổ chức, đơn vị.

Trường hợp mua thuốc hiếm, thuốc cần mua với số lượng ít có thể áp dụng hình thức mua sắm tập trung để bảo đảm có đủ thuốc phục vụ nhu cầu khám bệnh, chữa bệnh;

b) Thuộc danh mục hàng hóa, dịch vụ áp dụng mua sắm tập trung quy định tại khoản 2 Điều này.

2. Thẩm quyền ban hành danh mục hàng hóa, dịch vụ áp dụng mua sắm tập trung được quy định như sau:

a) Bộ trưởng Bộ Y tế ban hành danh mục mua sắm tập trung cấp quốc gia đối với thuốc; danh mục mua sắm tập trung cấp quốc gia đối với thiết bị y tế, vật tư xét nghiệm trong trường hợp cần thiết;

b) Bộ trưởng Bộ Tài chính ban hành danh mục hàng hóa, dịch vụ áp dụng mua sắm tập trung cấp quốc gia, trừ danh mục do Bộ trưởng Bộ Y tế ban hành theo quy định tại điểm a khoản này;"
31fee2e5-58b2-4d08-b380-323cd3337229,download.pdf,N/A,general,923,"b) Bộ trưởng Bộ Tài chính ban hành danh mục hàng hóa, dịch vụ áp dụng mua sắm tập trung cấp quốc gia, trừ danh mục do Bộ trưởng Bộ Y tế ban hành theo quy định tại điểm a khoản này;

c) Bộ trưởng, Thủ trưởng cơ quan ngang Bộ, cơ quan thuộc Chính phủ, cơ quan khác ở Trung ương, Chủ tịch Ủy ban nhân dân cấp tỉnh, người đứng đầu doanh nghiệp nhà nước, doanh nghiệp do doanh nghiệp nhà nước nắm giữ 100% vốn điều lệ ban hành danh mục hàng hóa, dịch vụ áp dụng mua sắm tập trung (bao gồm cả danh mục thuốc, thiết bị y tế, vật tư xét nghiệm) thuộc phạm vi quản lý của mình, trừ hàng hóa, dịch vụ

about:blank                                                                                               36/61


---



1/13/26, 9:03 AM                                    about:blank

thuộc danh mục mua sắm tập trung cấp quốc gia do Bộ trưởng Bộ Y tế, Bộ trưởng Bộ Tài chính ban hành theo quy định tại điểm a và điểm b khoản này."
b2b3430e-b638-48dd-bac1-299e4e0e3d55,download.pdf,N/A,general,852,"thuộc danh mục mua sắm tập trung cấp quốc gia do Bộ trưởng Bộ Y tế, Bộ trưởng Bộ Tài chính ban hành theo quy định tại điểm a và điểm b khoản này.

3. Mua sắm tập trung phải được thực hiện thông qua hình thức đấu thầu rộng rãi. Trường hợp hàng hóa thuộc danh mục mua sắm tập trung nhưng cần mua sắm để phòng, chống dịch bệnh theo quy định tại điểm c khoản 1 Điều 23 của Luật này thì được áp dụng hình thức chỉ định thầu. Trường hợp hàng hóa thuộc danh mục mua sắm tập trung đáp ứng điều kiện đàm phán giá theo quy định tại khoản 1 Điều 28 của Luật này thì được áp dụng hình thức đàm phán giá.

4. Mua sắm tập trung được thực hiện ở cấp quốc gia, Bộ, cơ quan trung ương, địa phương, doanh nghiệp và thực hiện theo một trong hai cách thức sau đây:

a) Đơn vị mua sắm tập trung tiến hành lựa chọn nhà thầu, trực tiếp ký hợp đồng với nhà thầu được lựa chọn;"
5ffb1f08-6087-4f38-8800-2ff677306755,download.pdf,N/A,general,889,"a) Đơn vị mua sắm tập trung tiến hành lựa chọn nhà thầu, trực tiếp ký hợp đồng với nhà thầu được lựa chọn;

b) Đơn vị mua sắm tập trung tiến hành lựa chọn nhà thầu, ký văn bản thỏa thuận khung với một hoặc nhiều nhà thầu được lựa chọn làm cơ sở để đơn vị có nhu cầu mua sắm ký hợp đồng với nhà thầu được lựa chọn.

5. Đối với hàng hóa, dịch vụ không thuộc danh mục mua sắm tập trung nhưng nhiều cơ quan, tổ chức, đơn vị có nhu cầu mua sắm hàng hóa, dịch vụ cùng loại thì có thể gộp thành một gói thầu để một trong các cơ quan, tổ chức, đơn vị mua sắm hoặc để đơn vị có chức năng mua sắm tập trung thực hiện việc mua sắm.

6. Đơn vị mua sắm tập trung thực hiện việc lựa chọn nhà thầu trên cơ sở nhiệm vụ được giao hoặc hợp đồng ký với các đơn vị có nhu cầu.

7. Chính phủ quy định chi tiết Điều này và quy định việc tổng hợp nhu cầu mua sắm tập trung của cơ sở khám bệnh, chữa bệnh tư nhân."
96449791-a2de-489d-ada7-a00876408abd,download.pdf,N/A,general,676,"## Điều 54. Thỏa thuận khung

1. Thỏa thuận khung trong mua sắm tập trung là thỏa thuận giữa đơn vị mua sắm tập trung với một hoặc nhiều nhà thầu được lựa chọn đối với gói thầu không chia phần hoặc đối với một phần của gói thầu chia phần.

2. Thỏa thuận khung quy định nội dung và điều kiện để làm cơ sở cho việc mua sắm theo từng hợp đồng cụ thể.

3. Thời hạn áp dụng thỏa thuận khung được quy định trong kế hoạch lựa chọn nhà thầu nhưng không quá 36 tháng. Tại thời điểm ký thỏa thuận khung, hồ sơ dự thầu của nhà thầu được lựa chọn còn hiệu lực.

4. Đối với nhà thầu liên danh, tất cả thành viên tham gia liên danh phải trực tiếp ký, đóng dấu (nếu có) vào thỏa thuận khung."
c5a6429f-cac9-4f9f-ac01-8583ef93e947,download.pdf,N/A,general,955,"## Điều 55. Lựa chọn nhà thầu cung cấp thuốc, hóa chất, vật tư xét nghiệm, thiết bị y tế

1. Cơ sở khám bệnh, chữa bệnh có thể lựa chọn nhà thầu cung cấp hóa chất, vật tư xét nghiệm, thiết bị y tế theo một trong các cách thức sau đây:

a) Lựa chọn nhà thầu thực hiện gói thầu cung cấp hóa chất, vật tư xét nghiệm và nhà thầu trúng thầu chịu trách nhiệm cung cấp thiết bị y tế để sử dụng hóa chất, vật tư xét nghiệm đó theo yêu cầu của chủ đầu tư; nhà thầu không chuyển giao quyền sở hữu, chỉ chuyển giao quyền sử dụng thiết bị y tế cho cơ sở khám bệnh, chữa bệnh;

b) Lựa chọn nhà thầu theo số lượng dịch vụ kỹ thuật:

Nhà thầu cung cấp cho chủ đầu tư hoá chất, vật tư xét nghiệm, thiết bị y tế, linh kiện, phụ kiện thay thế và các dịch vụ liên quan để vận hành thiết bị y tế theo số lượng dịch vụ kỹ thuật mà chủ đầu tư, bên mời thầu

about:blank                                                                                                 37/61


---"
057cb6dc-4423-4dd7-b50b-da4f0c72e98b,download.pdf,N/A,general,945,"about:blank                                                                                                 37/61


---



1/13/26, 9:03 AM                                                    about:blank

yêu cầu trong hồ sơ mời thầu, hồ sơ yêu cầu, không cung cấp nhân công vận hành thiết bị y tế.

Nhà thầu chỉ chuyển giao quyền sử dụng, không chuyển giao quyền sở hữu thiết bị y tế cho chủ đầu tư. Giá gói thầu và giá dự thầu được xác định trên cơ sở số lượng dịch vụ kỹ thuật dự kiến. Thời gian thực hiện hợp đồng không quá 05 năm;

c) Lựa chọn nhà thầu thực hiện gói thầu cung cấp thiết bị y tế, hóa chất, vật tư xét nghiệm: Nhà thầu chuyển giao quyền sở hữu thiết bị y tế và hóa chất, vật tư xét nghiệm cho chủ đầu tư kể từ khi hợp đồng giữa các bên có hiệu lực;

d) Lựa chọn nhà thầu cung cấp thiết bị y tế theo quy định của pháp luật về đấu thầu;

đ) Lựa chọn nhà thầu cung cấp hóa chất, vật tư xét nghiệm để vận hành thiết bị y tế đã có;"
439f2bb0-34d8-4931-8882-96f5c546a63c,download.pdf,N/A,general,554,"d) Lựa chọn nhà thầu cung cấp thiết bị y tế theo quy định của pháp luật về đấu thầu;

đ) Lựa chọn nhà thầu cung cấp hóa chất, vật tư xét nghiệm để vận hành thiết bị y tế đã có;

e) Lựa chọn nhà thầu cung cấp dịch vụ kỹ thuật theo quy định của Luật Khám bệnh, chữa bệnh.

2. Đối với việc mua thuốc không thuộc danh mục thuốc do quỹ bảo hiểm y tế chi trả, mua vắc xin để tiêm chủng theo hình thức dịch vụ, cơ sở khám bệnh, chữa bệnh, cơ sở y tế tự quyết định việc mua sắm trên cơ sở bảo đảm công khai, minh bạch, hiệu quả kinh tế và trách nhiệm giải trình."
bfbc96aa-279c-4d19-a193-c24b1fdd1f74,download.pdf,N/A,general,750,"3. Trường hợp các cơ sở khám bệnh, chữa bệnh tư nhân không chọn áp dụng quy định của Luật này đối với mua thuốc, hóa chất, vật tư xét nghiệm, thiết bị y tế thì cơ sở khám bệnh, chữa bệnh đó chỉ được thanh toán từ nguồn quỹ bảo hiểm y tế theo đúng giá mặt hàng thuốc, hóa chất, vật tư xét nghiệm, thiết bị y tế theo đơn giá đã trúng thầu của các cơ sở khám bệnh, chữa bệnh công lập tuyến tỉnh, tuyến trung ương hoặc cơ sở khám bệnh, chữa bệnh cùng cấp chuyên môn kỹ thuật trên cùng địa bàn; nếu không có giá trúng thầu của cơ sở khám bệnh, chữa bệnh công lập tuyến tỉnh, tuyến trung ương hoặc cơ sở khám bệnh, chữa bệnh cùng cấp chuyên môn kỹ thuật trên cùng địa bàn thì thực hiện theo quy định của Chính phủ.

4. Chính phủ quy định chi tiết Điều này."
07734ce4-d95a-4914-9568-81337acdfbb8,download.pdf,N/A,general,828,"## Điều 56. Ưu đãi trong mua thuốc

1. Việc ưu đãi trong mua thuốc thực hiện theo quy định tại Điều 10 của Luật này và quy định sau đây:

a) Đối với thuốc có ít nhất 03 hãng trong nước sản xuất đáp ứng về tiêu chí kỹ thuật theo quy định của Bộ Y tế và về chất lượng, giá thì chủ đầu tư quyết định việc yêu cầu nhà thầu chào thuốc xuất xứ trong nước đối với mặt hàng này;

b) Đối với thuốc được Bộ Y tế công bố có ít nhất 03 hãng trong nước sản xuất trên dây chuyền sản xuất thuốc đáp ứng nguyên tắc, tiêu chuẩn EU-GMP hoặc tương đương EU-GMP và đáp ứng tiêu chí kỹ thuật theo quy định của Bộ Y tế và về chất lượng, giá, khả năng cung cấp thì trong hồ sơ mời thầu, hồ sơ yêu cầu phải quy định nhà thầu chỉ chào thầu thuốc xuất xứ trong nước.

2. Bộ Y tế có trách nhiệm công bố danh mục thuốc quy định tại điểm b khoản 1 Điều này."
4859a953-fd99-4363-b703-512e7d177ff7,download.pdf,N/A,general,1181,"## Điều 57. Lựa chọn nhà thầu cung cấp sản phẩm, dịch vụ công

1. Sản phẩm, dịch vụ công là sản phẩm, dịch vụ thiết yếu đối với đời sống kinh tế - xã hội của đất nước, cộng đồng dân cư hoặc bảo đảm quốc phòng, an ninh mà Nhà nước phải tổ chức thực hiện trong các lĩnh vực: giáo dục, đào tạo; giáo dục nghề nghiệp; y tế; văn hóa, thể thao và du lịch; thông tin và truyền thông; khoa học và công nghệ; tài nguyên và môi trường; giao thông vận tải; nông nghiệp và phát triển nông thôn; công thương; xây dựng; lao động, thương binh và xã hội; tư pháp và lĩnh vực khác theo quy định của pháp luật.

Sản phẩm, dịch vụ công bao gồm sản phẩm, dịch vụ công ích và dịch vụ sự nghiệp công.

about:blank                                                                                                 38/61


---



1/13/26, 9:03 AM                                about:blank

2. Việc lựa chọn nhà thầu cung cấp sản phẩm, dịch vụ công được thực hiện theo quy định của Luật này.

3. Ngoài các hình thức lựa chọn nhà thầu quy định tại Chương II của Luật này, việc lựa chọn nhà thầu cung cấp sản phẩm, dịch vụ công được thực hiện theo hình thức đặt hàng, giao nhiệm vụ theo quy định của Chính phủ."
9c865d6a-8dbc-4031-b9d8-9d635a230c55,download.pdf,N/A,general,14,"## Chương VI

"
477ea4d3-c7c6-45a4-8a85-7c2dbce07df4,download.pdf,N/A,evaluation,64,"### PHƯƠNG PHÁP ĐÁNH GIÁ HỒ SƠ DỰ THẦU VÀ XÉT DUYỆT TRÚNG THẦU

"
4e92d3f9-81ad-4ce2-8389-4d545f99b391,download.pdf,N/A,evaluation,653,"### Mục 1. PHƯƠNG PHÁP ĐÁNH GIÁ HỒ SƠ DỰ THẦU VÀ XÉT DUYỆT TRÚNG THẦU TRONG LỰA CHỌN NHÀ THẦU

#### Điều 58. Phương pháp đánh giá hồ sơ dự thầu đối với gói thầu cung cấp dịch vụ phi tư vấn, mua sắm hàng hóa, xây lắp, hỗn hợp

1. Phương pháp giá thấp nhất:

a) Phương pháp giá thấp nhất được áp dụng đối với gói thầu mà các đề xuất về kỹ thuật, tài chính, thương mại được coi là cùng một mặt bằng khi đáp ứng các yêu cầu của hồ sơ mời thầu;

b) Nhà thầu có hồ sơ dự thầu đáp ứng yêu cầu về kỹ thuật, có giá dự thầu sau sửa lỗi, hiệu chỉnh sai lệch (nếu có), trừ đi giá trị giảm giá (nếu có) thấp nhất được xếp hạng thứ nhất.

2. Phương pháp giá đánh giá:"
013dd58b-448c-47ef-a65a-80b68da4ea1d,download.pdf,N/A,evaluation,730,"2. Phương pháp giá đánh giá:

a) Giá đánh giá là giá dự thầu sau khi đã được sửa lỗi, hiệu chỉnh sai lệch theo yêu cầu của hồ sơ mời thầu, trừ đi giá trị giảm giá (nếu có), cộng với các yếu tố để quy đổi trên cùng một mặt bằng cho cả vòng đời sử dụng của hàng hóa, công trình, dịch vụ phi tư vấn. Giá đánh giá dùng để xếp hạng hồ sơ dự thầu đối với gói thầu mua sắm hàng hóa, xây lắp, dịch vụ phi tư vấn và gói thầu hỗn hợp áp dụng hình thức đấu thầu rộng rãi, đấu thầu hạn chế hoặc chào hàng cạnh tranh;

b) Phương pháp giá đánh giá được áp dụng đối với gói thầu mà các chi phí quy đổi được trên cùng một mặt bằng về các yếu tố kỹ thuật, tài chính, thương mại cho cả vòng đời sử dụng của hàng hóa, công trình, dịch vụ phi tư vấn;"
22287fda-f87f-4d9b-9526-5d83c2d672b0,download.pdf,N/A,evaluation,986,"c) Một hoặc các yếu tố được quy đổi trên cùng một mặt bằng để xác định giá đánh giá bao gồm: chi phí cần thiết để vận hành, bảo dưỡng và các chi phí khác liên quan đến lãi vay, tiến độ, chất lượng của hàng hóa, dịch vụ hoặc công trình xây dựng thuộc gói thầu; công suất, hiệu suất; kết quả thống kê, đánh giá việc thực hiện các hợp đồng tương tự trước đó, bao gồm cả việc xem xét xuất xứ; đấu thầu bền vững và các yếu tố khác;

d) Nhà thầu có giá đánh giá thấp nhất được xếp hạng thứ nhất.

3. Phương pháp kết hợp giữa kỹ thuật và giá:

a) Phương pháp kết hợp giữa kỹ thuật và giá có thể được áp dụng đối với gói thầu công nghệ thông tin, viễn thông, bảo hiểm; gói thầu hàng hóa, xây lắp có đặc thù, yêu cầu kỹ thuật cao mà không áp dụng được phương pháp giá đánh giá và gói thầu cần xem xét trên cơ sở chú trọng tới các yếu tố kỹ thuật và giá;

b) Điểm tổng hợp được xây dựng trên cơ sở kết hợp giữa điểm kỹ thuật và điểm giá. Nhà thầu có điểm tổng hợp cao nhất được xếp hạng thứ nhất."
bafdb148-a0e6-4bc7-9014-7342ef542af1,download.pdf,N/A,evaluation,806,"b) Điểm tổng hợp được xây dựng trên cơ sở kết hợp giữa điểm kỹ thuật và điểm giá. Nhà thầu có điểm tổng hợp cao nhất được xếp hạng thứ nhất.

4. Đối với tiêu chuẩn đánh giá về năng lực, kinh nghiệm, sử dụng tiêu chí đạt, không đạt. Đối với tiêu chuẩn đánh giá về kỹ thuật, sử dụng phương pháp chấm điểm hoặc tiêu chí đạt, không đạt. Đối với phương pháp kết hợp giữa kỹ thuật và giá quy định tại khoản 3 Điều này, sử dụng phương pháp chấm điểm để xây dựng

about:blank                                                                                               39/61


---



1/13/26, 9:03 AM                                   about:blank

tiêu chuẩn đánh giá về kỹ thuật. Khi sử dụng phương pháp chấm điểm, phải quy định mức điểm yêu cầu tối thiểu về kỹ thuật không thấp hơn 70% tổng số điểm về kỹ thuật."
7fa5cf40-69ef-4035-ad72-8a8b8ef94882,download.pdf,N/A,evaluation,971,"## Điều 59. Phương pháp đánh giá hồ sơ dự thầu đối với gói thầu cung cấp dịch vụ tư vấn

1. Phương pháp giá thấp nhất:

a) Phương pháp giá thấp nhất được áp dụng đối với các gói thầu tư vấn đơn giản, gói thầu tư vấn có quy trình thực hiện rõ ràng theo các tiêu chuẩn có sẵn;

b) Nhà thầu có hồ sơ dự thầu đáp ứng yêu cầu về kỹ thuật, có giá dự thầu sau sửa lỗi, hiệu chỉnh sai lệch (nếu có), trừ đi giá trị giảm giá (nếu có) thấp nhất được xếp hạng thứ nhất.

2. Phương pháp giá cố định:

a) Phương pháp giá cố định được áp dụng đối với các gói thầu tư vấn đơn giản, phạm vi công việc được xác định chính xác, chi phí thực hiện gói thầu được xác định hợp lý, cụ thể và cố định trong hồ sơ mời thầu;

b) Nhà thầu có hồ sơ dự thầu đáp ứng yêu cầu về kỹ thuật, có giá dự thầu sau sửa lỗi, hiệu chỉnh sai lệch (nếu có), trừ đi giá trị giảm giá (nếu có) không vượt giá gói thầu và có điểm kỹ thuật cao nhất được xếp hạng thứ nhất.

3. Phương pháp kết hợp giữa kỹ thuật và giá:"
a439adb2-1a89-4203-864d-410662713486,download.pdf,N/A,evaluation,880,"3. Phương pháp kết hợp giữa kỹ thuật và giá:

a) Phương pháp kết hợp giữa kỹ thuật và giá được áp dụng đối với gói thầu tư vấn chú trọng tới cả chất lượng và chi phí thực hiện gói thầu;

b) Điểm tổng hợp được xây dựng trên cơ sở kết hợp giữa điểm kỹ thuật và điểm giá. Khi xây dựng điểm tổng hợp phải bảo đảm nguyên tắc tỷ trọng điểm về kỹ thuật từ 70% đến 80%, điểm về giá từ 20% đến 30% tổng số điểm của thang điểm tổng hợp; tỷ trọng điểm về kỹ thuật cộng với tỷ trọng điểm về giá bằng 100%. Nhà thầu có điểm tổng hợp cao nhất được xếp hạng thứ nhất.

4. Phương pháp dựa trên kỹ thuật:

a) Phương pháp dựa trên kỹ thuật được áp dụng đối với gói thầu tư vấn có yêu cầu kỹ thuật cao, đặc thù;

b) Nhà thầu có hồ sơ dự thầu đáp ứng yêu cầu về kỹ thuật và đạt điểm kỹ thuật cao nhất được xếp hạng thứ nhất, được mời đến mở hồ sơ đề xuất tài chính, làm cơ sở để thương thảo hợp đồng."
1ea02d5e-0c20-4c8b-9102-98c75e71a053,download.pdf,N/A,general,888,"## Điều 60. Xét duyệt trúng thầu đối với đấu thầu cung cấp dịch vụ tư vấn

1. Nhà thầu tư vấn là tổ chức được xem xét, đề nghị trúng thầu khi đáp ứng đủ các điều kiện sau đây:

a) Có hồ sơ dự thầu, hồ sơ đề xuất hợp lệ;

b) Có đề xuất về kỹ thuật đáp ứng yêu cầu của hồ sơ mời thầu, hồ sơ yêu cầu;

c) Đối với phương pháp giá thấp nhất: có giá dự thầu sau sửa lỗi, hiệu chỉnh sai lệch (nếu có), trừ đi giá trị giảm giá (nếu có) thấp nhất; đối với gói thầu áp dụng loại hợp đồng trọn gói: có giá dự thầu trừ đi giá trị giảm giá (nếu có) thấp nhất; đối với phương pháp giá cố định và phương pháp dựa trên kỹ thuật: có điểm kỹ thuật cao nhất; đối với phương pháp kết hợp giữa kỹ thuật và giá: có điểm tổng hợp cao nhất;

d) Có giá đề nghị trúng thầu không vượt giá gói thầu được phê duyệt.

2. Nhà thầu tư vấn là cá nhân được xem xét, đề nghị trúng thầu khi đáp ứng đủ các điều kiện sau đây:"
1c627d12-fdc8-4f64-a2b1-83ded56d2ff3,download.pdf,N/A,general,653,"d) Có giá đề nghị trúng thầu không vượt giá gói thầu được phê duyệt.

2. Nhà thầu tư vấn là cá nhân được xem xét, đề nghị trúng thầu khi đáp ứng đủ các điều kiện sau đây:

about:blank                                                                                                   40/61


---



1/13/26, 9:03 AM                           about:blank

a) Có hồ sơ lý lịch khoa học, đề xuất kỹ thuật (nếu có) tốt nhất và đáp ứng yêu cầu của điều khoản tham chiếu;

b) Có giá đề nghị trúng thầu không vượt giá gói thầu được phê duyệt.

3. Đối với nhà thầu không được lựa chọn, thông báo kết quả lựa chọn nhà thầu phải nêu lý do nhà thầu không trúng thầu."
fc5e8db6-c37e-49b5-a339-d6263fd4234a,download.pdf,N/A,general,991,"## Điều 61. Xét duyệt trúng thầu đối với đấu thầu cung cấp dịch vụ phi tư vấn, mua sắm hàng hóa, xây lắp, hỗn hợp

1. Nhà thầu cung cấp dịch vụ phi tư vấn, mua sắm hàng hóa, xây lắp, hỗn hợp được xem xét, đề nghị trúng thầu khi đáp ứng đủ các điều kiện sau đây:

a) Có hồ sơ dự thầu, hồ sơ đề xuất hợp lệ;

b) Có năng lực, kinh nghiệm đáp ứng yêu cầu của hồ sơ mời thầu, hồ sơ yêu cầu;

c) Có đề xuất kỹ thuật đáp ứng yêu cầu của hồ sơ mời thầu, hồ sơ yêu cầu;

d) Có giá trị phần sai lệch thiếu không quá 10% giá dự thầu;

đ) Đối với phương pháp giá thấp nhất: có giá dự thầu sau sửa lỗi, hiệu chỉnh sai lệch (nếu có), trừ đi giá trị giảm giá (nếu có) thấp nhất; đối với phương pháp giá đánh giá: có giá đánh giá thấp nhất; đối với phương pháp kết hợp giữa kỹ thuật và giá: có điểm tổng hợp cao nhất;

e) Có giá đề nghị trúng thầu không vượt giá gói thầu được phê duyệt.

2. Đối với nhà thầu không được lựa chọn, thông báo kết quả lựa chọn nhà thầu phải nêu lý do nhà thầu không trúng thầu."
64a21a40-b85b-4f8f-9c0b-ab0eb4b78918,download.pdf,N/A,evaluation,96,"## Mục 2. PHƯƠNG PHÁP ĐÁNH GIÁ HỒ SƠ DỰ THẦU VÀ XÉT DUYỆT TRÚNG THẦU TRONG LỰA CHỌN NHÀ ĐẦU TƯ

"
3e1e94c1-ad44-439a-8ff3-f56da7133c8a,download.pdf,N/A,evaluation,791,"## Điều 62. Phương pháp đánh giá hồ sơ dự thầu

1. Phương pháp đánh giá lợi ích xã hội, lợi ích nhà nước được áp dụng để đánh giá năng lực, kinh nghiệm của nhà đầu tư và hiệu quả phương án đầu tư kinh doanh do nhà đầu tư đề xuất, bao gồm hiệu quả sử dụng đất, hiệu quả đầu tư phát triển ngành, lĩnh vực, địa phương.

2. Việc đánh giá hồ sơ dự thầu của nhà đầu tư được thực hiện trên cơ sở các tiêu chuẩn sau đây:

a) Tiêu chuẩn đánh giá năng lực của nhà đầu tư về tài chính, khả năng thu xếp vốn, kinh nghiệm thực hiện các dự án đầu tư kinh doanh tương tự;

b) Tiêu chuẩn đánh giá phương án đầu tư kinh doanh của nhà đầu tư, trong đó bao gồm các tiêu chuẩn về kỹ thuật, xã hội, môi trường;

c) Tiêu chuẩn đánh giá hiệu quả sử dụng đất, hiệu quả đầu tư phát triển ngành, lĩnh vực, địa phương."
60790733-4818-4b63-a4d4-8b1985633c0d,download.pdf,N/A,evaluation,774,"c) Tiêu chuẩn đánh giá hiệu quả sử dụng đất, hiệu quả đầu tư phát triển ngành, lĩnh vực, địa phương.

3. Đối với dự án đầu tư kinh doanh có yêu cầu đặc thù về điều kiện đầu tư kinh doanh, quản lý, phát triển ngành, lĩnh vực theo quy định của pháp luật về đầu tư, quản lý ngành, lĩnh vực thì hồ sơ mời thầu xác định tiêu chí cố định trong số các tiêu chuẩn quy định tại khoản 2 Điều này.

4. Tiêu chuẩn đánh giá hồ sơ dự thầu được xây dựng theo thang điểm 100 hoặc 1.000. Điểm tổng hợp được xây dựng trên cơ sở kết hợp giữa điểm năng lực, kinh nghiệm, điểm phương án đầu tư kinh doanh và điểm

about:blank                                                                                              41/61


---



1/13/26, 9:03 AM                                  about:blank"
36df0047-352e-497d-aac9-d076a20ea93a,download.pdf,N/A,evaluation,450,"about:blank                                                                                              41/61


---



1/13/26, 9:03 AM                                  about:blank

hiệu quả sử dụng đất, hiệu quả đầu tư phát triển ngành, lĩnh vực, địa phương. Nhà đầu tư đáp ứng điểm tối thiểu của từng tiêu chuẩn quy định tại khoản 2 và khoản 3 Điều này và có điểm tổng hợp cao nhất được xếp hạng thứ nhất.

5. Chính phủ quy định chi tiết Điều này."
99a26108-fbbc-481a-98b5-44a5c390663f,download.pdf,N/A,general,639,"## Điều 63. Xét duyệt trúng thầu

1. Nhà đầu tư được xem xét, đề nghị trúng thầu khi đáp ứng đủ các điều kiện sau đây:

a) Có hồ sơ dự thầu hợp lệ;

b) Đáp ứng yêu cầu về năng lực và kinh nghiệm;

c) Đáp ứng yêu cầu về phương án đầu tư kinh doanh;

d) Đáp ứng yêu cầu về hiệu quả sử dụng đất, hiệu quả đầu tư phát triển ngành, lĩnh vực, địa phương;

đ) Có điểm tổng hợp về năng lực, kinh nghiệm, phương án đầu tư kinh doanh và hiệu quả sử dụng đất, hiệu quả đầu tư phát triển ngành, lĩnh vực, địa phương cao nhất.

2. Đối với nhà đầu tư không được lựa chọn, thông báo kết quả lựa chọn nhà đầu tư phải nêu lý do nhà đầu tư không trúng thầu."
2e41e41e-daf1-4557-9a54-cf5dd397c708,download.pdf,N/A,general,14,"# Chương VII

"
707f654b-0bd9-4c44-87c7-6edfd92ac2c6,download.pdf,N/A,general,13,"## HỢP ĐỒNG

"
b9d8a887-c0cc-4e5a-8715-b9a9fe08e768,download.pdf,N/A,general,34,"### Mục 1. HỢP ĐỒNG VỚI NHÀ THẦU

"
27d2e76b-c1e8-4bc0-8130-6a86638a6773,download.pdf,N/A,general,588,"## Điều 64. Loại hợp đồng

1. Hợp đồng trọn gói:

a) Hợp đồng trọn gói được áp dụng đối với gói thầu mà tại thời điểm lựa chọn nhà thầu, phạm vi công việc, yêu cầu kỹ thuật, thời gian thực hiện gói thầu được xác định rõ, ít có khả năng thay đổi về khối lượng, yêu cầu kỹ thuật, các điều kiện không lường trước được; gói thầu chưa thể xác định được rõ khối lượng, đơn giá nhưng các bên tham gia hợp đồng xác định được khả năng quản lý rủi ro, quản lý thay đổi phát sinh hoặc xác định được các tính chất, đặc điểm của sản phẩm đầu ra, bao gồm cả hợp đồng EPC và hợp đồng chìa khóa trao tay;"
d8734b60-3f8a-431d-addb-be2fe43e3c6e,download.pdf,N/A,general,767,"b) Khi áp dụng hợp đồng trọn gói, giá gói thầu làm căn cứ xét duyệt trúng thầu bao gồm chi phí dự phòng cho các yếu tố rủi ro về khối lượng công việc và trượt giá có thể xảy ra trong quá trình thực hiện hợp đồng tương ứng với trách nhiệm quản lý rủi ro giao cho nhà thầu trong gói thầu. Giá dự thầu phải bao gồm tất cả chi phí cho các yếu tố rủi ro về khối lượng công việc và trượt giá có thể phát sinh trong quá trình thực hiện hợp đồng tương ứng với trách nhiệm của nhà thầu trong việc thực hiện gói thầu;

c) Giá hợp đồng không thay đổi trong suốt thời gian thực hiện hợp đồng đối với phạm vi công việc, yêu cầu kỹ thuật và điều khoản quy định trong hợp đồng, trừ trường hợp bất khả kháng và thay đổi phạm vi công việc phải thực hiện dẫn đến giá hợp đồng thay đổi;"
5823293b-cb0b-4d64-b4ac-869cc1ffa971,download.pdf,N/A,general,941,"d) Việc thanh toán được thực hiện theo tỷ lệ phần trăm giá hợp đồng hoặc giá công trình, hạng mục công trình, khối lượng công việc tương ứng với giai đoạn thanh toán được các bên thỏa thuận trong hợp đồng, khi thanh toán không yêu cầu có xác nhận khối lượng hoàn thành chi tiết.

2. Hợp đồng theo đơn giá cố định:

about:blank                                                                                                42/61


---



1/13/26, 9:03 AM                                    about:blank

a) Hợp đồng theo đơn giá cố định được áp dụng đối với gói thầu mà tại thời điểm lựa chọn nhà thầu bản chất công việc đã xác định được rõ ràng nhưng chưa xác định được chính xác số lượng, khối lượng công việc thực tế phải hoàn thành. Giá hợp đồng ban đầu dựa trên số lượng, khối lượng công việc, đơn giá cố định theo hợp đồng và chi phí dự phòng cho số lượng, khối lượng công việc có thể phát sinh được xác định theo quy định của pháp luật;"
2209515a-a2f2-487b-94d7-d040f1c91f57,download.pdf,N/A,general,297,"b) Hợp đồng theo đơn giá cố định có đơn giá không thay đổi trong suốt thời gian thực hiện đối với toàn bộ nội dung công việc trong hợp đồng. Nhà thầu được thanh toán theo số lượng, khối lượng công việc được nghiệm thu và đơn giá cố định quy định tại hợp đồng.

3. Hợp đồng theo đơn giá điều chỉnh:"
873f6592-f248-45dc-bf74-36fe0db4e59d,download.pdf,N/A,general,971,"3. Hợp đồng theo đơn giá điều chỉnh:

a) Hợp đồng theo đơn giá điều chỉnh được áp dụng đối với gói thầu có thời gian thực hiện dài và có rủi ro biến động giá đối với các chi phí đầu vào để thực hiện hợp đồng, có thể tác động tiêu cực đến việc thực hiện gói thầu nếu áp dụng đơn giá cố định. Hợp đồng theo đơn giá điều chỉnh có đơn giá, giá hợp đồng có thể được điều chỉnh căn cứ vào các thỏa thuận trong hợp đồng đối với toàn bộ nội dung công việc trong hợp đồng. Giá hợp đồng ban đầu dựa trên cơ sở số lượng, khối lượng công việc cần thiết với đơn giá cơ sở theo hợp đồng và chi phí dự phòng cho số lượng, khối lượng công việc có thể phát sinh, chi phí dự phòng trượt giá. Nội dung hợp đồng phải quy định phương pháp tính trượt giá và chi phí dự phòng trượt giá theo quy định của pháp luật;

b) Nhà thầu được thanh toán theo số lượng, khối lượng công việc được nghiệm thu và đơn giá quy định tại hợp đồng hoặc đơn giá đã điều chỉnh (nếu có).

4. Hợp đồng theo thời gian:"
eea74bf7-31cf-4051-a476-12ee5aa31b6c,download.pdf,N/A,general,591,"b) Nhà thầu được thanh toán theo số lượng, khối lượng công việc được nghiệm thu và đơn giá quy định tại hợp đồng hoặc đơn giá đã điều chỉnh (nếu có).

4. Hợp đồng theo thời gian:

Hợp đồng theo thời gian có thể áp dụng trong tình trạng khẩn cấp; sửa chữa, bảo trì công trình, máy móc, thiết bị; dịch vụ tư vấn khi khó xác định được phạm vi và thời gian thực hiện dịch vụ. Giá hợp đồng được tính trên cơ sở đơn giá cho đơn vị thời gian, mức lương đã thỏa thuận theo giờ, ngày, tuần hoặc tháng nêu trong hợp đồng và chi phí phát sinh hợp lý có thể bồi hoàn.

5. Hợp đồng theo chi phí cộng phí:"
5f0818a7-1091-479c-b07f-23aa6bae5168,download.pdf,N/A,general,577,"5. Hợp đồng theo chi phí cộng phí:

Hợp đồng theo chi phí cộng phí được áp dụng đối với công việc, dịch vụ mà tại thời điểm lựa chọn nhà thầu chưa đủ cơ sở xác định phạm vi công việc, nhu cầu cần thiết về các yếu tố, chi phí đầu vào để thực hiện các công việc dự kiến của hợp đồng. Tại thời điểm ký kết hợp đồng, các bên thỏa thuận về chi phí quản lý, chi phí chung, lợi nhuận, phương pháp tính theo chi phí trực tiếp; phương pháp xác định chi phí trực tiếp làm căn cứ để tính toán chi phí trực tiếp và các nội dung khác để thực hiện hợp đồng.

6. Hợp đồng theo kết quả đầu ra:"
a9be10eb-dac6-40a9-bf67-e863e85657c9,download.pdf,N/A,general,917,"6. Hợp đồng theo kết quả đầu ra:

Hợp đồng theo kết quả đầu ra được áp dụng đối với công việc, dịch vụ mà việc thanh toán căn cứ vào kết quả thực hiện hợp đồng được nghiệm thu về chất lượng, số lượng và các yếu tố khác. Hợp đồng phải nêu rõ yêu cầu cụ thể về số lượng, chất lượng đầu ra, biện pháp kiểm tra, đánh giá, xác định mức độ đáp ứng về chất lượng đầu ra, mức giảm trừ thanh toán, quy định về điều chỉnh giá (nếu có) và các nội dung khác để thực hiện hợp đồng.

7. Hợp đồng theo tỷ lệ phần trăm:

Hợp đồng theo tỷ lệ phần trăm chỉ có thể áp dụng cho gói thầu bảo hiểm công trình mà giá trị hợp đồng được xác định chính xác trên cơ sở giá trị công trình thực tế được nghiệm thu.

8. Hợp đồng hỗn hợp:

Hợp đồng hỗn hợp là hợp đồng có nội dung kết hợp các loại hợp đồng quy định tại các khoản 1, 2, 3, 4, 5, 6 và 7 Điều này. Hợp đồng hỗn hợp phải quy định rõ phạm vi công việc áp dụng đối với từng loại hợp đồng"
38b16e11-7fde-4df4-b175-50b7a5cd0d72,download.pdf,N/A,general,567,"about:blank                                                                                              43/61


---



1/13/26, 9:03 AM                                  about:blank
about:blank                                                                                              44/61

tương ứng và các nội dung bổ sung, điều chỉnh liên quan khi áp dụng đồng thời nhiều loại hợp đồng đối với một nội dung công việc, dịch vụ. Việc thanh toán đối với hợp đồng hỗn hợp phải phù hợp với quy định thanh toán theo từng loại hợp đồng cho phạm vi công việc thực hiện."
e2af9583-113f-4831-a1a7-6671c159bf03,download.pdf,N/A,general,863,"## Điều 65. Hồ sơ hợp đồng với nhà thầu

1. Hồ sơ hợp đồng với nhà thầu bao gồm các tài liệu sau đây:

a) Văn bản hợp đồng;

b) Phụ lục hợp đồng gồm danh mục chi tiết về phạm vi công việc, biểu giá, tiến độ thực hiện (nếu có);

c) Quyết định phê duyệt kết quả lựa chọn nhà thầu.

2. Ngoài các tài liệu quy định tại khoản 1 Điều này, tùy theo quy mô, tính chất của gói thầu, hồ sơ hợp đồng có thể bao gồm một hoặc một số tài liệu sau đây:

a) Biên bản hoàn thiện hợp đồng;

b) Biên bản thương thảo hợp đồng (nếu có);

c) Văn bản thỏa thuận của các bên về điều kiện của hợp đồng, bao gồm điều kiện chung, điều kiện cụ thể;

d) Hồ sơ dự thầu, hồ sơ đề xuất và các tài liệu làm rõ hồ sơ dự thầu, hồ sơ đề xuất của nhà thầu được lựa chọn;

đ) Hồ sơ mời thầu, hồ sơ yêu cầu và các tài liệu sửa đổi, bổ sung hồ sơ mời thầu, hồ sơ yêu cầu;

e) Tài liệu khác có liên quan."
09e0911a-f764-498b-bc1a-e5e5cde423ab,download.pdf,N/A,general,591,"## Điều 66. Điều kiện ký kết hợp đồng

1. Tại thời điểm ký kết, hồ sơ dự thầu, hồ sơ đề xuất của nhà thầu được lựa chọn còn hiệu lực. Đối với mua sắm tập trung áp dụng thỏa thuận khung, tại thời điểm ký kết, thỏa thuận khung còn hiệu lực.

2. Tại thời điểm ký kết, nhà thầu được lựa chọn phải bảo đảm đáp ứng yêu cầu về năng lực kỹ thuật, tài chính để thực hiện gói thầu theo yêu cầu của hồ sơ mời thầu, hồ sơ yêu cầu.

3. Chủ đầu tư phải bảo đảm các điều kiện về vốn tạm ứng, vốn thanh toán, mặt bằng thực hiện và điều kiện cần thiết khác để triển khai thực hiện gói thầu theo đúng tiến độ."
66dd1baf-c52d-4810-a849-8c999c84c481,download.pdf,N/A,general,555,"## Điều 67. Ký kết hợp đồng với nhà thầu được lựa chọn

Việc ký kết hợp đồng giữa chủ đầu tư và nhà thầu được thực hiện như sau:

1. Một gói thầu được thực hiện theo một hợp đồng; trong một hợp đồng có thể áp dụng một hoặc nhiều loại hợp đồng quy định tại Điều 64 của Luật này; đối với gói thầu mua sắm tập trung hoặc gói thầu chia thành nhiều phần, một gói thầu có thể thực hiện theo nhiều hợp đồng tương ứng với một hoặc một số phần. Trường hợp áp dụng nhiều loại hợp đồng thì phải quy định rõ loại hợp đồng tương ứng với từng nội dung công việc cụ thể;"
83b836b9-847e-468b-827e-e4671ef36bd7,download.pdf,N/A,general,976,"2. Hợp đồng được ký kết giữa các bên phải phù hợp với nội dung trong hồ sơ mời thầu, hồ sơ yêu cầu, hồ sơ dự thầu, hồ sơ đề xuất, kết quả thương thảo hợp đồng (nếu có), quyết định phê duyệt kết quả lựa chọn nhà thầu, trong đó nêu rõ phạm vi công việc dành cho nhà thầu phụ đặc biệt (nếu có) và giá trị công việc tối đa dành cho nhà thầu phụ. Giá trị công việc tối đa dành cho nhà thầu phụ không bao gồm khối lượng công việc dành cho nhà thầu phụ đặc biệt;

---



1/13/26, 9:03 AM                                 about:blank

3. Đối với nhà thầu liên danh, tất cả thành viên tham gia liên danh phải trực tiếp ký, đóng dấu (nếu có) vào văn bản hợp đồng; đối với mua sắm tập trung áp dụng thỏa thuận khung, tất cả thành viên tham gia liên danh trực tiếp ký, đóng dấu (nếu có) vào văn bản hợp đồng hoặc thành viên liên danh ký, đóng dấu (nếu có) vào văn bản hợp đồng với đơn vị có nhu cầu mua sắm theo phân công tại thỏa thuận liên danh;

4. Chính phủ quy định chi tiết Điều này."
8db6fcfd-f977-405b-aa3f-9696694b3f36,download.pdf,N/A,general,967,"## Điều 68. Bảo đảm thực hiện hợp đồng

1. Nhà thầu phải thực hiện một trong các biện pháp sau đây để bảo đảm trách nhiệm thực hiện hợp đồng:

a) Đặt cọc;

b) Nộp thư bảo lãnh của tổ chức tín dụng trong nước, chi nhánh ngân hàng nước ngoài được thành lập theo pháp luật Việt Nam;

c) Nộp giấy chứng nhận bảo hiểm bảo lãnh của doanh nghiệp bảo hiểm phi nhân thọ trong nước, chi nhánh doanh nghiệp bảo hiểm phi nhân thọ nước ngoài được thành lập theo pháp luật Việt Nam.

2. Bảo đảm thực hiện hợp đồng được áp dụng đối với nhà thầu được lựa chọn, trừ các trường hợp sau đây:

a) Nhà thầu cung cấp dịch vụ tư vấn;

b) Nhà thầu được lựa chọn theo hình thức tự thực hiện hoặc hình thức tham gia thực hiện của cộng đồng;

c) Nhà thầu thực hiện gói thầu có giá gói thầu thuộc hạn mức chỉ định thầu quy định tại điểm m khoản 1 Điều 23 của Luật này.

3. Nhà thầu được lựa chọn phải thực hiện biện pháp bảo đảm thực hiện hợp đồng trước hoặc cùng thời điểm hợp đồng có hiệu lực."
516bf24c-27cd-40f0-aa3b-dc173eb81e0d,download.pdf,N/A,general,927,"3. Nhà thầu được lựa chọn phải thực hiện biện pháp bảo đảm thực hiện hợp đồng trước hoặc cùng thời điểm hợp đồng có hiệu lực.

4. Căn cứ quy mô, tính chất của gói thầu, giá trị bảo đảm thực hiện hợp đồng được quy định trong hồ sơ mời thầu, hồ sơ yêu cầu theo mức xác định từ 2% đến 10% giá hợp đồng.

5. Thời gian có hiệu lực của bảo đảm thực hiện hợp đồng được tính từ ngày hợp đồng có hiệu lực cho đến ngày các bên hoàn thành nghĩa vụ theo hợp đồng hoặc ngày chuyển sang thực hiện nghĩa vụ bảo hành đối với trường hợp có quy định về bảo hành. Trường hợp cần gia hạn thời gian thực hiện hợp đồng, phải yêu cầu nhà thầu gia hạn tương ứng thời gian có hiệu lực của bảo đảm thực hiện hợp đồng trước khi gia hạn thời gian thực hiện hợp đồng.

6. Nhà thầu không được hoàn trả bảo đảm thực hiện hợp đồng trong các trường hợp sau đây:

a) Từ chối thực hiện hợp đồng khi hợp đồng đã có hiệu lực;

b) Vi phạm thỏa thuận trong hợp đồng;"
41860e5b-677a-4084-b345-1617a627b6de,download.pdf,N/A,general,306,"6. Nhà thầu không được hoàn trả bảo đảm thực hiện hợp đồng trong các trường hợp sau đây:

a) Từ chối thực hiện hợp đồng khi hợp đồng đã có hiệu lực;

b) Vi phạm thỏa thuận trong hợp đồng;

c) Thực hiện hợp đồng chậm tiến độ do lỗi của nhà thầu nhưng từ chối gia hạn hiệu lực của bảo đảm thực hiện hợp đồng."
600f1ac4-62fa-4709-a211-bd40c0b21fe1,download.pdf,N/A,general,453,"## Điều 69. Nguyên tắc thực hiện hợp đồng

1. Các bên ký kết hợp đồng có trách nhiệm thực hiện theo hợp đồng đã ký kết.

2. Bảo đảm trung thực, hợp tác và đúng pháp luật.

3. Không xâm phạm đến lợi ích của Nhà nước, cộng đồng và lợi ích hợp pháp của tổ chức, cá nhân khác.

about:blank                                                                                           45/61


---



1/13/26, 9:03 AM                                   about:blank"
f07b64a7-e2b8-447d-86bf-10fa0d70f873,download.pdf,N/A,general,964,"## Điều 70. Sửa đổi hợp đồng

1. Sửa đổi hợp đồng có thể thực hiện trong các trường hợp sau đây:

a) Các trường hợp do các bên thỏa thuận trong hợp đồng đã ký kết phù hợp với quy định của pháp luật;

b) Trường hợp hoàn cảnh thực hiện hợp đồng có thay đổi cơ bản theo quy định của pháp luật về dân sự;

c) Theo yêu cầu của cơ quan nhà nước có thẩm quyền làm ảnh hưởng đến việc thực hiện hợp đồng mà không do lỗi của chủ đầu tư.

2. Nội dung sửa đổi hợp đồng có thể bao gồm: khối lượng, tiến độ, giá, áp dụng tùy chọn mua thêm và các nội dung khác do các bên thỏa thuận trong hợp đồng đã ký kết, trừ trường hợp quy định tại khoản 5 Điều này. Đối với việc sửa đổi về tiến độ, khối lượng, giá chỉ áp dụng trong thời gian thực hiện gói thầu ghi trong hợp đồng, trừ trường hợp áp dụng tùy chọn mua thêm.

3. Trong quá trình thực hiện hợp đồng, các bên được điều chỉnh các mốc thời gian hoàn thành các nội dung quy định cụ thể trong hợp đồng trong các trường hợp sau đây:"
27f006da-62f5-443a-82de-d26b492cf7f6,download.pdf,N/A,general,978,"3. Trong quá trình thực hiện hợp đồng, các bên được điều chỉnh các mốc thời gian hoàn thành các nội dung quy định cụ thể trong hợp đồng trong các trường hợp sau đây:

a) Trường hợp bất khả kháng hoặc phát sinh các điều kiện bất lợi, cản trở nhà thầu trong việc thực hiện hợp đồng và không liên quan đến vi phạm hoặc sơ suất của các bên tham gia hợp đồng;

b) Thay đổi, điều chỉnh dự án, phạm vi công việc, phạm vi cung cấp, thiết kế, giải pháp thi công chủ đạo, biện pháp cung cấp do yêu cầu khách quan làm ảnh hưởng đến tiến độ hợp đồng;

c) Một hoặc các bên đề xuất sáng kiến, cải tiến thực hiện hợp đồng mà cần thay đổi tiến độ nhằm mục đích mang lại lợi ích cao hơn cho chủ đầu tư;

d) Việc bàn giao mặt bằng không đúng với thỏa thuận trong hợp đồng, tạm dừng hợp đồng do lỗi của chủ đầu tư ảnh hưởng đến tiến độ hợp đồng mà không do lỗi của nhà thầu;

đ) Tạm dừng thực hiện công việc theo yêu cầu của cơ quan nhà nước có thẩm quyền mà không do lỗi của chủ đầu tư, nhà thầu."
cefd26d0-ce79-45e4-add4-34ed02787b3f,download.pdf,N/A,general,963,"đ) Tạm dừng thực hiện công việc theo yêu cầu của cơ quan nhà nước có thẩm quyền mà không do lỗi của chủ đầu tư, nhà thầu.

4. Khi sửa đổi hợp đồng làm thay đổi thời gian thực hiện hợp đồng hoặc vượt giá gói thầu (bao gồm dự phòng) được duyệt thì phải được người có thẩm quyền cho phép. Giá hợp đồng sau khi điều chỉnh phải bảo đảm không vượt tổng mức đầu tư, dự toán mua sắm. Trường hợp dự án, dự toán mua sắm gồm nhiều gói thầu, tổng giá hợp đồng sau khi điều chỉnh phải bảo đảm không vượt tổng mức đầu tư, dự toán mua sắm.

5. Các bên không phải ký kết văn bản sửa đổi hợp đồng đối với trường hợp thay đổi giá hợp đồng, khối lượng và nội dung khác đã được quy định trong hợp đồng khi đáp ứng đủ các điều kiện sau đây:

a) Không vượt giá gói thầu ghi trong kế hoạch lựa chọn nhà thầu; trường hợp dự toán gói thầu được phê duyệt sau khi có kế hoạch lựa chọn nhà thầu thì không vượt dự toán gói thầu;

b) Không vượt thời gian thực hiện gói thầu ghi trong hợp đồng;"
15e9d4b6-9d5b-4030-8dbd-0c01ac790a62,download.pdf,N/A,general,209,"b) Không vượt thời gian thực hiện gói thầu ghi trong hợp đồng;

c) Phương pháp, công thức, hạng mục và các nội dung cần thiết để điều chỉnh đã quy định trong hợp đồng.

6. Chính phủ quy định chi tiết Điều này."
119b423c-8070-4ab1-876a-2753b3d567d9,download.pdf,N/A,general,59,"## Mục 2. HỢP ĐỒNG DỰ ÁN ĐẦU TƯ KINH DOANH VỚI NHÀ ĐẦU TƯ

"
35bc70e3-10d3-4c96-8c31-0260aaa9fcb9,download.pdf,N/A,general,1152,"## Điều 71. Ký kết hợp đồng và nguyên tắc thực hiện hợp đồng dự án đầu tư kinh doanh

1. Việc ký kết hợp đồng dự án đầu tư kinh doanh phải đáp ứng đủ các điều kiện sau đây:

about:blank                                                                                           46/61


---



1/13/26, 9:03 AM                                    about:blank

a) Tại thời điểm ký kết, hồ sơ dự thầu của nhà đầu tư được lựa chọn còn hiệu lực;

b) Tại thời điểm ký kết, nhà đầu tư được lựa chọn phải bảo đảm đáp ứng năng lực kỹ thuật, tài chính để thực hiện dự án đầu tư kinh doanh theo yêu cầu của hồ sơ mời thầu.

2. Hợp đồng được ký kết giữa các bên phải phù hợp với nội dung trong hồ sơ mời thầu, hồ sơ dự thầu, quyết định phê duyệt kết quả lựa chọn nhà đầu tư và biên bản đàm phán, hoàn thiện hợp đồng.

3. Cơ quan có thẩm quyền hoặc bên mời thầu (trong trường hợp được ủy quyền) ký kết hợp đồng với nhà đầu tư được lựa chọn. Đối với nhà đầu tư liên danh, tất cả các thành viên liên danh phải trực tiếp ký, đóng dấu (nếu có) vào văn bản hợp đồng.

4. Việc thực hiện hợp đồng dự án đầu tư kinh doanh tuân thủ nguyên tắc quy định tại Điều 69 của Luật này."
0d903d3c-88ea-4899-ace0-9ac5e1ffa798,download.pdf,N/A,general,448,"## Điều 72. Hồ sơ hợp đồng dự án đầu tư kinh doanh

Hồ sơ hợp đồng dự án đầu tư kinh doanh bao gồm các tài liệu sau đây:

1. Văn bản hợp đồng;

2. Phụ lục hợp đồng (nếu có);

3. Biên bản đàm phán, hoàn thiện hợp đồng;

4. Quyết định phê duyệt kết quả lựa chọn nhà đầu tư;

5. Hồ sơ dự thầu và tài liệu làm rõ hồ sơ dự thầu của nhà đầu tư được lựa chọn;

6. Hồ sơ mời thầu và tài liệu sửa đổi, bổ sung hồ sơ mời thầu;

7. Tài liệu khác có liên quan."
353004cb-a7e5-4dcc-bba1-1acbb5ee724e,download.pdf,N/A,general,1169,"## Điều 73. Nội dung hợp đồng dự án đầu tư kinh doanh

1. Hợp đồng dự án đầu tư kinh doanh bao gồm các nội dung cơ bản sau đây:

a) Thông tin về các bên ký kết hợp đồng, thời điểm có hiệu lực của hợp đồng, thời hạn hợp đồng;

b) Thông tin về dự án đầu tư kinh doanh, bao gồm: mục tiêu, địa điểm, tiến độ thực hiện dự án; quy mô và tổng vốn đầu tư; điều kiện sử dụng đất và tài nguyên khác (nếu có); phương án, yêu cầu về bồi thường, hỗ trợ, tái định cư và tổ chức xây dựng công trình phụ trợ (nếu có); bảo đảm an toàn và bảo vệ môi trường; trường hợp bất khả kháng và phương án xử lý trong trường hợp bất khả kháng;

c) Trách nhiệm thực hiện thủ tục bồi thường, hỗ trợ, tái định cư và tổ chức xây dựng công trình phụ trợ (nếu có); giao đất, cho thuê đất (nếu có);

d) Nghĩa vụ của nhà đầu tư trong việc thực hiện các cam kết đã đề xuất trong hồ sơ dự thầu; việc thành lập doanh nghiệp để quản lý dự án đầu tư kinh doanh (nếu có);

đ) Bảo đảm thực hiện hợp đồng; các nguyên tắc, điều kiện sửa đổi, chấm dứt hợp đồng; chuyển nhượng quyền và nghĩa vụ của các bên;

e) Pháp luật điều chỉnh hợp đồng và cơ chế giải quyết tranh chấp.

2. Chính phủ quy định chi tiết Điều này."
94d106d8-f497-4780-a41b-6f37ee1cfab3,download.pdf,N/A,general,808,"## Điều 74. Thời hạn hợp đồng dự án đầu tư kinh doanh

about:blank                                                                                                47/61


---



1/13/26, 9:03 AM                                 about:blank

1. Thời hạn hợp đồng dự án đầu tư kinh doanh là khoảng thời gian thực hiện hợp đồng được xác định trong hợp đồng ký kết giữa các bên.

2. Thời hạn hợp đồng dự án đầu tư kinh doanh được tính từ thời điểm hợp đồng dự án đầu tư kinh doanh có hiệu lực cho đến khi nhà đầu tư hoàn thành nghĩa vụ thực hiện các cam kết đã đề xuất trong hồ sơ dự thầu và các nghĩa vụ khác theo thỏa thuận của các bên trong hợp đồng dự án đầu tư kinh doanh.

3. Hết thời hạn hợp đồng, nhà đầu tư thực hiện dự án đầu tư kinh doanh theo quy định của pháp luật về đầu tư và pháp luật có liên quan."
9dd4d30c-5aad-4838-bb3f-33fb8bb40ac7,download.pdf,N/A,general,991,"## Điều 75. Bảo đảm thực hiện hợp đồng dự án đầu tư kinh doanh

1. Nhà đầu tư phải thực hiện một trong các biện pháp sau đây để bảo đảm trách nhiệm thực hiện hợp đồng dự án đầu tư kinh doanh trước hoặc cùng thời điểm hợp đồng có hiệu lực:

a) Nộp thư bảo lãnh của tổ chức tín dụng trong nước, chi nhánh ngân hàng nước ngoài được thành lập theo pháp luật Việt Nam;

b) Nộp giấy chứng nhận bảo hiểm bảo lãnh của doanh nghiệp bảo hiểm phi nhân thọ trong nước, chi nhánh doanh nghiệp bảo hiểm phi nhân thọ nước ngoài được thành lập theo pháp luật Việt Nam.

2. Căn cứ quy mô, tính chất của dự án đầu tư kinh doanh, giá trị bảo đảm thực hiện hợp đồng được quy định trong hồ sơ mời thầu theo mức xác định từ 1% đến 3% tổng vốn đầu tư.

3. Thời gian có hiệu lực của bảo đảm thực hiện hợp đồng tính từ ngày hợp đồng được ký chính thức đến ngày chấm dứt hợp đồng. Trường hợp gia hạn thời gian thực hiện hợp đồng, nhà đầu tư phải gia hạn tương ứng thời gian có hiệu lực của bảo đảm thực hiện hợp đồng."
b05c9a3f-b0de-4124-9356-3a8d2ec5ae9c,download.pdf,N/A,general,310,"4. Nhà đầu tư không được hoàn trả bảo đảm thực hiện hợp đồng trong các trường hợp sau đây:

a) Từ chối thực hiện hợp đồng khi hợp đồng đã có hiệu lực;

b) Vi phạm thỏa thuận trong hợp đồng;

c) Thực hiện hợp đồng chậm tiến độ do lỗi của nhà đầu tư nhưng từ chối gia hạn hiệu lực của bảo đảm thực hiện hợp đồng."
acb525b0-55a0-413d-9f50-f1157d242fdf,download.pdf,N/A,general,898,"## Điều 76. Sửa đổi hợp đồng dự án đầu tư kinh doanh

1. Hợp đồng dự án đầu tư kinh doanh được sửa đổi trong các trường hợp sau đây:

a) Điều chỉnh dự án đầu tư kinh doanh theo quy định của pháp luật về đầu tư dẫn đến thay đổi nội dung hợp đồng đối với dự án thuộc diện chấp thuận chủ trương đầu tư.

Việc sửa đổi hợp đồng trong trường hợp này chỉ được thực hiện sau khi cơ quan có thẩm quyền chấp thuận điều chỉnh chủ trương đầu tư. Nhà đầu tư phải bảo đảm đáp ứng năng lực kỹ thuật, tài chính để thực hiện sau khi điều chỉnh dự án đầu tư kinh doanh;

b) Chuyển nhượng dự án đầu tư kinh doanh theo quy định của pháp luật về đầu tư và quy định khác của pháp luật có liên quan;

c) Trường hợp khác được các bên thỏa thuận tại hợp đồng phù hợp với quy định của pháp luật.

2. Trường hợp chuyển nhượng dự án đầu tư kinh doanh quy định tại điểm b khoản 1 Điều này phải đáp ứng đủ các điều kiện sau đây:"
cfd9ed25-57cd-4d98-b7e6-bed70dd63d7d,download.pdf,N/A,general,652,"2. Trường hợp chuyển nhượng dự án đầu tư kinh doanh quy định tại điểm b khoản 1 Điều này phải đáp ứng đủ các điều kiện sau đây:

about:blank                                                                                             48/61


---



1/13/26, 9:03 AM                                   about:blank

a) Việc chuyển nhượng phải được người có thẩm quyền chấp thuận;

b) Nhà đầu tư nhận chuyển nhượng phải đáp ứng yêu cầu về năng lực kỹ thuật, tài chính để thực hiện dự án đầu tư kinh doanh;

c) Nhà đầu tư nhận chuyển nhượng cam kết kế thừa toàn bộ các quyền, nghĩa vụ của bên chuyển nhượng theo quy định tại hợp đồng dự án đầu tư kinh doanh."
e36f7623-cef2-42a4-b145-7327d7835036,download.pdf,N/A,general,16,"## Chương VIII

"
b1cc08cb-4db5-46bc-8892-377e59a922d8,download.pdf,N/A,general,54,"### TRÁCH NHIỆM CỦA CÁC BÊN TRONG HOẠT ĐỘNG ĐẤU THẦU

"
36fafb87-fe3d-439f-ba04-47bf404ceeca,download.pdf,N/A,general,917,"### Điều 77. Trách nhiệm của người có thẩm quyền

1. Phê duyệt kế hoạch tổng thể lựa chọn nhà thầu quy định tại Điều 36 của Luật này.

2. Phê duyệt kế hoạch lựa chọn nhà thầu quy định tại Điều 40 và Điều 41 của Luật này.

3. Tổ chức thẩm định nội dung quy định tại khoản 1 và khoản 2 Điều này.

4. Đình chỉ cuộc thầu, không công nhận kết quả lựa chọn nhà thầu, nhà đầu tư, xử lý vi phạm pháp luật về đấu thầu theo quy định của Luật này và quy định khác của pháp luật có liên quan.

5. Hủy thầu đối với trường hợp quy định tại các điểm b, c, d, đ khoản 1 và các điểm b, c, d, đ khoản 2 Điều 17 của Luật này.

6. Giải quyết kiến nghị trong lựa chọn nhà thầu, nhà đầu tư theo quy định của Luật này.

7. Tổ chức kiểm tra, giám sát công tác đấu thầu, thực hiện hợp đồng.

8. Đối với lựa chọn nhà thầu, ngoài trách nhiệm quy định tại các khoản 1, 2, 3, 4, 5, 6 và 7 Điều này, người có thẩm quyền còn có trách nhiệm sau đây:"
bf7a7ddd-5a83-4cf5-a653-551b9978480f,download.pdf,N/A,general,910,"8. Đối với lựa chọn nhà thầu, ngoài trách nhiệm quy định tại các khoản 1, 2, 3, 4, 5, 6 và 7 Điều này, người có thẩm quyền còn có trách nhiệm sau đây:

a) Điều chỉnh nhiệm vụ và thẩm quyền của chủ đầu tư trong trường hợp không đáp ứng điều kiện theo quy định của pháp luật về đấu thầu và các yêu cầu của dự án, gói thầu;

b) Yêu cầu chủ đầu tư, bên mời thầu cung cấp hồ sơ, tài liệu để phục vụ công tác kiểm tra, giám sát, giải quyết kiến nghị, xử lý vi phạm pháp luật về đấu thầu và công việc quy định tại khoản 4, khoản 5 Điều này;

c) Có ý kiến đối với việc xử lý tình huống trong trường hợp phức tạp theo đề nghị của chủ đầu tư quy định tại điểm a khoản 3 Điều 88 của Luật này.

9. Đối với lựa chọn nhà đầu tư, ngoài trách nhiệm quy định tại các khoản 4, 5, 6 và 7 Điều này, người có thẩm quyền còn có trách nhiệm sau đây:

a) Đại diện cơ quan có thẩm quyền quyết định tổ chức đấu thầu lựa chọn nhà đầu tư;"
350b4e40-0192-417e-91f4-16f786dec1dd,download.pdf,N/A,general,827,"a) Đại diện cơ quan có thẩm quyền quyết định tổ chức đấu thầu lựa chọn nhà đầu tư;

b) Quyết định giao đơn vị có nhân sự đáp ứng yêu cầu thực hiện công tác lựa chọn nhà đầu tư làm bên mời thầu; trường hợp nhân sự không đáp ứng yêu cầu thì lựa chọn nhà thầu tư vấn để thực hiện một số nhiệm vụ của bên mời thầu;

c) Phê duyệt hồ sơ mời quan tâm; phê duyệt hồ sơ mời thầu hoặc ủy quyền phê duyệt hồ sơ mời thầu;

d) Phê duyệt kết quả mời quan tâm, kết quả lựa chọn nhà đầu tư;

đ) Quyết định xử lý tình huống trong đấu thầu;

about:blank                                                                                              49/61


---



1/13/26, 9:03 AM                                about:blank

e) Ký kết hợp đồng trên cơ sở chấp thuận của cơ quan có thẩm quyền; tổ chức quản lý hợp đồng với nhà đầu tư được lựa chọn;"
6d40941a-6210-4799-9ae2-ea395ad86c4e,download.pdf,N/A,general,672,"---



1/13/26, 9:03 AM                                about:blank

e) Ký kết hợp đồng trên cơ sở chấp thuận của cơ quan có thẩm quyền; tổ chức quản lý hợp đồng với nhà đầu tư được lựa chọn;

g) Yêu cầu bên mời thầu cung cấp hồ sơ, tài liệu để phục vụ công tác kiểm tra, giám sát, giải quyết kiến nghị, xử lý vi phạm pháp luật về đấu thầu và công việc quy định tại khoản 4, khoản 5 Điều này.

10. Giải trình việc thực hiện trách nhiệm quy định tại Điều này theo yêu cầu của cơ quan cấp trên, cơ quan thanh tra, kiểm tra, cơ quan quản lý nhà nước về hoạt động đấu thầu.

11. Thực hiện trách nhiệm khác theo quy định của Luật này và quy định khác của pháp luật có liên quan."
cfbd822f-4294-43d7-8982-05330388900b,download.pdf,N/A,general,712,"## Điều 78. Trách nhiệm của chủ đầu tư

1. Phê duyệt các nội dung sau đây:

a) Kế hoạch lựa chọn nhà thầu trong trường hợp gói thầu được thực hiện trước khi có quyết định phê duyệt dự án, gói thầu đấu thầu trước; kế hoạch lựa chọn nhà thầu đối với dự án đã phê duyệt kế hoạch tổng thể lựa chọn nhà thầu;

b) Hồ sơ mời quan tâm, hồ sơ mời sơ tuyển, danh sách ngắn;

c) Hồ sơ mời thầu, hồ sơ yêu cầu;

d) Kết quả lựa chọn nhà thầu.

2. Tổ chức thẩm định các nội dung quy định tại khoản 1 Điều này.

3. Ký kết hoặc ủy quyền ký kết và quản lý hợp đồng với nhà thầu; ký kết và quản lý thỏa thuận khung đối với mua sắm tập trung áp dụng thỏa thuận khung; thanh toán cho nhà thầu theo quy định trong hợp đồng đã ký kết."
6673cf97-5aa2-4604-9990-d402bec10330,download.pdf,N/A,general,827,"4. Quyết định thành lập bên mời thầu với nhân sự đáp ứng yêu cầu thực hiện công tác lựa chọn nhà thầu; trường hợp nhân sự không đáp ứng yêu cầu thì lựa chọn nhà thầu tư vấn để làm bên mời thầu hoặc thực hiện một số nhiệm vụ của bên mời thầu. Quyết định thành lập tổ chuyên gia đáp ứng quy định tại Điều 19 của Luật này trong trường hợp không thuê đơn vị tư vấn làm bên mời thầu.

5. Quyết định xử lý tình huống trong đấu thầu.

6. Giải quyết kiến nghị trong lựa chọn nhà thầu.

7. Bảo mật thông tin, tài liệu liên quan trong quá trình lựa chọn nhà thầu.

8. Lưu trữ thông tin liên quan trong quá trình lựa chọn nhà thầu theo quy định của pháp luật về lưu trữ và quy định của Luật này.

9. Báo cáo tình hình thực hiện công tác đấu thầu hằng năm.

10. Hủy thầu đối với trường hợp quy định tại điểm a khoản 1 Điều 17 của Luật này."
56863402-e432-421f-8130-962029786b97,download.pdf,N/A,general,926,"9. Báo cáo tình hình thực hiện công tác đấu thầu hằng năm.

10. Hủy thầu đối với trường hợp quy định tại điểm a khoản 1 Điều 17 của Luật này.

11. Cung cấp thông tin, tài liệu liên quan và giải trình việc thực hiện trách nhiệm quy định tại Điều này theo yêu cầu của người có thẩm quyền, cơ quan thanh tra, kiểm tra, cơ quan quản lý nhà nước về hoạt động đấu thầu.

12. Chịu trách nhiệm trước pháp luật và người có thẩm quyền về quá trình lựa chọn nhà thầu.

about:blank    50/61


---



1/13/26, 9:03 AM                          about:blank

13. Trường hợp chủ đầu tư đồng thời là bên mời thầu thì còn phải thực hiện trách nhiệm quy định tại Điều 79 của Luật này.

14. Trang bị cơ sở hạ tầng về công nghệ thông tin đáp ứng yêu cầu đấu thầu qua mạng.

15. Chịu trách nhiệm trước pháp luật về tính chính xác và trung thực của thông tin đã đăng ký, đăng tải lên Hệ thống mạng đấu thầu quốc gia khi sử dụng chứng thư số của mình."
2d761bbe-18a5-4ad3-82e3-98d9b53539a5,download.pdf,N/A,general,975,"15. Chịu trách nhiệm trước pháp luật về tính chính xác và trung thực của thông tin đã đăng ký, đăng tải lên Hệ thống mạng đấu thầu quốc gia khi sử dụng chứng thư số của mình.

16. Thực hiện trách nhiệm khác theo quy định của Luật này và quy định khác của pháp luật có liên quan.

**Điều 79. Trách nhiệm của bên mời thầu**

1. Đối với lựa chọn nhà thầu:

a) Chuẩn bị lựa chọn nhà thầu; tổ chức lựa chọn nhà thầu; tổ chức đánh giá hồ sơ quan tâm, hồ sơ dự sơ tuyển, hồ sơ dự thầu, hồ sơ đề xuất;

b) Quyết định thành lập tổ chuyên gia trong trường hợp bên mời thầu là đơn vị tư vấn được chủ đầu tư lựa chọn;

c) Yêu cầu nhà thầu làm rõ hồ sơ quan tâm, hồ sơ dự sơ tuyển, hồ sơ dự thầu, hồ sơ đề xuất trong quá trình đánh giá hồ sơ;

d) Trình duyệt hồ sơ mời sơ tuyển, hồ sơ mời quan tâm, hồ sơ yêu cầu, hồ sơ mời thầu, kết quả lựa chọn danh sách ngắn, kết quả lựa chọn nhà thầu;

đ) Thương thảo (nếu có) và hoàn thiện hợp đồng với nhà thầu, quản lý thực hiện hợp đồng (nếu có);"
4c19e6a0-5f6a-46be-9088-b10bcfc7dae4,download.pdf,N/A,general,997,"đ) Thương thảo (nếu có) và hoàn thiện hợp đồng với nhà thầu, quản lý thực hiện hợp đồng (nếu có);

e) Thương thảo (nếu có) và hoàn thiện thỏa thuận khung với nhà thầu, quản lý thực hiện thỏa thuận khung (nếu có) đối với mua sắm tập trung áp dụng thỏa thuận khung;

g) Bảo mật thông tin, tài liệu liên quan trong quá trình lựa chọn nhà thầu;

h) Cung cấp thông tin trên Hệ thống mạng đấu thầu quốc gia; cung cấp thông tin, tài liệu liên quan và giải trình việc thực hiện trách nhiệm quy định tại khoản này theo yêu cầu của người có thẩm quyền, chủ đầu tư, cơ quan thanh tra, kiểm tra, cơ quan quản lý nhà nước về hoạt động đấu thầu;

i) Chịu trách nhiệm trước pháp luật và chủ đầu tư trong phạm vi công việc được giao theo quy định tại khoản này.

2. Đối với lựa chọn nhà đầu tư, ngoài trách nhiệm quy định tại điểm h khoản 1 Điều này, bên mời thầu còn có trách nhiệm sau đây:

a) Chuẩn bị lựa chọn nhà đầu tư; tổ chức lựa chọn nhà đầu tư; tổ chức đánh giá hồ sơ dự thầu theo quy định của Luật này;"
702af6aa-71a0-4965-8f9c-0bab330418f1,download.pdf,N/A,general,986,"a) Chuẩn bị lựa chọn nhà đầu tư; tổ chức lựa chọn nhà đầu tư; tổ chức đánh giá hồ sơ dự thầu theo quy định của Luật này;

b) Quyết định thành lập tổ chuyên gia;

c) Yêu cầu nhà đầu tư làm rõ hồ sơ dự thầu trong quá trình đánh giá hồ sơ;

d) Trình duyệt hồ sơ mời thầu, kết quả lựa chọn nhà đầu tư; phê duyệt hồ sơ mời thầu trong trường hợp được ủy quyền;

đ) Đàm phán hợp đồng với nhà đầu tư; ký kết và quản lý hợp đồng với nhà đầu tư trong trường hợp được ủy quyền;

about:blank                                                                                               51/61


---



about:blank                                                                                             52/61

e) Hủy thầu theo quy định tại điểm a khoản 2 Điều 17 của Luật này;

g) Bảo mật các thông tin, tài liệu liên quan trong quá trình lựa chọn nhà đầu tư;

h) Lưu trữ các thông tin liên quan trong quá trình lựa chọn nhà đầu tư theo quy định của pháp luật về lưu trữ và quy định của Luật này;"
8952b504-644f-471e-a172-0461899f092f,download.pdf,N/A,general,558,"h) Lưu trữ các thông tin liên quan trong quá trình lựa chọn nhà đầu tư theo quy định của pháp luật về lưu trữ và quy định của Luật này;

i) Giải quyết kiến nghị trong lựa chọn nhà đầu tư;

k) Báo cáo tình hình thực hiện công tác đấu thầu hằng năm;

l) Chịu trách nhiệm trước pháp luật và người có thẩm quyền trong phạm vi công việc được giao theo quy định tại khoản này.

3. Trang bị cơ sở hạ tầng về công nghệ thông tin đáp ứng yêu cầu đấu thầu qua mạng.

4. Thực hiện trách nhiệm khác theo quy định của Luật này và quy định khác của pháp luật có liên quan."
944d458f-39c6-4955-8c37-5c247cdfc5d5,download.pdf,N/A,general,801,"## Điều 80. Trách nhiệm của tổ chuyên gia

1. Lập hồ sơ mời quan tâm, hồ sơ mời sơ tuyển, hồ sơ mời thầu, hồ sơ yêu cầu.

2. Đánh giá hồ sơ quan tâm, hồ sơ dự sơ tuyển, hồ sơ đăng ký thực hiện dự án đầu tư kinh doanh, hồ sơ dự thầu, hồ sơ đề xuất; đề xuất với bên mời thầu phương án xử lý tình huống trong trường hợp phát sinh tình huống trong đấu thầu (nếu có).

3. Bảo mật thông tin, tài liệu liên quan trong quá trình lựa chọn nhà thầu, nhà đầu tư.

4. Cung cấp thông tin, tài liệu liên quan và giải trình việc thực hiện trách nhiệm quy định tại Điều này theo yêu cầu của người có thẩm quyền, chủ đầu tư, bên mời thầu, cơ quan thanh tra, kiểm tra, cơ quan quản lý nhà nước về hoạt động đấu thầu.

5. Thực hiện trách nhiệm khác theo quy định của Luật này và quy định khác của pháp luật có liên quan."
1c9c18e2-9abd-43b6-8f6f-8bd56b085ca2,download.pdf,N/A,general,723,"## Điều 81. Trách nhiệm của tổ thẩm định

1. Hoạt động độc lập, khách quan khi tiến hành thẩm định.

2. Yêu cầu chủ đầu tư, bên mời thầu cung cấp đầy đủ tài liệu liên quan.

3. Bảo mật thông tin, tài liệu liên quan trong quá trình thẩm định.

4. Cung cấp thông tin, tài liệu liên quan và giải trình việc thực hiện trách nhiệm quy định tại Điều này theo yêu cầu của người có thẩm quyền, chủ đầu tư, cơ quan thanh tra, kiểm tra, cơ quan quản lý nhà nước về hoạt động đấu thầu.

5. Chịu trách nhiệm trước pháp luật, người có thẩm quyền, chủ đầu tư về kết quả thẩm định và các công việc được giao theo quy định tại Điều này.

6. Thực hiện trách nhiệm khác theo quy định của Luật này và quy định khác của pháp luật có liên quan."
69b9bff6-ebdd-48cb-8012-9408348943be,download.pdf,N/A,general,1003,"## Điều 82. Trách nhiệm của nhà thầu, nhà đầu tư

1. Yêu cầu bên mời thầu làm rõ hồ sơ mời quan tâm, hồ sơ mời sơ tuyển, hồ sơ mời thầu, hồ sơ yêu cầu.

2. Cung cấp thông tin, tài liệu liên quan và giải trình việc thực hiện trách nhiệm quy định tại Điều này theo yêu cầu của người có thẩm quyền, chủ đầu tư, bên mời thầu, cơ quan thanh tra, kiểm tra, cơ quan quản lý

---



1/13/26, 9:03 AM                                   about:blank

nhà nước về hoạt động đấu thầu.

3. Ngoài trách nhiệm quy định tại khoản 1 và khoản 2 Điều này, nhà thầu, nhà đầu tư tham gia Hệ thống mạng đấu thầu quốc gia còn có trách nhiệm sau đây:

a) Trang bị cơ sở hạ tầng về công nghệ thông tin khi tham gia đấu thầu qua mạng;

b) Chịu trách nhiệm trước pháp luật về tính chính xác và trung thực của thông tin đã đăng ký, đăng tải trên Hệ thống mạng đấu thầu quốc gia.

4. Thực hiện các nội dung theo hợp đồng đã ký kết.

5. Thực hiện trách nhiệm khác theo quy định của Luật này và quy định khác của pháp luật có liên quan."
23e3f052-3627-43a9-8ed9-2355a973af92,download.pdf,N/A,general,14,"## Chương IX

"
36090aa9-75a3-4cf9-9a4e-32b6143672d0,download.pdf,N/A,general,49,"### QUẢN LÝ NHÀ NƯỚC ĐỐI VỚI HOẠT ĐỘNG ĐẤU THẦU

"
40dd2acb-fb62-4952-9d4c-743453434df6,download.pdf,N/A,general,40,"## Mục 1. QUẢN LÝ NHÀ NƯỚC VỀ ĐẤU THẦU

"
0f197cb6-6021-4e42-a0ae-354853c39f80,download.pdf,N/A,general,619,"### Điều 83. Nội dung quản lý nhà nước đối với hoạt động đấu thầu

1. Ban hành và tổ chức thực hiện văn bản quy phạm pháp luật về đấu thầu.

2. Tổng kết, đánh giá, báo cáo tình hình thực hiện hoạt động đấu thầu.

3. Quản lý hệ thống thông tin và cơ sở dữ liệu về đấu thầu trên phạm vi cả nước.

4. Giám sát, thanh tra, kiểm tra, giải quyết khiếu nại, tố cáo, kiến nghị trong đấu thầu và xử lý vi phạm pháp luật về đấu thầu theo thẩm quyền, trách nhiệm quy định tại Luật này và quy định khác của pháp luật có liên quan.

5. Đào tạo, bồi dưỡng kiến thức, nghiệp vụ chuyên môn về đấu thầu.

6. Hợp tác quốc tế về đấu thầu."
fe7561f3-4402-41ac-932c-38d846e1c3cc,download.pdf,N/A,general,992,"### Điều 84. Trách nhiệm quản lý nhà nước về đấu thầu

1. Chính phủ thống nhất quản lý nhà nước đối với hoạt động đấu thầu trên phạm vi cả nước.

2. Bộ Kế hoạch và Đầu tư là cơ quan đầu mối giúp Chính phủ thống nhất quản lý nhà nước đối với hoạt động đấu thầu và có quyền hạn, trách nhiệm sau đây:

a) Xây dựng, ban hành hoặc trình cơ quan có thẩm quyền ban hành văn bản quy phạm pháp luật về đấu thầu theo thẩm quyền;

b) Xây dựng, quản lý Hệ thống mạng đấu thầu quốc gia và sản phẩm báo chí về đấu thầu để phục vụ hoạt động đấu thầu qua mạng, công khai thông tin về lựa chọn nhà thầu, nhà đầu tư theo quy định của Luật này;

c) Xây dựng, quản lý cơ sở dữ liệu quốc gia về nhà đầu tư, nhà thầu, bao gồm kết quả thực hiện hợp đồng, chất lượng hàng hóa đã sử dụng theo quy định của Chính phủ;

d) Quy định về đào tạo, bồi dưỡng, cập nhật kiến thức, nghiệp vụ chuyên môn về đấu thầu cho người làm công tác đấu thầu; quy định về việc thi, cấp, thu hồi chứng chỉ nghiệp vụ chuyên môn về đấu thầu;"
9c7dc11f-6597-4836-8790-c64bea86775a,download.pdf,N/A,general,428,"đ) Thanh tra, kiểm tra hoạt động đấu thầu;

about:blank                                                                                             53/61


---



1/13/26, 9:03 AM                                    about:blank

e) Thực hiện quyền hạn, trách nhiệm khác về quản lý nhà nước đối với hoạt động đấu thầu được Chính phủ, Thủ tướng Chính phủ giao theo quy định của Luật này và quy định khác của pháp luật có liên quan."
a43ac8ac-c5af-462b-87bb-420f18414001,download.pdf,N/A,general,569,"## Điều 85. Trách nhiệm của Bộ, cơ quan ngang Bộ và Ủy ban nhân dân các cấp

1. Thực hiện quản lý nhà nước đối với hoạt động đấu thầu trong phạm vi quản lý.

2. Tổ chức bồi dưỡng kiến thức, nghiệp vụ chuyên môn về đấu thầu cho cán bộ, công chức, viên chức làm công tác đấu thầu.

3. Kiểm tra, thanh tra, giải quyết kiến nghị, khiếu nại, tố cáo và xử lý vi phạm pháp luật về đấu thầu.

4. Tổng kết, đánh giá, báo cáo tình hình thực hiện hoạt động đấu thầu.

5. Thực hiện quyền hạn, trách nhiệm khác theo quy định của Luật này và quy định khác của pháp luật có liên quan."
e0e9949a-a018-4d0d-a6b3-1c506914ba1e,download.pdf,N/A,general,909,"## Điều 86. Thanh tra, kiểm tra, giám sát hoạt động đấu thầu

1. Thanh tra hoạt động đấu thầu:

a) Thanh tra hoạt động đấu thầu được tiến hành đối với tổ chức, cá nhân liên quan đến hoạt động đấu thầu quy định tại Luật này;

b) Tổ chức và hoạt động của thanh tra về đấu thầu thực hiện theo quy định của pháp luật về thanh tra.

2. Kiểm tra hoạt động đấu thầu:

a) Kiểm tra hoạt động đấu thầu được thực hiện theo kế hoạch định kỳ hoặc đột xuất theo quyết định của người đứng đầu cơ quan có thẩm quyền kiểm tra;

b) Kiểm tra hoạt động đấu thầu được thực hiện đối với một hoặc các hoạt động sau: việc ban hành văn bản hướng dẫn, chỉ đạo thực hiện công tác đấu thầu; việc trình, thẩm định, phê duyệt kế hoạch lựa chọn nhà thầu; công tác chuẩn bị lựa chọn nhà thầu, nhà đầu tư; công tác tổ chức lựa chọn nhà thầu, nhà đầu tư; việc quản lý và thực hiện hợp đồng; các hoạt động khác liên quan đến hoạt động đấu thầu;"
24512121-908f-47ab-a39a-2ea9c8876193,download.pdf,N/A,general,937,"c) Kiểm tra hoạt động đấu thầu được thực hiện theo phương thức kiểm tra trực tiếp hoặc qua báo cáo bằng văn bản;

d) Trình tự, thủ tục kiểm tra: chuẩn bị kiểm tra; tổ chức kiểm tra; kết luận kiểm tra; theo dõi thực hiện kết luận kiểm tra.

3. Giám sát hoạt động đấu thầu:

a) Người có thẩm quyền, cơ quan quản lý nhà nước về đấu thầu thực hiện công tác giám sát hoạt động đấu thầu của chủ đầu tư, bên mời thầu nhằm bảo đảm quá trình lựa chọn nhà thầu, nhà đầu tư tuân thủ quy định của Luật này và pháp luật có liên quan;

b) Hoạt động đấu thầu được giám sát bởi cộng đồng. Ủy ban Mặt trận Tổ quốc Việt Nam các cấp chủ trì tổ chức việc giám sát hoạt động đấu thầu của cộng đồng;

c) Cơ quan quản lý nhà nước về đấu thầu thuộc Bộ, ngành, địa phương thực hiện việc giám sát thường xuyên hoạt động đấu thầu đối với các gói thầu thuộc dự án, dự án đầu tư kinh doanh, dự toán mua sắm trên địa bàn, lĩnh vực quản lý;

about:blank    54/61


---"
f9a86a4b-3b6a-42a6-a31e-c3ccdff68b67,download.pdf,N/A,general,652,"about:blank    54/61


---



1/13/26, 9:03 AM                                          about:blank

d) Người có thẩm quyền thực hiện việc giám sát hoạt động đấu thầu đối với các dự án, dự án đầu tư kinh doanh, dự toán mua sắm thuộc phạm vi quản lý;

đ) Giám sát hoạt động đấu thầu được thực hiện đối với một hoặc các nội dung sau: hồ sơ mời sơ tuyển, hồ sơ mời thầu, hồ sơ yêu cầu; đánh giá hồ sơ dự thầu, hồ sơ đề xuất; quy trình tổ chức lựa chọn nhà thầu, nhà đầu tư;

e) Trình tự, thủ tục giám sát hoạt động đấu thầu của người có thẩm quyền: chuẩn bị giám sát; thực hiện giám sát; báo cáo kết quả giám sát.

4. Chính phủ quy định chi tiết Điều này."
4aa26b51-3a1e-48a2-9614-4b13b5d28389,download.pdf,N/A,general,962,"## Điều 87. Xử lý vi phạm

1. Tổ chức, cá nhân có hành vi vi phạm quy định của pháp luật về đấu thầu thì tùy theo tính chất, mức độ vi phạm mà bị xử lý kỷ luật, xử phạt vi phạm hành chính hoặc bị truy cứu trách nhiệm hình sự; trường hợp gây thiệt hại thì phải bồi thường theo quy định của pháp luật.

2. Ngoài việc bị xử lý theo quy định tại khoản 1 Điều này, tùy theo tính chất, mức độ vi phạm, tổ chức, cá nhân thực hiện hành vi bị cấm quy định tại Luật này còn bị cấm tham gia hoạt động đấu thầu từ 06 tháng đến 05 năm.

3. Thẩm quyền quyết định cấm tham gia hoạt động đấu thầu được quy định như sau:

a) Người có thẩm quyền cấm tham gia hoạt động đấu thầu đối với các dự án, dự án đầu tư kinh doanh, dự toán mua sắm trong phạm vi quản lý của mình;

b) Bộ trưởng, Thủ trưởng cơ quan ngang Bộ, cơ quan thuộc Chính phủ, cơ quan khác ở Trung ương, Chủ tịch Ủy ban nhân dân cấp tỉnh cấm tham gia hoạt động đấu thầu trong phạm vi quản lý của Bộ, ngành, địa phương;"
eb2df8a1-8b6a-4f18-a5c2-cce19427e00e,download.pdf,N/A,general,404,"c) Bộ trưởng Bộ Kế hoạch và Đầu tư cấm tham gia hoạt động đấu thầu trong phạm vi quản lý của Bộ và trên phạm vi toàn quốc.

4. Quyết định cấm tham gia hoạt động đấu thầu phải được gửi cho tổ chức, cá nhân bị xử lý và cơ quan, tổ chức có liên quan; đồng thời gửi đến Bộ Kế hoạch và Đầu tư và phải đăng tải trên Hệ thống mạng đấu thầu quốc gia.

5. Chính phủ quy định chi tiết các khoản 2, 3 và 4 Điều này."
85565ea6-dcb1-4d89-b881-af8b5dc9de5a,download.pdf,N/A,general,77,"## Mục 2. XỬ LÝ TÌNH HUỐNG VÀ GIẢI QUYẾT KIẾN NGHỊ TRONG HOẠT ĐỘNG ĐẤU THẦU

"
1eb4e0b8-0a97-4ed3-be39-eb5ef31084d4,download.pdf,N/A,general,910,"## Điều 88. Xử lý tình huống trong hoạt động đấu thầu

1. Trường hợp phát sinh tình huống chưa được quy định cụ thể, rõ ràng trong kế hoạch lựa chọn nhà thầu; hồ sơ mời quan tâm, hồ sơ mời sơ tuyển, hồ sơ mời thầu, hồ sơ yêu cầu và các nội dung khác trong hoạt động đấu thầu, người có thẩm quyền, chủ đầu tư quyết định và chịu trách nhiệm trước pháp luật về việc xử lý tình huống theo nguyên tắc bảo đảm cạnh tranh, công bằng, minh bạch, hiệu quả kinh tế và trách nhiệm giải trình.

2. Việc xử lý tình huống căn cứ vào kế hoạch lựa chọn nhà thầu; hồ sơ mời quan tâm, hồ sơ mời sơ tuyển, hồ sơ mời thầu, hồ sơ yêu cầu; hồ sơ quan tâm, hồ sơ dự sơ tuyển, hồ sơ đăng ký thực hiện dự án đầu tư kinh doanh, hồ sơ dự thầu, hồ sơ đề xuất; kết quả lựa chọn nhà thầu, nhà đầu tư; hợp đồng đã ký kết với nhà thầu, nhà đầu tư được lựa chọn; tình hình thực tế triển khai thực hiện gói thầu, dự án, dự án đầu tư kinh doanh."
98a6291a-b70b-4f94-8c44-354b28dfcb42,download.pdf,N/A,general,575,"about:blank                                                                                               55/61


---



1/13/26, 9:03 AM                                   about:blank

3. Thẩm quyền xử lý tình huống trong đấu thầu được quy định như sau:

a) Đối với lựa chọn nhà thầu, người quyết định xử lý tình huống là chủ đầu tư. Trong trường hợp phức tạp, chủ đầu tư quyết định xử lý tình huống sau khi có ý kiến của người có thẩm quyền;

b) Đối với lựa chọn nhà đầu tư, người quyết định xử lý tình huống là người có thẩm quyền.

4. Chính phủ quy định chi tiết Điều này."
9549d2b6-5a47-4d33-baee-ffa2dc9df78e,download.pdf,N/A,general,783,"## Điều 89. Giải quyết kiến nghị trong hoạt động đấu thầu

1. Khi thấy quyền và lợi ích hợp pháp bị ảnh hưởng, nhà thầu, nhà đầu tư, cơ quan, tổ chức được kiến nghị người có thẩm quyền, chủ đầu tư, bên mời thầu xem xét lại các vấn đề trong quá trình lựa chọn nhà thầu, nhà đầu tư, kết quả lựa chọn nhà thầu, nhà đầu tư theo quy định tại các điều 90, 91 và 92 của Luật này.

2. Nhà thầu, nhà đầu tư, cơ quan, tổ chức chỉ được xem xét, giải quyết kiến nghị khi chưa gửi đơn khiếu nại, tố cáo, khởi kiện. Trường hợp đang trong quá trình giải quyết kiến nghị mà nhà thầu, nhà đầu tư, cơ quan, tổ chức khởi kiện, khiếu nại, tố cáo thì việc giải quyết kiến nghị được chấm dứt ngay.

3. Nhà thầu, nhà đầu tư, cơ quan, tổ chức có quyền rút đơn kiến nghị trong quá trình giải quyết kiến nghị."
747b1e01-b540-4e6f-9f48-2aae981d4c70,download.pdf,N/A,general,879,"## Điều 90. Điều kiện xem xét, giải quyết kiến nghị

1. Đối với các vấn đề trước khi có thông báo kết quả lựa chọn nhà thầu, nhà đầu tư, để được xem xét, giải quyết thì đơn kiến nghị phải đáp ứng đủ các điều kiện sau đây:

a) Đối với kiến nghị về nội dung hồ sơ mời thầu, đơn kiến nghị có thể là của các cơ quan, tổ chức quan tâm đến gói thầu, dự án đầu tư kinh doanh; đối với các nội dung khác về quá trình tổ chức lựa chọn nhà thầu, nhà đầu tư, đơn kiến nghị phải là của nhà thầu, nhà đầu tư tham dự thầu;

b) Đơn kiến nghị phải có chữ ký, đóng dấu (nếu có) của người đại diện hợp pháp của nhà thầu, nhà đầu tư, cơ quan, tổ chức gửi đơn hoặc được ký số, gửi trên Hệ thống mạng đấu thầu quốc gia;

c) Đơn kiến nghị được gửi đến đơn vị giải quyết kiến nghị quy định tại khoản 1 Điều 91 và khoản 1 Điều 92 của Luật này trước khi có thông báo kết quả lựa chọn nhà thầu, nhà đầu tư."
16404b86-64fb-4550-acdb-0d1caa3026db,download.pdf,N/A,general,772,"c) Đơn kiến nghị được gửi đến đơn vị giải quyết kiến nghị quy định tại khoản 1 Điều 91 và khoản 1 Điều 92 của Luật này trước khi có thông báo kết quả lựa chọn nhà thầu, nhà đầu tư.

2. Đối với kết quả lựa chọn nhà thầu, nhà đầu tư, để được xem xét, giải quyết kiến nghị, nhà thầu, nhà đầu tư phải đáp ứng đủ các điều kiện sau đây:

a) Đơn kiến nghị là của nhà thầu, nhà đầu tư tham dự thầu;

b) Đơn kiến nghị phải có chữ ký, đóng dấu (nếu có) của người đại diện hợp pháp của nhà thầu, nhà đầu tư tham dự thầu hoặc được ký số, gửi trên Hệ thống mạng đấu thầu quốc gia;

c) Nội dung kiến nghị chưa được nhà thầu, nhà đầu tư khởi kiện, khiếu nại, tố cáo;

d) Nội dung kiến nghị liên quan trực tiếp đến kết quả đánh giá hồ sơ dự thầu của nhà thầu, nhà đầu tư có đơn kiến nghị;"
a730263f-f8fd-4376-b895-04fbb9fda00b,download.pdf,N/A,general,818,"d) Nội dung kiến nghị liên quan trực tiếp đến kết quả đánh giá hồ sơ dự thầu của nhà thầu, nhà đầu tư có đơn kiến nghị;

đ) Chi phí giải quyết kiến nghị được nhà thầu, nhà đầu tư có kiến nghị nộp cho bộ phận thường trực giúp việc cho Chủ tịch Hội đồng tư vấn giải quyết kiến nghị (sau đây gọi là bộ phận thường trực) trước hoặc đồng thời với đơn kiến nghị;

e) Nhà thầu phải gửi đơn kiến nghị đến chủ đầu tư, người có thẩm quyền trong thời hạn quy định tại khoản 2 Điều 91 của Luật này; nhà đầu tư phải gửi đơn kiến nghị đến bên mời thầu, người có thẩm quyền trong thời hạn quy định tại khoản 2 Điều 92 của Luật này.

about:blank                                                                                               56/61


---



1/13/26, 9:03 AM                                                    about:blank"
057726b8-a941-49d3-9ebe-ae21cdfb89a6,download.pdf,N/A,general,373,"---



1/13/26, 9:03 AM                                                    about:blank

3. Trường hợp kiến nghị của nhà thầu, nhà đầu tư, cơ quan, tổ chức không đáp ứng điều kiện quy định tại khoản 1 và khoản 2 Điều này, người có trách nhiệm giải quyết kiến nghị thông báo bằng văn bản cho nhà thầu, nhà đầu tư, cơ quan, tổ chức về việc không xem xét, giải quyết kiến nghị."
c79a499d-5ec3-48a2-acaf-7f700915952d,download.pdf,N/A,general,925,"## Điều 91. Quy trình giải quyết kiến nghị về lựa chọn nhà thầu

1. Việc giải quyết kiến nghị về các vấn đề trước khi có thông báo kết quả lựa chọn nhà thầu được thực hiện như sau:

a) Nhà thầu, cơ quan, tổ chức gửi đơn kiến nghị đến chủ đầu tư trước khi kết quả lựa chọn nhà thầu được đăng tải trên Hệ thống mạng đấu thầu quốc gia;

b) Chủ đầu tư phải có văn bản giải quyết kiến nghị gửi đến nhà thầu, cơ quan, tổ chức trong thời hạn 07 ngày làm việc kể từ ngày nhận được đơn kiến nghị của nhà thầu, cơ quan, tổ chức;

c) Trường hợp nhà thầu, cơ quan, tổ chức không đồng ý với kết quả giải quyết kiến nghị hoặc hết thời hạn quy định tại điểm b khoản này mà chủ đầu tư không có văn bản giải quyết kiến nghị thì nhà thầu, cơ quan, tổ chức có quyền gửi đơn kiến nghị đến người có thẩm quyền trong thời hạn 05 ngày làm việc kể từ ngày hết hạn giải quyết kiến nghị hoặc ngày nhận được văn bản giải quyết kiến nghị của chủ đầu tư;"
32622f50-c157-4d71-90af-53236ed4b981,download.pdf,N/A,general,623,"d) Người có thẩm quyền phải có văn bản giải quyết kiến nghị gửi đến nhà thầu, cơ quan, tổ chức trong thời hạn 05 ngày làm việc kể từ ngày nhận được đơn kiến nghị của nhà thầu, cơ quan, tổ chức.

2. Việc giải quyết kiến nghị sau khi có thông báo kết quả lựa chọn nhà thầu được thực hiện theo một trong hai quy trình sau đây:

a) Nhà thầu gửi đơn kiến nghị đến chủ đầu tư trong thời hạn 10 ngày kể từ ngày kết quả lựa chọn nhà thầu được đăng tải trên Hệ thống mạng đấu thầu quốc gia. Chủ đầu tư phải có văn bản giải quyết kiến nghị gửi nhà thầu trong thời hạn 07 ngày làm việc kể từ ngày nhận được đơn kiến nghị của nhà thầu."
6f3a10c5-5ccd-42a1-8bc6-5d6bd4e18243,download.pdf,N/A,general,996,"Trường hợp nhà thầu không đồng ý với kết quả giải quyết kiến nghị hoặc quá thời hạn quy định tại khoản này mà chủ đầu tư không có văn bản giải quyết kiến nghị thì nhà thầu có quyền gửi đơn kiến nghị đến người có thẩm quyền thông qua bộ phận thường trực trong thời hạn 05 ngày làm việc kể từ ngày hết hạn giải quyết kiến nghị hoặc ngày nhận được văn bản giải quyết kiến nghị của chủ đầu tư. Người có thẩm quyền ban hành quyết định giải quyết kiến nghị về kết quả lựa chọn nhà thầu trong thời hạn 05 ngày làm việc kể từ ngày nhận được ý kiến bằng văn bản của Hội đồng tư vấn giải quyết kiến nghị;

b) Nhà thầu gửi đơn kiến nghị đến người có thẩm quyền thông qua bộ phận thường trực trong thời hạn 10 ngày kể từ ngày kết quả lựa chọn nhà thầu được đăng tải trên Hệ thống mạng đấu thầu quốc gia. Người có thẩm quyền ban hành quyết định giải quyết kiến nghị về kết quả lựa chọn nhà thầu trong thời hạn 05 ngày làm việc kể từ ngày nhận được ý kiến bằng văn bản của Hội đồng tư vấn giải quyết kiến nghị."
6f34ff23-3e4e-403b-b82a-f48a9d677654,download.pdf,N/A,general,701,"3. Thời gian giải quyết kiến nghị quy định tại khoản 1 và khoản 2 Điều này được tính từ ngày bộ phận hành chính của người có trách nhiệm giải quyết kiến nghị nhận được đơn kiến nghị hoặc ngày gửi đơn kiến nghị trên Hệ thống mạng đấu thầu quốc gia.

4. Trong trường hợp cần thiết, Hội đồng tư vấn giải quyết kiến nghị căn cứ đơn kiến nghị của nhà thầu đề nghị người có thẩm quyền xem xét tạm dừng việc ký kết, thực hiện hợp đồng. Trường hợp chấp thuận đề xuất của Hội đồng tư vấn giải quyết kiến nghị, trong thời hạn 05 ngày làm việc kể từ ngày nhận được văn bản, người có thẩm quyền có văn bản thông báo cho chủ đầu tư tạm dừng việc ký kết, thực hiện hợp đồng, trong đó xác định rõ thời gian tạm dừng."
2ce870b7-dd48-4b99-a5f0-894c461efda8,download.pdf,N/A,general,825,"5. Văn bản giải quyết kiến nghị phải có kết luận về nội dung mà nhà thầu kiến nghị; trường hợp kiến nghị được kết luận là đúng thì trong văn bản giải quyết kiến nghị phải nêu rõ biện pháp, cách thức và thời gian để khắc phục hậu quả (nếu có); nhà thầu có kiến nghị được nhận lại chi phí giải quyết kiến nghị đã nộp.

about:blank                                                                                              57/61


---



1/13/26, 9:03 AM                                 about:blank

Trường hợp kiến nghị của nhà thầu được kết luận là không đúng thì văn bản trả lời phải giải thích rõ lý do; nhà thầu có kiến nghị không được hoàn trả chi phí giải quyết kiến nghị đã nộp.

6. Trường hợp không đồng ý với quyết định giải quyết kiến nghị của người có thẩm quyền, chủ đầu tư, nhà thầu có quyền khởi kiện ra Tòa án."
9df45b00-8eef-4eab-aa5e-c468ff0719d8,download.pdf,N/A,general,902,"## Điều 92. Quy trình giải quyết kiến nghị về lựa chọn nhà đầu tư

1. Việc giải quyết kiến nghị về các vấn đề trước khi có thông báo kết quả lựa chọn nhà đầu tư được thực hiện như sau:

a) Nhà đầu tư, cơ quan, tổ chức gửi đơn kiến nghị đến bên mời thầu trước khi có thông báo kết quả lựa chọn nhà đầu tư;

b) Bên mời thầu phải có văn bản giải quyết kiến nghị gửi đến nhà đầu tư, cơ quan, tổ chức trong thời hạn 15 ngày kể từ ngày nhận được đơn kiến nghị của nhà đầu tư, cơ quan, tổ chức;

c) Trường hợp nhà đầu tư, cơ quan, tổ chức không đồng ý với kết quả giải quyết kiến nghị hoặc quá thời hạn quy định tại điểm b khoản này mà bên mời thầu không có văn bản giải quyết kiến nghị thì nhà đầu tư, cơ quan, tổ chức có quyền gửi đơn kiến nghị đến người có thẩm quyền trong thời hạn 05 ngày làm việc kể từ ngày hết hạn giải quyết kiến nghị hoặc ngày nhận được văn bản giải quyết kiến nghị của bên mời thầu;"
e50420d1-ab58-4ff6-9bfb-529ebe1fe60a,download.pdf,N/A,general,598,"d) Người có thẩm quyền phải có văn bản giải quyết kiến nghị gửi đến nhà đầu tư, cơ quan, tổ chức trong thời hạn 05 ngày làm việc kể từ ngày nhận được đơn kiến nghị của nhà đầu tư, cơ quan, tổ chức.

2. Việc giải quyết kiến nghị sau khi có thông báo kết quả lựa chọn nhà đầu tư được thực hiện theo một trong hai quy trình sau đây:

a) Nhà đầu tư gửi đơn kiến nghị đến bên mời thầu trong thời hạn 10 ngày kể từ ngày có thông báo kết quả lựa chọn nhà đầu tư. Bên mời thầu phải có văn bản giải quyết kiến nghị gửi đến nhà đầu tư trong thời hạn 15 ngày kể từ ngày nhận được đơn kiến nghị của nhà đầu tư."
35d86bea-e72f-44a9-a175-17e295d1613a,download.pdf,N/A,general,976,"Trường hợp nhà đầu tư không đồng ý với kết quả giải quyết kiến nghị hoặc quá thời hạn giải quyết kiến nghị quy định tại điểm này mà bên mời thầu không có văn bản giải quyết kiến nghị thì nhà đầu tư có quyền gửi đơn kiến nghị đến người có thẩm quyền thông qua bộ phận thường trực trong thời hạn 05 ngày làm việc kể từ ngày hết hạn giải quyết kiến nghị hoặc ngày nhận được văn bản giải quyết kiến nghị của bên mời thầu. Người có thẩm quyền ban hành quyết định giải quyết kiến nghị về kết quả lựa chọn nhà đầu tư trong thời hạn 10 ngày kể từ ngày nhận được ý kiến bằng văn bản của Hội đồng tư vấn giải quyết kiến nghị;

b) Nhà đầu tư gửi đơn kiến nghị đến người có thẩm quyền thông qua bộ phận thường trực trong thời hạn 10 ngày kể từ ngày có thông báo kết quả lựa chọn nhà đầu tư. Người có thẩm quyền ban hành quyết định giải quyết kiến nghị về kết quả lựa chọn nhà đầu tư trong thời hạn 10 ngày kể từ ngày nhận được ý kiến bằng văn bản của Hội đồng tư vấn giải quyết kiến nghị."
e1042b84-4be1-42da-8c08-6d7881d8efa8,download.pdf,N/A,general,894,"3. Thời gian giải quyết kiến nghị quy định tại khoản 1 và khoản 2 Điều này được tính từ ngày bộ phận hành chính của người có trách nhiệm giải quyết kiến nghị nhận được đơn kiến nghị hoặc ngày gửi đơn kiến nghị trên Hệ thống mạng đấu thầu quốc gia.

4. Trong trường hợp cần thiết, Hội đồng tư vấn giải quyết kiến nghị căn cứ đơn kiến nghị của nhà đầu tư đề nghị người có thẩm quyền xem xét tạm dừng việc ký kết, thực hiện hợp đồng. Trường hợp chấp thuận đề xuất của Hội đồng tư vấn giải quyết kiến nghị, trong thời hạn 10 ngày kể từ ngày nhận được văn bản, người có thẩm quyền có văn bản thông báo tạm dừng việc ký kết, thực hiện hợp đồng, trong đó xác định rõ thời gian tạm dừng.

5. Văn bản giải quyết kiến nghị phải có kết luận về nội dung mà nhà đầu tư kiến nghị; trường hợp kiến nghị được kết luận là đúng, trong văn bản giải quyết kiến nghị phải nêu rõ biện pháp, cách thức và thời gian để"
b0f509d4-e1d8-41c5-adcb-5075291bb453,download.pdf,N/A,general,990,"about:blank                                                                                               58/61


---



1/13/26, 9:03 AM                                         about:blank

khắc phục hậu quả (nếu có); nhà đầu tư có kiến nghị được nhận lại chi phí giải quyết kiến nghị đã nộp. Trường hợp kiến nghị của nhà đầu tư được kết luận là không đúng thì văn bản trả lời phải giải thích rõ lý do; nhà đầu tư không được hoàn trả chi phí giải quyết kiến nghị đã nộp.

6. Trường hợp không đồng ý với quyết định giải quyết kiến nghị của người có thẩm quyền, bên mời thầu, nhà đầu tư có quyền khởi kiện ra Tòa án.

**Điều 93. Thành phần, trách nhiệm và hoạt động của Hội đồng tư vấn giải quyết kiến nghị**

1. Hội đồng tư vấn giải quyết kiến nghị bao gồm:

a) Hội đồng tư vấn giải quyết kiến nghị do Bộ trưởng Bộ Kế hoạch và Đầu tư thành lập;

b) Hội đồng tư vấn giải quyết kiến nghị do Bộ trưởng, Thủ trưởng cơ quan ngang Bộ, cơ quan thuộc Chính phủ, cơ quan khác ở Trung ương thành lập;"
55b3b54d-726a-4a30-94b1-6032be41fd56,download.pdf,N/A,general,977,"b) Hội đồng tư vấn giải quyết kiến nghị do Bộ trưởng, Thủ trưởng cơ quan ngang Bộ, cơ quan thuộc Chính phủ, cơ quan khác ở Trung ương thành lập;

c) Hội đồng tư vấn giải quyết kiến nghị do Giám đốc Sở Kế hoạch và Đầu tư thành lập.

Hội đồng tư vấn giải quyết kiến nghị được thành lập trong thời hạn 05 ngày làm việc kể từ ngày nhận được đơn kiến nghị của nhà thầu, nhà đầu tư.

2. Thành phần Hội đồng tư vấn giải quyết kiến nghị và bộ phận thường trực của Chủ tịch Hội đồng tư vấn được quy định như sau:

a) Hội đồng tư vấn giải quyết kiến nghị gồm Chủ tịch, Phó Chủ tịch (nếu cần thiết) và các thành viên khác là đại diện của người có thẩm quyền, cơ quan có liên quan và có thể có đại diện của hiệp hội nghề nghiệp, chuyên gia, nhà khoa học.

Thành viên Hội đồng tư vấn không được là người có quan hệ gia đình theo quy định của Luật Doanh nghiệp với người ký đơn kiến nghị, cá nhân thuộc tổ chuyên gia, tổ thẩm định và người ký phê duyệt kết quả lựa chọn nhà thầu, nhà đầu tư;"
75be58d3-fa76-487f-9cda-ac126b9e1b07,download.pdf,N/A,general,862,"b) Chủ tịch Hội đồng tư vấn giải quyết kiến nghị quy định tại điểm a khoản 1 Điều này là đại diện của Bộ Kế hoạch và Đầu tư. Chủ tịch Hội đồng tư vấn giải quyết kiến nghị quy định tại điểm b khoản 1 Điều này là đại diện của đơn vị được giao nhiệm vụ quản lý về hoạt động đấu thầu thuộc các cơ quan này. Chủ tịch Hội đồng tư vấn giải quyết kiến nghị quy định tại điểm c khoản 1 Điều này là đại diện của Sở Kế hoạch và Đầu tư;

c) Bộ phận thường trực của Chủ tịch Hội đồng tư vấn giải quyết kiến nghị là đơn vị được giao quản lý về hoạt động đấu thầu nhưng không gồm các cá nhân thuộc tổ chuyên gia, tổ thẩm định của gói thầu, dự án. Bộ phận thường trực thực hiện các nhiệm vụ về hành chính do Chủ tịch Hội đồng tư vấn quy định; tiếp nhận và quản lý chi phí do nhà thầu, nhà đầu tư có kiến nghị nộp.

3. Hội đồng tư vấn giải quyết kiến nghị có trách nhiệm sau đây:"
f563a2d2-087b-4bf1-9d72-9e5a2cfbbf8d,download.pdf,N/A,general,923,"3. Hội đồng tư vấn giải quyết kiến nghị có trách nhiệm sau đây:

a) Hội đồng tư vấn giải quyết kiến nghị quy định tại điểm a khoản 1 Điều này có trách nhiệm tư vấn giải quyết kiến nghị trong trường hợp Thủ tướng Chính phủ yêu cầu;

b) Hội đồng tư vấn giải quyết kiến nghị quy định tại điểm b khoản 1 Điều này có trách nhiệm tư vấn giải quyết kiến nghị đối với tất cả gói thầu thuộc dự án, dự toán mua sắm, dự án đầu tư kinh doanh do Bộ trưởng, Thủ trưởng cơ quan ngang Bộ, cơ quan thuộc Chính phủ, cơ quan khác ở Trung ương là người có thẩm quyền hoặc quản lý, trừ gói thầu, dự án quy định tại điểm a khoản này;

c) Hội đồng tư vấn giải quyết kiến nghị quy định tại điểm c khoản 1 Điều này có trách nhiệm tư vấn giải quyết kiến nghị đối với tất cả gói thầu thuộc dự án, dự toán mua sắm, dự án đầu tư kinh doanh trên địa bàn tỉnh, thành phố trực thuộc Trung ương, trừ gói thầu, dự án quy định tại điểm a và điểm b khoản này."
0e6f1056-70d1-470f-81ee-983d661df864,download.pdf,N/A,general,840,"about:blank                                                                                              59/61


---



1/13/26, 9:03 AM                                                                                                                                                about:blank

4. Hoạt động của Hội đồng tư vấn giải quyết kiến nghị được quy định như sau:

a) Hội đồng tư vấn giải quyết kiến nghị hoạt động theo từng vụ việc, làm việc theo nguyên tắc tập thể và quyết định theo đa số. Thành viên được quyền bảo lưu ý kiến và chịu trách nhiệm trước pháp luật về ý kiến của mình;

b) Hội đồng tư vấn giải quyết kiến nghị có quyền yêu cầu nhà thầu, nhà đầu tư, chủ đầu tư, bên mời thầu và các cơ quan liên quan cung cấp thông tin của gói thầu, dự án, dự án đầu tư kinh doanh và các thông tin liên quan khác để thực hiện nhiệm vụ;"
44bb589e-b159-4233-8f8d-c508b1e8f1b0,download.pdf,N/A,general,224,"c) Kết quả giải quyết kiến nghị được gửi đến người có thẩm quyền trong thời hạn 25 ngày đối với kiến nghị của nhà thầu, 35 ngày đối với kiến nghị của nhà đầu tư kể từ ngày Hội đồng tư vấn giải quyết kiến nghị được thành lập."
da7dbbe2-d6c8-4146-9fa4-38b2544d4c8e,download.pdf,N/A,general,483,"## Điều 94. Quyền khởi kiện và yêu cầu Tòa án áp dụng biện pháp khẩn cấp tạm thời

1. Việc khởi kiện ra Tòa án được thực hiện theo quy định của pháp luật về tố tụng dân sự.

2. Khi nộp đơn khởi kiện hoặc trong quá trình Tòa án giải quyết vụ kiện, các bên có quyền yêu cầu Tòa án tạm dừng việc đóng thầu; phê duyệt danh sách ngắn; phê duyệt kết quả lựa chọn nhà thầu, nhà đầu tư; ký kết hợp đồng; thực hiện hợp đồng và các biện pháp khẩn cấp tạm thời khác theo quy định của pháp luật."
e4da3477-df6d-4c1a-81ef-ff2a9426ac45,download.pdf,N/A,general,12,"# Chương X

"
4c1ba11e-b686-47bc-b394-e24be75df9db,download.pdf,N/A,general,24,"## ĐIỀU KHOẢN THI HÀNH

"
4a5428bd-2ccf-485c-90ab-cd130d5135b5,download.pdf,N/A,general,617,"## Điều 95. Hiệu lực thi hành

1. Luật này có hiệu lực thi hành từ ngày 01 tháng 01 năm 2024.

2. Luật Đấu thầu số 43/2013/QH13 đã được sửa đổi, bổ sung một số điều theo Luật số 03/2016/QH14, Luật số 04/2017/QH14, Luật số 40/2019/QH14, Luật số 64/2020/QH14 và Luật số 03/2022/QH15 (sau đây gọi là Luật Đấu thầu số 43/2013/QH13) hết hiệu lực kể từ ngày Luật này có hiệu lực thi hành, trừ quy định tại Điều 96 của Luật này.

3. Hợp đồng được ký kết theo quy định tại điểm a khoản 1 Điều 55 của Luật này được thực hiện trong thời hạn quy định tại hợp đồng nhưng không quá 05 năm kể từ ngày Luật này có hiệu lực thi hành."
798a3d94-9115-41b1-a056-3187b5697d8c,download.pdf,N/A,general,785,"## Điều 96. Quy định chuyển tiếp

1. Các gói thầu lựa chọn nhà thầu đã phê duyệt và phát hành hồ sơ mời quan tâm, hồ sơ mời sơ tuyển, hồ sơ mời thầu, hồ sơ yêu cầu trước ngày Luật này có hiệu lực thi hành thì tiếp tục tổ chức lựa chọn danh sách ngắn, lựa chọn nhà thầu, ký kết và quản lý thực hiện hợp đồng theo quy định của Luật Đấu thầu số 43/2013/QH13 và các văn bản quy định chi tiết, hướng dẫn thi hành.

2. Dự án đầu tư kinh doanh đã phê duyệt và phát hành hồ sơ mời thầu trước ngày Luật này có hiệu lực thi hành thì tiếp tục tổ chức lựa chọn nhà đầu tư, ký kết và quản lý thực hiện hợp đồng theo quy định của Luật Đấu thầu số 43/2013/QH13 và các văn bản quy định chi tiết, hướng dẫn thi hành. Chính phủ quy định chi tiết việc áp dụng chuyển tiếp đối với dự án đầu tư kinh doanh."
9bb8f028-6cd2-4510-834d-727db0c2a188,download.pdf,N/A,general,947,"3. Trong thời gian kể từ ngày 01 tháng 01 năm 2024 đến ngày Luật Đất đai sửa đổi có hiệu lực thi hành, việc lựa chọn nhà đầu tư thực hiện dự án đầu tư có sử dụng đất được tiếp tục thực hiện theo quy định của Luật Đấu thầu số 43/2013/QH13 và các văn bản quy định chi tiết, hướng dẫn thi hành.

4. Hợp đồng mà nhà thầu trúng thầu vật tư, hóa chất có trách nhiệm cung cấp trang thiết bị y tế để sử dụng vật tư, hóa chất đó được ký kết trước ngày Luật này có hiệu lực thi hành được tiếp tục thực hiện trong thời

about:blank60/61


---



1/13/26, 9:03 AM                                                                                                                            about:blank

hạn quy định tại hợp đồng nhưng không quá 05 năm kể từ ngày Luật này có hiệu lực thi hành./.

*Luật này được Quốc hội nước Cộng hòa xã hội chủ nghĩa Việt Nam khóa XV, kỳ họp thứ 5 thông qua ngày 23 tháng 6 năm 2023.*

**CHỦ TỊCH QUỐC HỘI**

**Vương Đình Huệ**"
42755776-d5ba-464d-9f60-27f53e3e6570,download.pdf,N/A,general,343,"*Luật này được Quốc hội nước Cộng hòa xã hội chủ nghĩa Việt Nam khóa XV, kỳ họp thứ 5 thông qua ngày 23 tháng 6 năm 2023.*

**CHỦ TỊCH QUỐC HỘI**

**Vương Đình Huệ**

about:blank                                                                                                                                                                61/61"
a88ee7a9-5833-4778-8113-cf149ba16d6d,download.pdf,N/A,general,892,"1/13/26, 9:03 AM                                                                                                                about:blank

**QUỐC HỘI**                    **CỘNG HÒA XÃ HỘI CHỦ NGHĨA VIỆT NAM**
                                **Độc lập - Tự do - Hạnh phúc**
                                        **---------------**

Luật số: 22/2023/QH15                *Hà Nội, ngày 23 tháng 6 năm 2023*

**LUẬT**

**ĐẤU THẦU**

*Căn cứ Hiến pháp nước Cộng hòa xã hội chủ nghĩa Việt Nam;*

*Quốc hội ban hành Luật Đấu thầu.*

**Chương I**

**QUY ĐỊNH CHUNG**

**Điều 1. Phạm vi điều chỉnh**

Luật này quy định về quản lý nhà nước đối với hoạt động đấu thầu; thẩm quyền và trách nhiệm của các cơ quan, tổ chức, cá nhân trong hoạt động đấu thầu; hoạt động lựa chọn nhà thầu thực hiện gói thầu, hoạt động lựa chọn nhà đầu tư thực hiện dự án đầu tư kinh doanh.

**Điều 2. Đối tượng áp dụng**"
8c66e68e-c98d-425e-b58f-ef2fe9bf7669,download.pdf,N/A,general,917,"**Điều 2. Đối tượng áp dụng**

Luật này áp dụng đối với các cơ quan, tổ chức, cá nhân tham gia hoặc có liên quan đến hoạt động đấu thầu bao gồm:

1. Hoạt động lựa chọn nhà thầu có sử dụng vốn ngân sách nhà nước theo quy định của Luật Ngân sách nhà nước, vốn từ nguồn thu hợp pháp theo quy định của pháp luật của các cơ quan nhà nước, đơn vị sự nghiệp công lập để:

a) Thực hiện dự án đầu tư, dự toán mua sắm của cơ quan nhà nước, tổ chức chính trị, tổ chức chính trị - xã hội, tổ chức chính trị xã hội - nghề nghiệp, tổ chức xã hội - nghề nghiệp, tổ chức xã hội, đơn vị thuộc lực lượng vũ trang nhân dân, đơn vị sự nghiệp công lập và các tổ chức, cá nhân khác;

b) Cung cấp sản phẩm, dịch vụ công; mua thuốc, hóa chất, vật tư xét nghiệm, thiết bị y tế; mua hàng dự trữ quốc gia, thuê bảo quản hàng dự trữ quốc gia, trừ hoạt động mua trực tiếp rộng rãi của mọi đối tượng theo quy định của pháp luật về dự trữ quốc gia;"
f750e3e2-3040-4005-acbc-01139f1d018a,download.pdf,N/A,general,886,"c) Thực hiện các công việc khác phải tổ chức đấu thầu theo quy định của pháp luật có liên quan;

2. Hoạt động lựa chọn nhà thầu để thực hiện:

a) Các gói thầu thuộc dự án đầu tư của doanh nghiệp nhà nước theo quy định của Luật Doanh nghiệp và doanh nghiệp do doanh nghiệp nhà nước nắm giữ 100% vốn điều lệ;

b) Gói thầu trang bị cơ sở vật chất - kỹ thuật, máy móc, thiết bị hỗ trợ phát triển khoa học và công nghệ từ quỹ phát triển khoa học và công nghệ của doanh nghiệp nhà nước;

3. Hoạt động lựa chọn nhà đầu tư thực hiện dự án đầu tư kinh doanh gồm:

about:blank                                                                                                                    1/61


---



1/13/26, 9:03 AM                                                    about:blank

a) Dự án đầu tư có sử dụng đất thuộc trường hợp phải tổ chức đấu thầu theo quy định của pháp luật về đất đai;"
cbe0444c-7f62-4175-98ae-a41bee25067e,download.pdf,N/A,general,692,"---



1/13/26, 9:03 AM                                                    about:blank

a) Dự án đầu tư có sử dụng đất thuộc trường hợp phải tổ chức đấu thầu theo quy định của pháp luật về đất đai;

b) Dự án đầu tư thuộc trường hợp phải tổ chức đấu thầu lựa chọn nhà đầu tư theo quy định của pháp luật quản lý ngành, lĩnh vực;

4. Tổ chức, cá nhân có hoạt động đấu thầu không thuộc trường hợp quy định tại các khoản 1, 2 và 3 Điều này được tự quyết định chọn áp dụng toàn bộ hoặc các điều, khoản, điểm cụ thể của Luật này.

**Điều 3. Áp dụng Luật Đấu thầu, pháp luật có liên quan và điều ước quốc tế, thỏa thuận về vốn hỗ trợ phát triển chính thức, vốn vay ưu đãi của nhà tài trợ nước ngoài**"
bf4fa237-7200-410b-a77e-be444a36f40e,download.pdf,N/A,general,902,"**Điều 3. Áp dụng Luật Đấu thầu, pháp luật có liên quan và điều ước quốc tế, thỏa thuận về vốn hỗ trợ phát triển chính thức, vốn vay ưu đãi của nhà tài trợ nước ngoài**

1. Hoạt động đấu thầu thuộc phạm vi điều chỉnh của Luật này phải tuân thủ quy định của Luật này và quy định khác của pháp luật có liên quan. Trường hợp có quy định khác nhau về đấu thầu giữa Luật này và luật khác được ban hành trước ngày Luật này có hiệu lực thi hành thì thực hiện theo quy định của Luật này, trừ trường hợp quy định tại các khoản 2, 3, 4, 5, 6 và 7 Điều này.

2. Việc lựa chọn nhà thầu ký kết hợp đồng dầu khí thực hiện theo quy định của pháp luật về dầu khí.

3. Việc lựa chọn nhà đầu tư thực hiện dự án đầu tư theo phương thức đối tác công tư (PPP), lựa chọn nhà thầu thực hiện các gói thầu thuộc dự án đầu tư theo phương thức PPP thực hiện theo quy định của pháp luật về đầu tư theo phương thức đối tác công tư."
a625cb97-79cb-4308-8493-eb7af972bc71,download.pdf,N/A,general,904,"4. Việc lựa chọn nhà thầu ở nước ngoài để thực hiện gói thầu ở nước ngoài của cơ quan đại diện Việt Nam ở nước ngoài thực hiện theo quy định của pháp luật về cơ quan đại diện nước Cộng hòa xã hội chủ nghĩa Việt Nam ở nước ngoài.

5. Việc lựa chọn nhà thầu thuộc dự án có sử dụng vốn hỗ trợ phát triển chính thức (ODA), vốn vay ưu đãi của nhà tài trợ nước ngoài theo điều ước quốc tế mà nước Cộng hòa xã hội chủ nghĩa Việt Nam là thành viên (sau đây gọi là điều ước quốc tế), thỏa thuận vay nước ngoài thì áp dụng quy định của điều ước quốc tế, thỏa thuận vay đó. Trường hợp điều ước quốc tế, thỏa thuận vay không quy định hoặc quy định phải áp dụng pháp luật Việt Nam thì áp dụng quy định của Luật này.

Trước khi đàm phán, quyết định ký thỏa thuận vay không phải là điều ước quốc tế có quy định về đấu thầu khác hoặc chưa được quy định tại Luật này, Chính phủ trình Ủy ban Thường vụ Quốc hội cho ý kiến."
ee554d80-de9e-48f9-b40c-24a63642bcba,download.pdf,N/A,general,854,"6. Trường hợp gói thầu bao gồm cả nội dung mua sắm thuộc phạm vi điều chỉnh của Luật này và nội dung mua sắm thuộc phạm vi điều chỉnh của điều ước quốc tế thì người có thẩm quyền có thể quyết định việc lựa chọn nhà thầu của phần nội dung mua sắm thuộc phạm vi điều chỉnh của Luật này thực hiện theo quy định của điều ước quốc tế.

7. Cơ quan, tổ chức, doanh nghiệp được tự quyết định việc lựa chọn nhà thầu trên cơ sở bảo đảm công khai, minh bạch, hiệu quả kinh tế và trách nhiệm giải trình trong các trường hợp sau đây:

a) Lựa chọn nhà thầu thực hiện gói thầu sử dụng vốn do tổ chức, cá nhân trong nước tài trợ mà nhà tài trợ yêu cầu không lựa chọn nhà thầu theo quy định của Luật này; gói thầu của đơn vị sự nghiệp công lập sử dụng nguồn vốn vay, trừ vốn tín dụng đầu tư của nhà nước, vốn vay lại từ vốn ODA, vốn vay ưu đãi của nhà tài trợ nước ngoài;"
711b77f8-7662-4b8c-83d5-600eeb70c62e,download.pdf,N/A,general,992,"b) Tổ chức lựa chọn nhà thầu ở nước ngoài của cơ quan nhà nước, đơn vị sự nghiệp công lập, doanh nghiệp nhà nước, doanh nghiệp do doanh nghiệp nhà nước nắm giữ 100% vốn điều lệ, trừ trường hợp quy định tại khoản 4 Điều này;

c) Việc thuê, mua, thuê mua nhà, trụ sở, tài sản gắn liền với đất;

about:blank2/61


---



1/13/26, 9:03 AM                                      about:blank

d) Lựa chọn nhà thầu cung cấp hàng hóa, dịch vụ tư vấn, dịch vụ phi tư vấn để bảo đảm tính liên tục cho hoạt động sản xuất, kinh doanh và mua sắm nhằm duy trì hoạt động thường xuyên sử dụng nguồn vốn sản xuất, kinh doanh của doanh nghiệp nhà nước, doanh nghiệp do doanh nghiệp nhà nước nắm giữ 100% vốn điều lệ; lựa chọn nhà thầu để thực hiện các gói thầu thuộc dự án đầu tư kinh doanh quy định tại khoản 3 Điều 2 của Luật này; lựa chọn nhà thầu cung cấp dịch vụ tư vấn, nguyên liệu, nhiên liệu, vật liệu, vật tư, dịch vụ phi tư vấn phục vụ trực tiếp cho gói thầu mà đơn vị sự nghiệp công lập đã trúng thầu;"
4553df84-f0ab-4b20-8e9f-4002e7b5e9d0,download.pdf,N/A,general,491,"đ) Việc xác định hòa giải viên, thành viên trong ban phân xử tranh chấp, hội đồng trọng tài để xử lý tranh chấp phát sinh trong quá trình thực hiện hợp đồng do các bên tự quyết định theo quy định của hợp đồng;

e) Mua sắm hàng hóa, dịch vụ có giá bán do Nhà nước định giá cụ thể theo quy định của pháp luật về giá;

g) Lựa chọn nhà thầu cung cấp dịch vụ dầu khí, hàng hóa phục vụ hoạt động dầu khí phù hợp với hợp đồng dầu khí được cấp có thẩm quyền phê duyệt theo quy định của Luật Dầu khí."
595c8ba8-75cd-48e9-91b1-23d04925f0d8,download.pdf,N/A,general,971,"## Điều 4. Giải thích từ ngữ

Trong Luật này, các từ ngữ dưới đây được hiểu như sau:

1. *Bên mời thầu* là cơ quan, tổ chức thực hiện các hoạt động đấu thầu, bao gồm:

a) Chủ đầu tư hoặc tổ chức do chủ đầu tư quyết định thành lập hoặc lựa chọn;

b) Cơ quan có thẩm quyền chấp thuận chủ trương đầu tư hoặc cơ quan có thẩm quyền quyết định tổ chức đấu thầu lựa chọn nhà đầu tư; đơn vị được cơ quan có thẩm quyền giao nhiệm vụ tổ chức lựa chọn nhà đầu tư.

2. *Chủ đầu tư* là cơ quan, tổ chức sở hữu vốn, vay vốn hoặc được giao trực tiếp quản lý, sử dụng vốn, quản lý quá trình thực hiện dự án; đơn vị sử dụng ngân sách; đơn vị dự toán trực tiếp sử dụng dự toán mua sắm ngoài ngân sách nhà nước; đơn vị mua sắm tập trung.

3. *Danh sách ngắn* là danh sách nhà thầu trúng sơ tuyển đối với đấu thầu rộng rãi có sơ tuyển; danh sách nhà thầu, nhà đầu tư được mời tham dự thầu đối với đấu thầu hạn chế; danh sách nhà thầu có hồ sơ quan tâm đáp ứng yêu cầu của hồ sơ mời quan tâm."
72ddec86-51b2-4e2c-97ce-39ca8a4986d5,download.pdf,N/A,general,820,"4. *Dịch vụ tư vấn* là một hoặc một số hoạt động dịch vụ bao gồm: lập, đánh giá báo cáo quy hoạch, tổng sơ đồ phát triển, kiến trúc; khảo sát, lập báo cáo nghiên cứu tiền khả thi, báo cáo đề xuất chủ trương đầu tư, hồ sơ đề nghị chấp thuận chủ trương đầu tư, báo cáo nghiên cứu khả thi, báo cáo kinh tế - kỹ thuật, báo cáo đánh giá tác động môi trường; khảo sát, lập thiết kế, dự toán; tư vấn đấu thầu; tư vấn thẩm tra, thẩm định; tư vấn giám sát; tư vấn quản lý dự án; tư vấn thu xếp tài chính; kiểm toán và các dịch vụ tư vấn khác.

5. *Dịch vụ phi tư vấn* là một hoặc một số hoạt động dịch vụ bao gồm: logistics, bảo hiểm, quảng cáo, nghiệm thu chạy thử, chụp ảnh vệ tinh; in ấn; vệ sinh; truyền thông; sửa chữa, bảo trì, bảo dưỡng và hoạt động dịch vụ khác không phải là dịch vụ tư vấn quy định tại khoản 4 Điều này."
3cebc079-54ac-4bb8-970e-e6b8793aa1bf,download.pdf,N/A,general,862,"6. *Dự án đầu tư* (sau đây gọi là dự án) bao gồm: chương trình, dự án đầu tư xây dựng mới; dự án mua sắm tài sản; dự án cải tạo, nâng cấp, mở rộng; dự án, nhiệm vụ, đề án quy hoạch; hỗ trợ kỹ thuật; các chương trình, dự án khác theo quy định của pháp luật.

7. *Dự toán mua sắm* là dự kiến nguồn kinh phí để mua sắm trong phạm vi dự toán ngân sách nhà nước được cấp có thẩm quyền phê duyệt đối với cơ quan nhà nước, tổ chức chính trị, tổ chức chính trị - xã hội, tổ chức chính trị xã hội - nghề nghiệp, tổ chức xã hội - nghề nghiệp, tổ chức xã hội, đơn vị thuộc lực lượng vũ trang nhân dân, đơn vị sự nghiệp công lập và các tổ chức, cá nhân khác; dự kiến nguồn kinh phí để mua sắm trong phạm vi nguồn tài chính hợp pháp của cơ quan nhà nước, đơn vị sự nghiệp công lập.

about:blank    3/61


---



1/13/26, 9:03 AM                                    about:blank"
f206d786-f179-4d96-9198-6d2cc79f561d,download.pdf,N/A,general,889,"about:blank    3/61


---



1/13/26, 9:03 AM                                    about:blank

8. *Đấu thầu* là quá trình lựa chọn nhà thầu để ký kết, thực hiện hợp đồng cung cấp dịch vụ tư vấn, dịch vụ phi tư vấn, mua sắm hàng hóa, xây lắp, lựa chọn nhà đầu tư để ký kết, thực hiện hợp đồng dự án đầu tư kinh doanh trên cơ sở bảo đảm cạnh tranh, công bằng, minh bạch, hiệu quả kinh tế và trách nhiệm giải trình.

9. *Đấu thầu qua mạng* là việc thực hiện hoạt động đấu thầu trên Hệ thống mạng đấu thầu quốc gia.

10. *Đấu thầu quốc tế* là hoạt động đấu thầu mà nhà thầu, nhà đầu tư trong nước, nước ngoài được tham dự thầu.

11. *Đấu thầu trong nước* là hoạt động đấu thầu chỉ có nhà thầu, nhà đầu tư trong nước được tham dự thầu.

12. *Giá dự thầu* là giá do nhà thầu chào trong đơn dự thầu, bao gồm toàn bộ các chi phí để thực hiện gói thầu theo yêu cầu của hồ sơ mời thầu, hồ sơ yêu cầu."
6c45a7af-9a72-48f3-90ab-ffb35a6a75bf,download.pdf,N/A,general,966,"12. *Giá dự thầu* là giá do nhà thầu chào trong đơn dự thầu, bao gồm toàn bộ các chi phí để thực hiện gói thầu theo yêu cầu của hồ sơ mời thầu, hồ sơ yêu cầu.

13. *Giá đề nghị trúng thầu* là giá dự thầu của nhà thầu được đề nghị trúng thầu sau khi đã được sửa lỗi, hiệu chỉnh sai lệch theo yêu cầu của hồ sơ mời thầu, hồ sơ yêu cầu, trừ đi giá trị giảm giá (nếu có).

14. *Giá hợp đồng* là giá trị ghi trong hợp đồng giữa chủ đầu tư và nhà thầu.

15. *Gói thầu* là một phần hoặc toàn bộ dự án, dự toán mua sắm, có thể gồm những nội dung mua sắm giống nhau thuộc nhiều dự án hoặc là khối lượng mua sắm một lần, khối lượng mua sắm cho một thời kỳ đối với dự toán mua sắm, mua sắm tập trung.

16. *Gói thầu hỗn hợp* là gói thầu thuộc các trường hợp sau: thiết kế và cung cấp hàng hóa (EP); thiết kế và xây lắp (EC); cung cấp hàng hóa và xây lắp (PC); thiết kế, cung cấp hàng hóa và xây lắp (EPC); lập dự án, thiết kế, cung cấp hàng hóa và xây lắp (chìa khóa trao tay)."
3c69c092-5128-4dca-bd82-a6591e353fc7,download.pdf,N/A,general,429,"17. *Hàng hóa* gồm máy móc, thiết bị, nguyên liệu, nhiên liệu, vật liệu, vật tư, phụ tùng; sản phẩm; phương tiện; hàng tiêu dùng; thuốc, hóa chất, vật tư xét nghiệm, thiết bị y tế; phần mềm thương mại.

18. *Hệ thống mạng đấu thầu quốc gia* là hệ thống công nghệ thông tin do cơ quan quản lý nhà nước về hoạt động đấu thầu xây dựng và quản lý nhằm mục đích thống nhất quản lý thông tin về đấu thầu và thực hiện đấu thầu qua mạng."
9fe7e60a-5ef7-4f3e-a3f7-9929a790735a,download.pdf,N/A,general,940,"19. *Hồ sơ mời quan tâm, hồ sơ mời sơ tuyển* là toàn bộ tài liệu sử dụng cho hình thức đấu thầu rộng rãi có bước mời quan tâm, sơ tuyển, bao gồm các yêu cầu về năng lực và kinh nghiệm đối với nhà thầu làm căn cứ để bên mời thầu lựa chọn danh sách nhà thầu trúng sơ tuyển, danh sách nhà thầu có hồ sơ quan tâm được đánh giá đáp ứng yêu cầu của hồ sơ mời quan tâm. Trường hợp lựa chọn nhà đầu tư, hồ sơ mời quan tâm là toàn bộ tài liệu sử dụng cho dự án cần xác định số lượng nhà đầu tư quan tâm theo quy định của pháp luật về đất đai, pháp luật về quản lý ngành, lĩnh vực, bao gồm yêu cầu sơ bộ về năng lực, kinh nghiệm đối với nhà đầu tư.

20. *Hồ sơ quan tâm, hồ sơ dự sơ tuyển* là toàn bộ tài liệu do nhà thầu lập và nộp cho bên mời thầu theo yêu cầu của hồ sơ mời quan tâm, hồ sơ mời sơ tuyển. Trường hợp lựa chọn nhà đầu tư, hồ sơ đăng ký thực hiện dự án là toàn bộ tài liệu do nhà đầu tư lập và nộp theo yêu cầu của hồ sơ mời quan tâm."
419ae687-be9a-49fb-bc74-2cecb5630f4e,download.pdf,N/A,general,975,"21. *Hồ sơ mời thầu* là toàn bộ tài liệu sử dụng cho hình thức đấu thầu rộng rãi, đấu thầu hạn chế, chào hàng cạnh tranh, bao gồm các yêu cầu cho một dự án, gói thầu, dự án đầu tư kinh doanh làm căn cứ để nhà thầu, nhà đầu tư chuẩn bị hồ sơ dự thầu và để bên mời thầu tổ chức đánh giá hồ sơ dự thầu.

22. *Hồ sơ yêu cầu* là toàn bộ tài liệu sử dụng cho hình thức chỉ định thầu, mua sắm trực tiếp, đàm phán giá, bao gồm các yêu cầu cho gói thầu, làm căn cứ để nhà thầu chuẩn bị hồ sơ đề xuất và để bên mời thầu tổ chức đánh giá hồ sơ đề xuất.

23. *Hồ sơ dự thầu, hồ sơ đề xuất* là toàn bộ tài liệu do nhà thầu, nhà đầu tư lập và nộp cho bên mời thầu theo yêu cầu của hồ sơ mời thầu, hồ sơ yêu cầu.

about:blank                                                                                                4/61


---



1/13/26, 9:03 AM                                                                                                                                about:blank"
7ea8b978-7376-43d1-9a5a-ae566c8bc4b5,download.pdf,N/A,general,706,"---



1/13/26, 9:03 AM                                                                                                                                about:blank

24. *Người có thẩm quyền* là người quyết định đầu tư hoặc người quyết định việc mua sắm theo quy định của pháp luật. Trường hợp lựa chọn nhà đầu tư, người có thẩm quyền là người đứng đầu cơ quan có thẩm quyền chấp thuận chủ trương đầu tư theo quy định của pháp luật về đầu tư hoặc cơ quan có thẩm quyền quyết định tổ chức đấu thầu lựa chọn nhà đầu tư.

25. *Nhà đầu tư* là tổ chức, cá nhân tham dự thầu, đứng tên dự thầu và trực tiếp ký, thực hiện hợp đồng nếu được lựa chọn. Nhà đầu tư có thể là nhà đầu tư độc lập hoặc nhà đầu tư liên danh."
ebd9a6c0-21e4-4463-aa02-e8ef4d098e7c,download.pdf,N/A,general,859,"25. *Nhà đầu tư* là tổ chức, cá nhân tham dự thầu, đứng tên dự thầu và trực tiếp ký, thực hiện hợp đồng nếu được lựa chọn. Nhà đầu tư có thể là nhà đầu tư độc lập hoặc nhà đầu tư liên danh.

26. *Nhà thầu* là tổ chức, cá nhân hoặc kết hợp giữa các tổ chức hoặc giữa các cá nhân với nhau theo hình thức liên danh trên cơ sở thỏa thuận liên danh tham dự thầu, đứng tên dự thầu và trực tiếp ký, thực hiện hợp đồng nếu được lựa chọn. Trường hợp liên danh, thỏa thuận liên danh phải quy định rõ trách nhiệm của thành viên đứng đầu liên danh và trách nhiệm chung, trách nhiệm riêng của từng thành viên trong liên danh đối với toàn bộ phạm vi của gói thầu.

27. *Nhà thầu phụ* là tổ chức, cá nhân ký hợp đồng với nhà thầu để tham gia thực hiện công việc xây lắp; tư vấn; phi tư vấn; dịch vụ liên quan của gói thầu cung cấp hàng hóa; công việc thuộc gói thầu hỗn hợp."
bd46e195-4f02-4837-b065-542e6ddda969,download.pdf,N/A,general,978,"28. *Nhà thầu phụ đặc biệt* là nhà thầu phụ thực hiện công việc quan trọng của gói thầu do nhà thầu đề xuất trong hồ sơ dự thầu, hồ sơ đề xuất trên cơ sở yêu cầu về năng lực, kinh nghiệm ghi trong hồ sơ mời thầu, hồ sơ yêu cầu.

29. *Nhà thầu nước ngoài, nhà đầu tư nước ngoài* là tổ chức được thành lập theo pháp luật nước ngoài hoặc cá nhân có quốc tịch nước ngoài tham dự thầu.

30. *Nhà thầu trong nước, nhà đầu tư trong nước* là tổ chức được thành lập theo pháp luật Việt Nam hoặc cá nhân có quốc tịch Việt Nam tham dự thầu.

31. *Thời điểm đóng thầu* là thời điểm hết hạn nhận hồ sơ quan tâm, hồ sơ dự sơ tuyển, hồ sơ dự thầu, hồ sơ đề xuất.

32. *Thời gian có hiệu lực của hồ sơ dự thầu, hồ sơ đề xuất* là số ngày được quy định trong hồ sơ mời thầu, hồ sơ yêu cầu và được tính kể từ ngày có thời điểm đóng thầu đến ngày cuối cùng có hiệu lực theo quy định trong hồ sơ mời thầu, hồ sơ yêu cầu. Từ thời điểm đóng thầu đến hết 24 giờ của ngày đóng thầu được tính là 01 ngày."
ca5bedc6-843b-4726-b8b3-f163cd077e06,download.pdf,N/A,general,892,"33. *Xây lắp* gồm những công việc thuộc quá trình xây dựng và lắp đặt công trình, hạng mục công trình.

**Điều 5. Tư cách hợp lệ của nhà thầu, nhà đầu tư**

1. Nhà thầu, nhà đầu tư là tổ chức có tư cách hợp lệ khi đáp ứng đủ các điều kiện sau đây:

a) Đối với nhà thầu, nhà đầu tư trong nước: là doanh nghiệp, hợp tác xã, liên hiệp hợp tác xã, tổ hợp tác, đơn vị sự nghiệp công lập, tổ chức kinh tế có vốn đầu tư nước ngoài đăng ký thành lập, hoạt động theo quy định của pháp luật Việt Nam. Đối với nhà thầu, nhà đầu tư nước ngoài: có đăng ký thành lập, hoạt động theo pháp luật nước ngoài;

b) Hạch toán tài chính độc lập;

c) Không đang trong quá trình thực hiện thủ tục giải thể hoặc bị thu hồi giấy chứng nhận đăng ký doanh nghiệp, giấy chứng nhận đăng ký hợp tác xã, liên hiệp hợp tác xã, tổ hợp tác; không thuộc trường hợp mất khả năng thanh toán theo quy định của pháp luật về phá sản;"
48636616-33ec-43ae-8850-1a73ab9a6516,download.pdf,N/A,general,983,"d) Có tên trên Hệ thống mạng đấu thầu quốc gia trước khi phê duyệt kết quả lựa chọn nhà thầu, nhà đầu tư;

đ) Bảo đảm cạnh tranh trong đấu thầu theo quy định tại Điều 6 của Luật này;

about:blank5/61


---



1/13/26, 9:03 AM                                                    about:blank

e) Không đang trong thời gian bị cấm tham dự thầu theo quyết định của người có thẩm quyền, Bộ trưởng, Thủ trưởng cơ quan ngang Bộ, cơ quan thuộc Chính phủ, cơ quan khác ở Trung ương, Chủ tịch Ủy ban nhân dân cấp tỉnh quy định tại khoản 3 Điều 87 của Luật này;

g) Không đang bị truy cứu trách nhiệm hình sự;

h) Có tên trong danh sách ngắn đối với trường hợp đã lựa chọn được danh sách ngắn;

i) Đối với nhà thầu nước ngoài, phải liên danh với nhà thầu trong nước hoặc sử dụng nhà thầu phụ trong nước, trừ trường hợp nhà thầu trong nước không đủ năng lực tham gia vào bất kỳ phần công việc nào của gói thầu.

2. Nhà thầu là hộ kinh doanh có tư cách hợp lệ khi đáp ứng đủ các điều kiện sau đây:"
a4b4f6d0-d73c-4fc3-b5b7-ca198bb09f88,download.pdf,N/A,general,880,"2. Nhà thầu là hộ kinh doanh có tư cách hợp lệ khi đáp ứng đủ các điều kiện sau đây:

a) Có giấy chứng nhận đăng ký hộ kinh doanh theo quy định của pháp luật;

b) Không đang trong quá trình chấm dứt hoạt động hoặc bị thu hồi giấy chứng nhận đăng ký hộ kinh doanh; chủ hộ kinh doanh không đang bị truy cứu trách nhiệm hình sự;

c) Đáp ứng điều kiện quy định tại các điểm d, đ, e và h khoản 1 Điều này.

3. Nhà thầu, nhà đầu tư là cá nhân có tư cách hợp lệ khi đáp ứng đủ các điều kiện sau đây:

a) Có năng lực hành vi dân sự đầy đủ theo quy định pháp luật của nước mà cá nhân đó là công dân;

b) Có chứng chỉ chuyên môn phù hợp trong trường hợp pháp luật có quy định;

c) Đáp ứng điều kiện quy định tại điểm e và điểm g khoản 1 Điều này.

4. Nhà thầu, nhà đầu tư có tư cách hợp lệ theo quy định tại các khoản 1, 2 và 3 Điều này được tham dự thầu với tư cách độc lập hoặc liên danh."
a5d21859-3f4b-4467-a74f-67304e875f61,download.pdf,N/A,general,912,"## Điều 6. Bảo đảm cạnh tranh trong đấu thầu

1. Nhà thầu nộp hồ sơ quan tâm, hồ sơ dự sơ tuyển phải độc lập về pháp lý và độc lập về tài chính với các bên sau đây:

a) Nhà thầu tư vấn lập hồ sơ mời quan tâm, hồ sơ mời sơ tuyển, quản lý dự án, giám sát; nhà thầu tư vấn lập, thẩm tra, thẩm định hồ sơ thiết kế, dự toán; nhà thầu tư vấn lập, thẩm định nhiệm vụ khảo sát, thiết kế;

b) Nhà thầu tư vấn đánh giá hồ sơ quan tâm, hồ sơ dự sơ tuyển;

c) Nhà thầu tư vấn thẩm định kết quả mời quan tâm, kết quả sơ tuyển;

d) Chủ đầu tư, bên mời thầu, trừ trường hợp nhà thầu là đơn vị sự nghiệp công lập thuộc cơ quan quản lý nhà nước có chức năng, nhiệm vụ được giao phù hợp với tính chất gói thầu của cơ quan quản lý nhà nước đó hoặc là công ty thành viên, công ty con của tập đoàn, tổng công ty nhà nước có ngành, nghề sản xuất, kinh doanh chính phù hợp với tính chất gói thầu của tập đoàn, tổng công ty nhà nước đó."
8d690094-25a2-452a-ac9c-4cd14c27fb91,download.pdf,N/A,general,947,"2. Nhà thầu tham dự thầu phải độc lập về pháp lý và độc lập về tài chính theo quy định tại điểm d khoản 1 Điều này và với các bên sau đây:

a) Các nhà thầu tư vấn quản lý dự án, tư vấn giám sát; nhà thầu tư vấn lập, thẩm tra, thẩm định hồ sơ thiết kế, dự toán; nhà thầu tư vấn lập, thẩm định nhiệm vụ khảo sát, thiết kế; nhà thầu tư vấn lập, thẩm định hồ sơ mời thầu, hồ sơ yêu cầu; nhà thầu tư vấn đánh giá hồ sơ dự thầu, hồ sơ đề xuất; nhà thầu tư vấn thẩm định kết quả lựa chọn nhà thầu gói thầu đó;

about:blank                                                                                                  6/61


---



1/13/26, 9:03 AM                                  about:blank

b) Các nhà thầu khác cùng tham dự thầu trong một gói thầu đối với đấu thầu hạn chế.

3. Nhà thầu tư vấn giám sát thực hiện hợp đồng, nhà thầu thực hiện hợp đồng, nhà thầu tư vấn kiểm định gói thầu đó phải độc lập về pháp lý và độc lập về tài chính với nhau."
0062c6fb-afef-4402-8d5b-ac50554dc400,download.pdf,N/A,general,988,"3. Nhà thầu tư vấn giám sát thực hiện hợp đồng, nhà thầu thực hiện hợp đồng, nhà thầu tư vấn kiểm định gói thầu đó phải độc lập về pháp lý và độc lập về tài chính với nhau.

4. Nhà thầu quy định tại các khoản 1, 2 và 3 Điều này được đánh giá độc lập về pháp lý và độc lập về tài chính khi đáp ứng đủ các điều kiện sau đây:

a) Không cùng thuộc một cơ quan hoặc tổ chức trực tiếp quản lý đối với đơn vị sự nghiệp công lập;

b) Nhà thầu với chủ đầu tư, bên mời thầu không có cổ phần hoặc phần vốn góp trên 30% của nhau;

c) Nhà thầu không có cổ phần hoặc phần vốn góp trên 20% của nhau khi cùng tham dự thầu trong một gói thầu đối với đấu thầu hạn chế;

d) Nhà thầu tham dự thầu với nhà thầu tư vấn cho gói thầu đó không có cổ phần hoặc phần vốn góp của nhau; không cùng có cổ phần hoặc phần vốn góp trên 20% của một tổ chức, cá nhân khác với từng bên.

5. Nhà đầu tư tham dự thầu phải độc lập về pháp lý và độc lập về tài chính với các bên sau đây:

a) Cơ quan có thẩm quyền, bên mời thầu;"
f1a851b7-3be8-4c73-84fe-c75bf06b96cb,download.pdf,N/A,general,377,"5. Nhà đầu tư tham dự thầu phải độc lập về pháp lý và độc lập về tài chính với các bên sau đây:

a) Cơ quan có thẩm quyền, bên mời thầu;

b) Nhà thầu tư vấn lập, thẩm định hồ sơ mời thầu; nhà thầu tư vấn đánh giá hồ sơ dự thầu; nhà thầu tư vấn thẩm định kết quả lựa chọn nhà đầu tư cho đến ngày ký kết hợp đồng dự án đầu tư kinh doanh.

6. Chính phủ quy định chi tiết Điều này."
6280f0de-a942-4aa2-88fc-5795a160f7b9,download.pdf,N/A,general,925,"## Điều 7. Thông tin về đấu thầu

1. Thông tin về lựa chọn nhà thầu bao gồm:

a) Thông tin về dự án, kế hoạch lựa chọn nhà thầu;

b) Thông báo mời quan tâm, thông báo mời sơ tuyển;

c) Thông báo mời thầu;

d) Danh sách ngắn;

đ) Hồ sơ mời quan tâm, hồ sơ mời sơ tuyển, hồ sơ mời thầu và các nội dung sửa đổi, làm rõ hồ sơ (nếu có);

e) Kết quả mở thầu đối với đấu thầu qua mạng;

g) Kết quả lựa chọn nhà thầu;

h) Thông tin chủ yếu của hợp đồng;

i) Thông tin xử lý vi phạm pháp luật về đấu thầu;

k) Thông tin về kết quả thực hiện hợp đồng của nhà thầu;

l) Thông tin khác có liên quan.

2. Thông tin về lựa chọn nhà đầu tư bao gồm:

a) Thông tin về dự án đầu tư kinh doanh theo quy định tại khoản 2 Điều 47 của Luật này;

about:blank                                                                                              7/61


---



about:blank

---



1/13/26, 9:03 AM                                   about:blank"
58bb658d-47a7-40f7-9229-65bdeded67d3,download.pdf,N/A,general,981,"---



about:blank

---



1/13/26, 9:03 AM                                   about:blank

b) Đối với gói thầu cung cấp dịch vụ phi tư vấn, mua sắm hàng hóa, xây lắp, hỗn hợp áp dụng phương thức một giai đoạn hai túi hồ sơ: được thực hiện khi hoàn trả hoặc giải tỏa bảo đảm dự thầu của nhà thầu không được lựa chọn hoặc khi đăng tải kết quả lựa chọn nhà thầu.

2. Hồ sơ đề xuất về tài chính của các nhà đầu tư không vượt qua bước đánh giá về kỹ thuật được trả lại nguyên trạng cho nhà đầu tư khi hoàn trả hoặc giải tỏa bảo đảm dự thầu của nhà đầu tư không được lựa chọn hoặc khi đăng tải kết quả lựa chọn nhà đầu tư.

3. Trường hợp hết thời hạn quy định tại khoản 1 và khoản 2 Điều này mà nhà thầu, nhà đầu tư không nhận lại hồ sơ đề xuất về tài chính của mình thì bên mời thầu xem xét, quyết định việc hủy hồ sơ nhưng phải bảo đảm thông tin không bị tiết lộ.

4. Trường hợp hủy thầu, hồ sơ liên quan được lưu trữ trong thời hạn 05 năm kể từ ngày quyết định hủy thầu được ban hành."
d9a5ea64-8ead-4193-a8ab-49494ae7562e,download.pdf,N/A,general,530,"4. Trường hợp hủy thầu, hồ sơ liên quan được lưu trữ trong thời hạn 05 năm kể từ ngày quyết định hủy thầu được ban hành.

5. Hồ sơ quyết toán, hồ sơ hoàn công và tài liệu liên quan đến nhà thầu trúng thầu của gói thầu được lưu trữ theo quy định của pháp luật về lưu trữ.

6. Toàn bộ hồ sơ liên quan đến quá trình lựa chọn nhà thầu, nhà đầu tư được lưu trữ trong thời hạn tối thiểu là 05 năm kể từ ngày quyết toán hợp đồng hoặc ngày chấm dứt hợp đồng dự án đầu tư kinh doanh, trừ hồ sơ quy định tại các khoản 1, 2, 4 và 5 Điều này."
6c0101ec-bd07-44bc-ad1d-fbdcbcb49b03,download.pdf,N/A,general,991,"## Điều 10. Ưu đãi trong lựa chọn nhà thầu, nhà đầu tư

1. Đối tượng được hưởng ưu đãi trong lựa chọn nhà thầu bao gồm:

a) Hàng hóa có xuất xứ Việt Nam;

b) Sản phẩm, dịch vụ thân thiện môi trường theo quy định của pháp luật về bảo vệ môi trường;

c) Nhà thầu trong nước sản xuất hàng hóa có xuất xứ Việt Nam phù hợp với hồ sơ mời thầu;

d) Nhà thầu nước ngoài liên danh với nhà thầu trong nước mà nhà thầu trong nước đảm nhận từ 25% trở lên giá trị công việc của gói thầu;

đ) Nhà thầu trong nước tham dự thầu với tư cách độc lập hoặc liên danh với nhà thầu trong nước khác khi tham dự đấu thầu quốc tế;

e) Nhà thầu là doanh nghiệp siêu nhỏ, doanh nghiệp nhỏ theo quy định của pháp luật về hỗ trợ doanh nghiệp nhỏ và vừa;

g) Nhà thầu là doanh nghiệp khởi nghiệp sáng tạo theo quy định của pháp luật;

h) Nhà thầu có sử dụng số lượng lao động nữ từ 25% trở lên; số lượng lao động là thương binh, người khuyết tật từ 25% trở lên; số lượng lao động là người dân tộc thiểu số từ 25% trở lên."
573b8a43-0e9a-4ab1-aff2-df5999068b34,download.pdf,N/A,general,966,"h) Nhà thầu có sử dụng số lượng lao động nữ từ 25% trở lên; số lượng lao động là thương binh, người khuyết tật từ 25% trở lên; số lượng lao động là người dân tộc thiểu số từ 25% trở lên.

2. Các ưu đãi trong lựa chọn nhà thầu bao gồm:

a) Xếp hạng cao hơn cho nhà thầu thuộc đối tượng được hưởng ưu đãi trong trường hợp nhà thầu thuộc đối tượng được hưởng ưu đãi và nhà thầu không thuộc đối tượng được hưởng ưu đãi được đánh giá ngang nhau;

b) Cộng thêm điểm vào điểm đánh giá của nhà thầu thuộc đối tượng được ưu đãi đối với trường hợp áp dụng phương pháp giá cố định, dựa trên kỹ thuật, kết hợp giữa kỹ thuật và giá để so sánh, xếp hạng;

c) Cộng thêm số tiền vào giá dự thầu hoặc vào giá đánh giá của nhà thầu không thuộc đối tượng được ưu đãi đối với trường hợp áp dụng phương pháp giá thấp nhất hoặc phương pháp giá đánh giá để so sánh, xếp

about:blank                                                                                                 9/61


---"
7688fbf6-373d-4c83-8133-ef401fa79090,download.pdf,N/A,general,888,"about:blank                                                                                                 9/61


---



1/13/26, 9:03 AM                                     about:blank

hạng;

d) Được ưu tiên trong đánh giá về năng lực, kinh nghiệm và các tiêu chí khác trong quá trình đánh giá hồ sơ dự thầu;

đ) Gói thầu xây lắp có giá gói thầu không quá 05 tỷ đồng được dành cho doanh nghiệp siêu nhỏ, doanh nghiệp nhỏ tham dự thầu. Trường hợp đã tổ chức đấu thầu, nếu không có doanh nghiệp siêu nhỏ, doanh nghiệp nhỏ đáp ứng được yêu cầu thì được phép tổ chức đấu thầu lại và cho phép các doanh nghiệp khác được tham dự thầu.

3. Việc áp dụng ưu đãi trong lựa chọn nhà thầu được quy định như sau:

a) Đối tượng quy định tại các điểm a, b, c và g khoản 1 Điều này được hưởng ưu đãi theo quy định tại điểm b hoặc điểm c khoản 2 Điều này khi tham dự gói thầu mua sắm hàng hóa, hỗn hợp;"
c409b43e-ce5a-42e0-bad2-a2185c4187f2,download.pdf,N/A,general,828,"a) Đối tượng quy định tại các điểm a, b, c và g khoản 1 Điều này được hưởng ưu đãi theo quy định tại điểm b hoặc điểm c khoản 2 Điều này khi tham dự gói thầu mua sắm hàng hóa, hỗn hợp;

b) Đối tượng quy định tại điểm d và điểm đ khoản 1 Điều này được hưởng ưu đãi theo quy định tại điểm b hoặc điểm c khoản 2 Điều này khi tham dự gói thầu cung cấp dịch vụ tư vấn, dịch vụ phi tư vấn, xây lắp, hỗn hợp tổ chức đấu thầu quốc tế;

c) Đối tượng quy định tại điểm h khoản 1 Điều này được hưởng ưu đãi theo quy định tại điểm a khoản 2 Điều này khi tham dự gói thầu cung cấp dịch vụ tư vấn, dịch vụ phi tư vấn, xây lắp, hỗn hợp tổ chức đấu thầu trong nước;

d) Đối tượng quy định tại điểm e khoản 1 Điều này được hưởng ưu đãi theo quy định tại điểm a và điểm đ khoản 2 Điều này khi tham dự gói thầu xây lắp tổ chức đấu thầu trong nước;"
cdbc1bc1-5109-4992-86bd-323cf054d7a3,download.pdf,N/A,general,841,"d) Đối tượng quy định tại điểm e khoản 1 Điều này được hưởng ưu đãi theo quy định tại điểm a và điểm đ khoản 2 Điều này khi tham dự gói thầu xây lắp tổ chức đấu thầu trong nước;

đ) Ngoài ưu đãi theo quy định tại điểm b và điểm c khoản 2 Điều này, nhà thầu quy định tại điểm c và điểm g khoản 1 Điều này còn được hưởng ưu đãi theo quy định tại điểm d khoản 2 Điều này khi tham dự thầu gói thầu cung cấp dịch vụ tư vấn, dịch vụ phi tư vấn, mua sắm hàng hóa, xây lắp, hỗn hợp tổ chức đấu thầu trong nước;

e) Đối với gói thầu mua sắm hàng hóa tổ chức đấu thầu trong nước mà có ít nhất 03 hãng sản xuất cho 01 mặt hàng xuất xứ trong nước đáp ứng về kỹ thuật, chất lượng, giá thì chủ đầu tư quyết định việc yêu cầu nhà thầu chào hàng hoá xuất xứ trong nước đối với mặt hàng này.

4. Đối tượng được hưởng ưu đãi trong lựa chọn nhà đầu tư bao gồm:"
f7ae6ffd-7a69-43c5-a357-166a1d42a409,download.pdf,N/A,general,921,"4. Đối tượng được hưởng ưu đãi trong lựa chọn nhà đầu tư bao gồm:

a) Nhà đầu tư có giải pháp ứng dụng công nghệ nhằm giảm thiểu ô nhiễm môi trường đối với dự án thuộc nhóm có nguy cơ tác động xấu đến môi trường mức độ cao theo quy định của pháp luật về bảo vệ môi trường;

b) Nhà đầu tư cam kết chuyển giao công nghệ thuộc Danh mục công nghệ được ưu tiên đầu tư phát triển theo quy định của pháp luật về công nghệ cao hoặc thuộc Danh mục công nghệ khuyến khích chuyển giao theo quy định của pháp luật về chuyển giao công nghệ.

5. Các ưu đãi trong lựa chọn nhà đầu tư bao gồm:

a) Xếp hạng cao hơn cho nhà đầu tư thuộc đối tượng được hưởng ưu đãi trong trường hợp nhà đầu tư thuộc đối tượng được hưởng ưu đãi và nhà đầu tư không thuộc đối tượng được hưởng ưu đãi được đánh giá ngang nhau;

b) Cộng thêm điểm vào điểm tổng hợp để so sánh, xếp hạng.

6. Chính phủ quy định chi tiết Điều này.

**Điều 11. Đấu thầu quốc tế**"
6fba29f9-56f5-4251-b26f-0249dd87fe2c,download.pdf,N/A,general,807,"b) Cộng thêm điểm vào điểm tổng hợp để so sánh, xếp hạng.

6. Chính phủ quy định chi tiết Điều này.

**Điều 11. Đấu thầu quốc tế**

about:blank                                                                                            10/61


---



1/13/26, 9:03 AM                             about:blank

1. Việc tổ chức đấu thầu quốc tế để lựa chọn nhà thầu được thực hiện khi đáp ứng một trong các điều kiện sau đây:

a) Nhà tài trợ vốn cho dự án, gói thầu có yêu cầu tổ chức đấu thầu quốc tế trong điều ước quốc tế, thỏa thuận vay;

b) Gói thầu cung cấp dịch vụ tư vấn, dịch vụ phi tư vấn, xây lắp, hỗn hợp mà nhà thầu trong nước không có khả năng đáp ứng yêu cầu thực hiện gói thầu hoặc gói thầu được sơ tuyển, mời quan tâm hoặc đấu thầu rộng rãi trong nước trước đó nhưng không có nhà thầu tham gia;"
e38e8b42-3bae-4809-b6a2-c595322f5ad9,download.pdf,N/A,general,953,"c) Gói thầu cung cấp dịch vụ tư vấn mà người có thẩm quyền xét thấy cần có sự tham gia của nhà thầu nước ngoài để nâng cao chất lượng của gói thầu, dự án, người có thẩm quyền quyết định và chịu trách nhiệm về quyết định tổ chức đấu thầu quốc tế;

d) Gói thầu mua sắm hàng hóa mà hàng hóa đó trong nước không sản xuất được hoặc sản xuất được nhưng không đáp ứng một trong các yêu cầu về kỹ thuật, chất lượng, giá. Trường hợp hàng hóa thông dụng đã được nhập khẩu và chào bán tại Việt Nam thì không tổ chức đấu thầu quốc tế.

2. Việc tổ chức đấu thầu quốc tế để lựa chọn nhà đầu tư được thực hiện đối với các dự án đầu tư kinh doanh quy định tại khoản 3 Điều 2 của Luật này, trừ trường hợp sau đây:

a) Dự án thuộc danh mục ngành, nghề chưa được tiếp cận thị trường đối với nhà đầu tư nước ngoài theo quy định của pháp luật về đầu tư;

b) Dự án cần thực hiện đấu thầu trong nước do yêu cầu về bảo đảm quốc phòng, an ninh quốc gia, trật tự, an toàn xã hội;"
c216fec5-2f26-4f7b-bb8c-b64f85d29289,download.pdf,N/A,general,574,"b) Dự án cần thực hiện đấu thầu trong nước do yêu cầu về bảo đảm quốc phòng, an ninh quốc gia, trật tự, an toàn xã hội;

c) Dự án thực hiện tại khu vực hạn chế sử dụng đất, khu vực biển hạn chế sử dụng đối với nhà đầu tư nước ngoài, tổ chức kinh tế có vốn đầu tư nước ngoài theo quy định của pháp luật về đất đai và pháp luật có liên quan;

d) Dự án có tổng vốn đầu tư dưới 800 tỷ đồng;

đ) Dự án không thuộc trường hợp quy định tại các điểm a, b, c và d khoản này và đã công bố, thông báo mời quan tâm tổ chức đấu thầu quốc tế nhưng không có nhà đầu tư nước ngoài tham gia."
fac49fe8-3058-4381-b19e-f396a26a4bd4,download.pdf,N/A,general,409,"## Điều 12. Ngôn ngữ sử dụng trong đấu thầu

1. Ngôn ngữ sử dụng đối với đấu thầu trong nước là tiếng Việt.

2. Ngôn ngữ sử dụng đối với đấu thầu quốc tế là tiếng Anh hoặc tiếng Việt và tiếng Anh. Trường hợp ngôn ngữ sử dụng trong hồ sơ mời quan tâm, hồ sơ mời sơ tuyển, hồ sơ mời thầu, hồ sơ yêu cầu là tiếng Việt và tiếng Anh thì nhà thầu, nhà đầu tư được lựa chọn tiếng Việt hoặc tiếng Anh để tham dự thầu."
3a690eb8-0496-4594-8242-6457dcfbbe96,download.pdf,N/A,general,1166,"## Điều 13. Đồng tiền dự thầu

1. Đối với đấu thầu trong nước, nhà thầu, nhà đầu tư chỉ được chào thầu bằng Đồng Việt Nam.

2. Đối với đấu thầu quốc tế:

a) Hồ sơ mời thầu, hồ sơ yêu cầu phải quy định về đồng tiền dự thầu trong hồ sơ dự thầu, hồ sơ đề xuất nhưng không quá 03 loại tiền tệ;

b) Trường hợp hồ sơ mời thầu quy định nhà thầu, nhà đầu tư được chào thầu bằng 02 hoặc 03 loại tiền tệ thì khi đánh giá hồ sơ dự thầu phải quy đổi về 01 loại tiền tệ; trường hợp trong số các đồng tiền đó có Đồng

about:blank                                                                                             11/61


---



1/13/26, 9:03 AM                                   about:blank

Việt Nam thì phải quy đổi về Đồng Việt Nam. Hồ sơ mời thầu phải quy định về đồng tiền quy đổi, thời điểm và căn cứ xác định tỷ giá quy đổi;

c) Đối với chi phí trong nước liên quan đến việc thực hiện gói thầu, dự án, dự án đầu tư kinh doanh, nhà thầu, nhà đầu tư phải chào thầu bằng Đồng Việt Nam;

d) Đối với chi phí ở nước ngoài liên quan đến việc thực hiện gói thầu, dự án, dự án đầu tư kinh doanh, nhà thầu, nhà đầu tư được chào thầu bằng đồng tiền nước ngoài, Đồng Việt Nam."
3cc2582f-855a-4225-824a-3d81b8aa76ad,download.pdf,N/A,general,802,"## Điều 14. Bảo đảm dự thầu

1. Nhà thầu, nhà đầu tư phải thực hiện một trong các biện pháp sau đây để bảo đảm trách nhiệm dự thầu trong thời gian xác định theo yêu cầu của hồ sơ mời thầu:

a) Đặt cọc;

b) Nộp thư bảo lãnh của tổ chức tín dụng trong nước, chi nhánh ngân hàng nước ngoài được thành lập theo pháp luật Việt Nam;

c) Nộp giấy chứng nhận bảo hiểm bảo lãnh của doanh nghiệp bảo hiểm phi nhân thọ trong nước, chi nhánh doanh nghiệp bảo hiểm phi nhân thọ nước ngoài được thành lập theo pháp luật Việt Nam.

2. Bảo đảm dự thầu được áp dụng trong các trường hợp sau đây:

a) Đấu thầu rộng rãi, đấu thầu hạn chế, chào hàng cạnh tranh đối với gói thầu cung cấp dịch vụ phi tư vấn, mua sắm hàng hóa, xây lắp và gói thầu hỗn hợp;

b) Đấu thầu rộng rãi, đấu thầu hạn chế đối với lựa chọn nhà đầu tư."
0c97e76e-a4a4-4b5a-a656-5f2a2a2e5bee,download.pdf,N/A,general,888,"b) Đấu thầu rộng rãi, đấu thầu hạn chế đối với lựa chọn nhà đầu tư.

3. Nhà thầu, nhà đầu tư thực hiện biện pháp bảo đảm dự thầu trước thời điểm đóng thầu theo quy định của hồ sơ mời thầu; trường hợp áp dụng phương thức đấu thầu hai giai đoạn, nhà thầu, nhà đầu tư phải thực hiện biện pháp bảo đảm dự thầu trong giai đoạn hai.

4. Căn cứ quy mô và tính chất của từng dự án, dự án đầu tư kinh doanh, gói thầu cụ thể, mức bảo đảm dự thầu trong hồ sơ mời thầu được quy định như sau:

a) Từ 1% đến 1,5% giá gói thầu áp dụng đối với gói thầu xây lắp, hỗn hợp có giá gói thầu không quá 20 tỷ đồng, gói thầu mua sắm hàng hóa, dịch vụ phi tư vấn có giá gói thầu không quá 10 tỷ đồng;

b) Từ 1,5% đến 3% giá gói thầu áp dụng đối với gói thầu không thuộc trường hợp quy định tại điểm a khoản này;

c) Từ 0,5% đến 1,5% tổng vốn đầu tư của dự án đầu tư kinh doanh áp dụng đối với lựa chọn nhà đầu tư."
dd9a5ad5-a0af-42eb-b30a-0ad74906a1c7,download.pdf,N/A,general,872,"c) Từ 0,5% đến 1,5% tổng vốn đầu tư của dự án đầu tư kinh doanh áp dụng đối với lựa chọn nhà đầu tư.

5. Thời gian có hiệu lực của bảo đảm dự thầu được quy định trong hồ sơ mời thầu bằng thời gian có hiệu lực của hồ sơ dự thầu cộng thêm 30 ngày.

6. Trường hợp gia hạn thời gian có hiệu lực của hồ sơ dự thầu sau thời điểm đóng thầu, bên mời thầu phải yêu cầu nhà thầu, nhà đầu tư gia hạn tương ứng thời gian có hiệu lực của bảo đảm dự thầu. Trong trường hợp này, nhà thầu, nhà đầu tư phải gia hạn tương ứng thời gian có hiệu lực của bảo đảm dự thầu và không được thay đổi nội dung trong hồ sơ dự thầu đã nộp. Trường hợp nhà thầu, nhà đầu tư từ chối gia hạn thì hồ sơ dự thầu sẽ không còn giá trị và bị loại; bên mời thầu phải hoàn trả hoặc giải tỏa bảo đảm dự thầu cho nhà thầu, nhà đầu tư trong thời hạn 14 ngày kể từ ngày bên mời thầu nhận được văn bản từ chối gia hạn."
640a9d95-d71a-42c4-af23-86fe941b0cec,download.pdf,N/A,general,675,"7. Trường hợp liên danh tham dự thầu, từng thành viên trong liên danh có thể thực hiện bảo đảm dự thầu riêng hoặc thỏa thuận để một thành viên chịu trách nhiệm thực hiện bảo đảm dự thầu cho thành viên đó và

about:blank                                                                                               12/61


---



1/13/26, 9:03 AM                                     about:blank

cho thành viên khác trong liên danh. Tổng giá trị của bảo đảm dự thầu không thấp hơn giá trị yêu cầu trong hồ sơ mời thầu. Trường hợp có thành viên trong liên danh vi phạm quy định tại khoản 9 Điều này thì bảo đảm dự thầu của tất cả thành viên trong liên danh không được hoàn trả."
3a9e71a7-078f-459b-b2e2-d420b680f0e6,download.pdf,N/A,general,895,"8. Bên mời thầu có trách nhiệm hoàn trả hoặc giải tỏa bảo đảm dự thầu cho nhà thầu, nhà đầu tư không được lựa chọn theo thời hạn quy định trong hồ sơ mời thầu nhưng không quá 14 ngày kể từ ngày kết quả lựa chọn nhà thầu, nhà đầu tư được phê duyệt. Đối với nhà thầu, nhà đầu tư được lựa chọn, bảo đảm dự thầu được hoàn trả hoặc giải tỏa khi hợp đồng có hiệu lực.

9. Bảo đảm dự thầu không được hoàn trả trong các trường hợp sau đây:

a) Sau thời điểm đóng thầu và trong thời gian có hiệu lực của hồ sơ dự thầu, nhà thầu, nhà đầu tư rút hồ sơ dự thầu hoặc có văn bản từ chối thực hiện một hoặc các công việc đã đề xuất trong hồ sơ dự thầu theo yêu cầu của hồ sơ mời thầu;

b) Nhà thầu, nhà đầu tư có hành vi vi phạm quy định tại Điều 16 của Luật này hoặc vi phạm pháp luật về đấu thầu dẫn đến phải hủy thầu theo quy định tại điểm d và điểm đ khoản 1, điểm d và điểm đ khoản 2 Điều 17 của Luật này;"
3f4907c7-af3a-437b-9270-f9a01d996496,download.pdf,N/A,general,974,"c) Nhà thầu, nhà đầu tư không thực hiện biện pháp bảo đảm thực hiện hợp đồng theo quy định tại Điều 68 và Điều 75 của Luật này;

d) Nhà thầu không tiến hành hoặc từ chối thương thảo hợp đồng (nếu có) trong thời hạn 05 ngày làm việc đối với đấu thầu trong nước và 10 ngày đối với đấu thầu quốc tế kể từ ngày nhận được thông báo mời thương thảo hợp đồng hoặc đã thương thảo hợp đồng nhưng từ chối hoàn thiện, ký kết biên bản thương thảo hợp đồng, trừ trường hợp bất khả kháng;

đ) Nhà thầu không tiến hành hoặc từ chối hoàn thiện hợp đồng, thỏa thuận khung trong thời hạn 10 ngày đối với đấu thầu trong nước và 20 ngày đối với đấu thầu quốc tế kể từ ngày nhận được thông báo trúng thầu của bên mời thầu, trừ trường hợp bất khả kháng;

e) Nhà thầu không tiến hành hoặc từ chối ký kết hợp đồng, thỏa thuận khung trong thời hạn 10 ngày đối với đấu thầu trong nước và 20 ngày đối với đấu thầu quốc tế kể từ ngày hoàn thiện hợp đồng, thỏa thuận khung, trừ trường hợp bất khả kháng;"
3bd13195-e19e-4b2b-9e8f-6531a75f1ee1,download.pdf,N/A,general,975,"g) Nhà đầu tư không tiến hành hoặc từ chối hoàn thiện hợp đồng trong thời hạn 15 ngày đối với đấu thầu trong nước và 30 ngày đối với đấu thầu quốc tế kể từ ngày nhận được thông báo trúng thầu của bên mời thầu, trừ trường hợp bất khả kháng;

h) Nhà đầu tư không tiến hành hoặc từ chối ký kết hợp đồng trong thời hạn 15 ngày đối với đấu thầu trong nước và 30 ngày đối với đấu thầu quốc tế kể từ ngày hoàn thiện hợp đồng, trừ trường hợp bất khả kháng.

10. Trường hợp nhà thầu, nhà đầu tư vi phạm quy định của pháp luật về đấu thầu dẫn đến không được hoàn trả bảo đảm dự thầu, bảo đảm thực hiện hợp đồng theo quy định tại khoản 9 Điều này, khoản 6 Điều 68 và khoản 4 Điều 75 của Luật này thì việc quản lý, sử dụng khoản thu từ bảo đảm dự thầu, bảo đảm thực hiện hợp đồng không được hoàn trả được thực hiện như sau:

a) Đối với các dự án, gói thầu có sử dụng vốn ngân sách nhà nước, khoản thu này được nộp vào ngân sách nhà nước theo quy định của pháp luật về ngân sách nhà nước;"
71a682c1-1748-4f4b-96d8-5b55fd019eca,download.pdf,N/A,general,809,"a) Đối với các dự án, gói thầu có sử dụng vốn ngân sách nhà nước, khoản thu này được nộp vào ngân sách nhà nước theo quy định của pháp luật về ngân sách nhà nước;

b) Đối với các dự án, gói thầu không sử dụng vốn ngân sách nhà nước, dự án đầu tư kinh doanh, khoản thu này được sử dụng theo quy chế tài chính của chủ đầu tư, cơ quan có thẩm quyền;

c) Trường hợp bên mời thầu là đơn vị tư vấn đấu thầu do chủ đầu tư lựa chọn thì khoản thu này phải nộp lại cho chủ đầu tư. Chủ đầu tư quản lý, sử dụng khoản thu này theo quy định tại điểm a và điểm b khoản này.

about:blank                                                                                             13/61


---



about:blank

---



about:blank                                                                                              15/61"
e7453dc8-2814-455a-8d8d-aa2c6e2a203d,download.pdf,N/A,general,935,"---



about:blank

---



about:blank                                                                                              15/61

b) Cố ý cung cấp thông tin, tài liệu không trung thực, không khách quan trong hồ sơ quan tâm, hồ sơ dự sơ tuyển, hồ sơ đăng ký thực hiện dự án đầu tư kinh doanh, hồ sơ dự thầu, hồ sơ đề xuất nhằm làm sai lệch kết quả lựa chọn nhà thầu, nhà đầu tư.

5. Cản trở bao gồm các hành vi sau đây:

a) Hủy hoại, lừa dối, thay đổi, che giấu chứng cứ hoặc báo cáo sai sự thật; đe dọa hoặc gợi ý đối với bất kỳ bên nào nhằm ngăn chặn việc làm rõ hành vi đưa, nhận, môi giới hối lộ, gian lận hoặc thông đồng với cơ quan có chức năng, thẩm quyền về giám sát, kiểm tra, thanh tra, kiểm toán;

b) Cản trở người có thẩm quyền, chủ đầu tư, bên mời thầu, nhà thầu, nhà đầu tư trong lựa chọn nhà thầu, nhà đầu tư;

c) Cản trở cơ quan có thẩm quyền giám sát, kiểm tra, thanh tra, kiểm toán đối với hoạt động đấu thầu;"
395e744f-5dc1-467a-a1a4-5173f2b1d1f2,download.pdf,N/A,general,917,"c) Cản trở cơ quan có thẩm quyền giám sát, kiểm tra, thanh tra, kiểm toán đối với hoạt động đấu thầu;

d) Cố tình khiếu nại, tố cáo, kiến nghị sai sự thật để cản trở hoạt động đấu thầu;

đ) Có hành vi vi phạm pháp luật về an toàn, an ninh mạng nhằm can thiệp, cản trở việc đấu thầu qua mạng.

6. Không bảo đảm công bằng, minh bạch bao gồm các hành vi sau đây:

a) Tham dự thầu với tư cách là nhà thầu, nhà đầu tư đối với gói thầu, dự án đầu tư kinh doanh do mình làm bên mời thầu, chủ đầu tư hoặc thực hiện nhiệm vụ của bên mời thầu, chủ đầu tư không đúng quy định của Luật này;

b) Tham gia lập, đồng thời tham gia thẩm định hồ sơ mời quan tâm, hồ sơ mời sơ tuyển, hồ sơ mời thầu, hồ sơ yêu cầu đối với cùng một gói thầu, dự án đầu tư kinh doanh;

c) Tham gia đánh giá hồ sơ dự thầu, hồ sơ đề xuất đồng thời tham gia thẩm định kết quả lựa chọn nhà thầu, nhà đầu tư đối với cùng một gói thầu, dự án đầu tư kinh doanh;"
c77840e2-cea0-433a-96a2-6c42c8c54f3c,download.pdf,N/A,general,618,"c) Tham gia đánh giá hồ sơ dự thầu, hồ sơ đề xuất đồng thời tham gia thẩm định kết quả lựa chọn nhà thầu, nhà đầu tư đối với cùng một gói thầu, dự án đầu tư kinh doanh;

d) Cá nhân thuộc bên mời thầu, chủ đầu tư trực tiếp tham gia quá trình lựa chọn nhà thầu, nhà đầu tư hoặc tham gia tổ chuyên gia, tổ thẩm định kết quả lựa chọn nhà thầu, nhà đầu tư hoặc là người có thẩm quyền, người đứng đầu chủ đầu tư, bên mời thầu đối với các gói thầu, dự án đầu tư kinh doanh do người có quan hệ gia đình theo quy định của Luật Doanh nghiệp đứng tên dự thầu hoặc là người đại diện hợp pháp của nhà thầu, nhà đầu tư tham dự thầu;"
4f8b2098-edff-411e-8117-d10b7b10db8f,download.pdf,N/A,general,921,"đ) Nhà thầu tham dự thầu gói thầu mua sắm hàng hóa, xây lắp, phi tư vấn do nhà thầu đó cung cấp dịch vụ tư vấn: lập, thẩm tra, thẩm định dự toán, thiết kế kỹ thuật, thiết kế bản vẽ thi công, thiết kế kỹ thuật tổng thể (thiết kế FEED); lập, thẩm định hồ sơ mời sơ tuyển, hồ sơ mời thầu; đánh giá hồ sơ dự sơ tuyển, hồ sơ dự thầu; kiểm định hàng hóa; thẩm định kết quả lựa chọn nhà thầu; giám sát thực hiện hợp đồng;

e) Đứng tên tham dự thầu gói thầu thuộc dự án, dự án đầu tư kinh doanh do chủ đầu tư, bên mời thầu là cơ quan, tổ chức nơi mình đã công tác và giữ chức vụ lãnh đạo, quản lý trong thời gian 12 tháng kể từ ngày không còn làm việc tại cơ quan, tổ chức đó;

g) Nhà thầu tư vấn giám sát đồng thời thực hiện tư vấn kiểm định đối với gói thầu do nhà thầu đó giám sát;

h) Áp dụng hình thức lựa chọn nhà thầu, nhà đầu tư không phải là hình thức đấu thầu rộng rãi khi không đủ điều kiện theo quy định của Luật này;"
024be103-c982-46c9-8459-cc373e20a3e7,download.pdf,N/A,general,950,"h) Áp dụng hình thức lựa chọn nhà thầu, nhà đầu tư không phải là hình thức đấu thầu rộng rãi khi không đủ điều kiện theo quy định của Luật này;

i) Nêu yêu cầu cụ thể về nhãn hiệu, xuất xứ hàng hóa trong hồ sơ mời thầu đối với gói thầu mua sắm hàng hóa, xây lắp hoặc gói thầu hỗn hợp khi áp dụng hình thức đấu thầu rộng rãi, đấu thầu hạn chế, chào hàng cạnh tranh, trừ trường hợp quy định tại điểm e khoản 3 Điều 10, khoản 2 Điều 44 và khoản 1 Điều 56 của Luật này;

---



1/13/26, 9:03 AM                                  about:blank

k) Nêu điều kiện trong hồ sơ mời thầu nhằm hạn chế sự tham gia của nhà thầu, nhà đầu tư hoặc nhằm tạo lợi thế cho một hoặc một số nhà thầu, nhà đầu tư gây ra sự cạnh tranh không bình đẳng, vi phạm quy định tại khoản 3 Điều 44 và khoản 2 Điều 48 của Luật này;

l) Chia nhỏ dự án, dự toán mua sắm thành các gói thầu nhằm mục đích chỉ định thầu; chia dự án, dự toán mua sắm nhằm hạn chế sự tham gia của các nhà thầu."
6b51cc92-5513-4b05-8ef9-6c2eee2cc795,download.pdf,N/A,general,592,"l) Chia nhỏ dự án, dự toán mua sắm thành các gói thầu nhằm mục đích chỉ định thầu; chia dự án, dự toán mua sắm nhằm hạn chế sự tham gia của các nhà thầu.

7. Tiết lộ những tài liệu, thông tin về quá trình lựa chọn nhà thầu, nhà đầu tư, trừ trường hợp cung cấp thông tin theo quy định tại điểm b khoản 8 và điểm g khoản 9 Điều 77, khoản 11 Điều 78, điểm h khoản 1 Điều 79, khoản 4 Điều 80, khoản 4 Điều 81, khoản 2 Điều 82, điểm b khoản 4 Điều 93 của Luật này, bao gồm:

a) Nội dung hồ sơ mời quan tâm, hồ sơ mời sơ tuyển, hồ sơ mời thầu, hồ sơ yêu cầu trước thời điểm phát hành theo quy định;"
1edc46a5-bf6b-47af-a3d9-98dcacf4f158,download.pdf,N/A,general,971,"b) Nội dung hồ sơ quan tâm, hồ sơ dự sơ tuyển, hồ sơ đăng ký thực hiện dự án đầu tư kinh doanh, hồ sơ dự thầu, hồ sơ đề xuất; nội dung yêu cầu làm rõ hồ sơ quan tâm, hồ sơ dự sơ tuyển, hồ sơ đăng ký thực hiện dự án đầu tư kinh doanh, hồ sơ dự thầu, hồ sơ đề xuất của bên mời thầu và trả lời của nhà thầu, nhà đầu tư trong quá trình đánh giá hồ sơ quan tâm, hồ sơ dự sơ tuyển, hồ sơ đăng ký thực hiện dự án đầu tư kinh doanh, hồ sơ dự thầu, hồ sơ đề xuất; báo cáo của bên mời thầu, báo cáo của tổ chuyên gia, báo cáo thẩm định, báo cáo của nhà thầu tư vấn, báo cáo của cơ quan chuyên môn có liên quan trong quá trình lựa chọn nhà thầu, nhà đầu tư; tài liệu ghi chép, biên bản cuộc họp xét thầu, các ý kiến nhận xét, đánh giá đối với từng hồ sơ quan tâm, hồ sơ dự sơ tuyển, hồ sơ đăng ký thực hiện dự án đầu tư kinh doanh, hồ sơ dự thầu, hồ sơ đề xuất trước khi được công khai theo quy định;

c) Kết quả lựa chọn nhà thầu, nhà đầu tư trước khi được công khai theo quy định;"
e8a9b8f4-b0e1-40a6-a71e-3d323a47d8ab,download.pdf,N/A,general,883,"c) Kết quả lựa chọn nhà thầu, nhà đầu tư trước khi được công khai theo quy định;

d) Các tài liệu khác trong quá trình lựa chọn nhà thầu, nhà đầu tư được xác định chứa nội dung bí mật nhà nước theo quy định của pháp luật.

8. Chuyển nhượng thầu trong trường hợp sau đây:

a) Nhà thầu chuyển nhượng cho nhà thầu khác phần công việc thuộc gói thầu ngoài giá trị tối đa dành cho nhà thầu phụ và khối lượng công việc dành cho nhà thầu phụ đặc biệt đã nêu trong hợp đồng;

b) Nhà thầu chuyển nhượng cho nhà thầu khác phần công việc thuộc gói thầu chưa vượt mức tối đa giá trị công việc dành cho nhà thầu phụ nêu trong hợp đồng nhưng ngoài phạm vi công việc dành cho nhà thầu phụ đã đề xuất trong hồ sơ dự thầu, hồ sơ đề xuất mà không được chủ đầu tư, tư vấn giám sát chấp thuận;

c) Chủ đầu tư, tư vấn giám sát chấp thuận để nhà thầu chuyển nhượng công việc quy định tại điểm a khoản này;"
b8e40308-e374-4f89-9403-12f013edac91,download.pdf,N/A,general,407,"c) Chủ đầu tư, tư vấn giám sát chấp thuận để nhà thầu chuyển nhượng công việc quy định tại điểm a khoản này;

d) Chủ đầu tư, tư vấn giám sát chấp thuận để nhà thầu chuyển nhượng công việc quy định tại điểm b khoản này mà vượt mức tối đa giá trị công việc dành cho nhà thầu phụ nêu trong hợp đồng.

9. Tổ chức lựa chọn nhà thầu khi chưa xác định được nguồn vốn theo quy định tại khoản 3 Điều 39 của Luật này."
c1302b42-8cca-4563-b27b-1fcd4994b96f,download.pdf,N/A,general,988,"## Điều 17. Hủy thầu

1. Các trường hợp hủy thầu đối với lựa chọn nhà thầu bao gồm:

a) Tất cả hồ sơ quan tâm, hồ sơ dự sơ tuyển, hồ sơ dự thầu, hồ sơ đề xuất không đáp ứng được các yêu cầu của hồ sơ mời quan tâm, hồ sơ mời sơ tuyển, hồ sơ mời thầu, hồ sơ yêu cầu;

b) Thay đổi về mục tiêu, phạm vi đầu tư trong quyết định đầu tư đã được phê duyệt làm thay đổi khối lượng công việc, tiêu chuẩn đánh giá đã ghi trong hồ sơ mời quan tâm, hồ sơ mời sơ tuyển, hồ sơ mời thầu, hồ sơ

about:blank                                                                                               16/61


---



1/13/26, 9:03 AM                                      about:blank

yêu cầu;

c) Hồ sơ mời quan tâm, hồ sơ mời sơ tuyển, hồ sơ mời thầu, hồ sơ yêu cầu không tuân thủ quy định của Luật này, quy định khác của pháp luật có liên quan dẫn đến nhà thầu được lựa chọn không đáp ứng yêu cầu để thực hiện gói thầu;

d) Nhà thầu trúng thầu thực hiện hành vi bị cấm quy định tại Điều 16 của Luật này;"
925d6c6c-1486-415f-9303-6fecbad7f1f1,download.pdf,N/A,general,917,"d) Nhà thầu trúng thầu thực hiện hành vi bị cấm quy định tại Điều 16 của Luật này;

đ) Tổ chức, cá nhân khác ngoài nhà thầu trúng thầu thực hiện hành vi bị cấm quy định tại Điều 16 của Luật này dẫn đến sai lệch kết quả lựa chọn nhà thầu.

2. Các trường hợp hủy thầu đối với lựa chọn nhà đầu tư bao gồm:

a) Tất cả hồ sơ dự thầu không đáp ứng được các yêu cầu của hồ sơ mời thầu;

b) Thay đổi mục tiêu, quy mô, địa điểm, vốn đầu tư, thời hạn thực hiện dự án đầu tư kinh doanh vì lý do bất khả kháng, làm thay đổi tiêu chuẩn đánh giá trong hồ sơ mời thầu đã phát hành;

c) Hồ sơ mời thầu có một hoặc một số nội dung không tuân thủ quy định của Luật này, quy định khác của pháp luật có liên quan dẫn đến sai lệch kết quả lựa chọn nhà đầu tư hoặc nhà đầu tư được lựa chọn không còn đáp ứng yêu cầu để thực hiện dự án đầu tư kinh doanh;

d) Nhà đầu tư trúng thầu thực hiện hành vi bị cấm quy định tại Điều 16 của Luật này;"
b4e24d92-9399-4ecd-9e02-555877f05b26,download.pdf,N/A,general,642,"d) Nhà đầu tư trúng thầu thực hiện hành vi bị cấm quy định tại Điều 16 của Luật này;

đ) Tổ chức, cá nhân khác ngoài nhà đầu tư trúng thầu thực hiện hành vi bị cấm quy định tại Điều 16 của Luật này dẫn đến sai lệch kết quả lựa chọn nhà đầu tư.

3. Hủy thầu được thực hiện trong thời gian từ ngày phát hành hồ sơ mời sơ tuyển, hồ sơ mời quan tâm, hồ sơ mời thầu, hồ sơ yêu cầu đến trước khi ký kết hợp đồng, thỏa thuận khung đối với mua sắm tập trung.

4. Tổ chức, cá nhân vi phạm quy định của pháp luật dẫn đến hủy thầu theo quy định tại các điểm c, d, đ khoản 1 và các điểm c, d, đ khoản 2 Điều này phải đền bù chi phí cho các bên liên quan."
49bd6e8a-e096-40d7-b027-5cb5ce04a638,download.pdf,N/A,general,1104,"## Điều 18. Đình chỉ cuộc thầu, không công nhận kết quả lựa chọn nhà thầu, nhà đầu tư

1. Khi có bằng chứng tổ chức, cá nhân tham gia hoạt động đấu thầu có hành vi quy định tại Điều 16 của Luật này hoặc hành vi vi phạm quy định của pháp luật có liên quan dẫn đến không bảo đảm cạnh tranh, công bằng, minh bạch và hiệu quả kinh tế hoặc làm sai lệch kết quả lựa chọn nhà thầu, nhà đầu tư thì người có thẩm quyền thực hiện một hoặc một số biện pháp sau đây:

a) Đình chỉ cuộc thầu để tạm dừng các hoạt động lựa chọn nhà thầu, nhà đầu tư nhằm khắc phục ngay vi phạm đã xảy ra. Đình chỉ cuộc thầu được thực hiện trong quá trình tổ chức lựa chọn nhà thầu, nhà đầu tư cho đến trước khi phê duyệt kết quả lựa chọn nhà thầu, nhà đầu tư;

b) Không công nhận kết quả lựa chọn nhà thầu, nhà đầu tư trong quá trình tổ chức lựa chọn nhà thầu, nhà đầu tư và quá trình thực hiện hợp đồng;

c) Xử lý vi phạm trong đấu thầu theo quy định tại Điều 87 của Luật này.

2. Văn bản đình chỉ, không công nhận kết quả lựa chọn nhà thầu, nhà đầu tư phải nêu rõ lý do, nội dung, biện pháp và thời gian khắc phục vi phạm về đấu thầu."
fbd45451-6e06-433f-b924-838d244c1682,download.pdf,N/A,general,734,"## Điều 19. Tổ chuyên gia, tổ thẩm định

1. Tổ chuyên gia gồm các cá nhân có năng lực, kinh nghiệm được chủ đầu tư hoặc đơn vị tư vấn đấu thầu đối với lựa chọn nhà thầu, bên mời thầu đối với lựa chọn nhà đầu tư thành lập hoặc giao nhiệm vụ để thực

about:blank                                                                                             17/61


---



1/13/26, 9:03 AM                                    about:blank

hiện một hoặc các công việc: lập hồ sơ mời quan tâm, hồ sơ mời sơ tuyển, hồ sơ mời thầu, hồ sơ yêu cầu; đánh giá hồ sơ quan tâm, hồ sơ dự sơ tuyển, hồ sơ dự thầu, hồ sơ đề xuất, hồ sơ đăng ký thực hiện dự án đầu tư kinh doanh; thực hiện các nhiệm vụ khác trong quá trình lựa chọn nhà thầu, nhà đầu tư."
96ebdbab-5b10-4085-8925-5980a1400bef,download.pdf,N/A,general,755,"2. Tổ thẩm định gồm các cá nhân có năng lực, kinh nghiệm được người có thẩm quyền, chủ đầu tư hoặc đơn vị tư vấn đấu thầu thành lập hoặc giao nhiệm vụ để kiểm tra, xem xét sự phù hợp với quy định của pháp luật đối với một hoặc các nội dung: kế hoạch tổng thể lựa chọn nhà thầu, kế hoạch lựa chọn nhà thầu; hồ sơ mời quan tâm, hồ sơ mời sơ tuyển, hồ sơ mời thầu, hồ sơ yêu cầu và kết quả mời quan tâm, kết quả sơ tuyển, kết quả lựa chọn nhà thầu, nhà đầu tư.

3. Thành viên tổ chuyên gia, tổ thẩm định phải có tối thiểu 03 năm công tác thuộc một trong các lĩnh vực liên quan đến nội dung pháp lý, kỹ thuật, tài chính của gói thầu, dự án đầu tư kinh doanh.

4. Chính phủ quy định chi tiết về năng lực, kinh nghiệm của thành viên tổ chuyên gia, tổ thẩm định."
60299e85-76cb-4763-a2dd-a7fd764f547c,download.pdf,N/A,general,14,"## Chương II

"
5406d868-954b-4d26-9214-656fe8968759,download.pdf,N/A,general,58,"### HÌNH THỨC, PHƯƠNG THỨC LỰA CHỌN NHÀ THẦU, NHÀ ĐẦU TƯ

"
e8792099-218a-4610-a666-9814e2608aee,download.pdf,N/A,general,40,"### Mục 1. HÌNH THỨC LỰA CHỌN NHÀ THẦU

"
a433e359-8e6d-43cf-90e7-76488ea53f59,download.pdf,N/A,general,681,"### Điều 20. Các hình thức lựa chọn nhà thầu

1. Các hình thức lựa chọn nhà thầu bao gồm:

a) Đấu thầu rộng rãi;

b) Đấu thầu hạn chế;

c) Chỉ định thầu;

d) Chào hàng cạnh tranh;

đ) Mua sắm trực tiếp;

e) Tự thực hiện;

g) Tham gia thực hiện của cộng đồng;

h) Đàm phán giá;

i) Lựa chọn nhà thầu trong trường hợp đặc biệt.

2. Trường hợp phát sinh hình thức lựa chọn nhà thầu khác quy định tại khoản 1 Điều này, có tính ưu việt, sử dụng phương tiện điện tử tiến bộ, hiện đại, Chính phủ quy định về hình thức, quy trình, đối tượng phù hợp với tính năng mới của Hệ thống mạng đấu thầu quốc gia, bảo đảm mục tiêu cạnh tranh, công bằng, minh bạch và hiệu quả kinh tế trong đấu thầu."
f6cef606-4280-4ed0-b89b-2d21b4d3de45,download.pdf,N/A,general,696,"### Điều 21. Đấu thầu rộng rãi

1. Đấu thầu rộng rãi là hình thức lựa chọn nhà thầu trong đó không hạn chế số lượng nhà thầu tham dự.

2. Đấu thầu rộng rãi được áp dụng đối với tất cả các gói thầu, trừ trường hợp quy định tại các điều 22, 23, 24, 25, 26, 27, 28 và 29 của Luật này. Trường hợp không đấu thầu rộng rãi, văn bản trình duyệt kế hoạch lựa chọn nhà thầu phải nêu rõ lý do không thực hiện đấu thầu rộng rãi; người có thẩm quyền quyết định và chịu trách nhiệm về việc không áp dụng đấu thầu rộng rãi.

about:blank                                                                                                18/61


---



1/13/26, 9:03 AM                                    about:blank"
b008c155-36f7-4be2-8bec-0884f1eb1ad7,download.pdf,N/A,general,444,"## Điều 22. Đấu thầu hạn chế

Đấu thầu hạn chế là hình thức lựa chọn nhà thầu trong đó chỉ có một số nhà thầu đáp ứng yêu cầu của gói thầu được mời tham dự thầu, áp dụng trong các trường hợp sau đây:

1. Gói thầu có yêu cầu cao về kỹ thuật hoặc kỹ thuật có tính đặc thù mà chỉ có một số nhà thầu đáp ứng yêu cầu của gói thầu;

2. Nhà tài trợ vốn cho dự án, gói thầu có yêu cầu đấu thầu hạn chế trong điều ước quốc tế, thỏa thuận vay nước ngoài."
1ab1d821-0c88-46a9-815b-519f25fe5355,download.pdf,N/A,general,572,"## Điều 23. Chỉ định thầu

1. Chỉ định thầu được áp dụng trong các trường hợp sau đây:

a) Gói thầu cấp bách cần triển khai nhằm mục tiêu bảo vệ chủ quyền, an ninh quốc gia; gói thầu cần thực hiện để khắc phục ngay hoặc để xử lý kịp thời hậu quả gây ra do thiên tai, hỏa hoạn, tai nạn bất ngờ, sự cố, thảm họa hoặc sự kiện bất khả kháng khác;

b) Gói thầu cung cấp dịch vụ tư vấn, phi tư vấn, hàng hóa, xây lắp cần triển khai ngay để tránh gây nguy hại đến tính mạng và tài sản của cộng đồng dân cư trên địa bàn hoặc để không ảnh hưởng nghiêm trọng đến công trình liền kề;"
51f115bb-d7dd-4d24-ad15-2806175fc193,download.pdf,N/A,general,781,"c) Gói thầu cung cấp dịch vụ tư vấn, phi tư vấn, thuốc, hóa chất, vật tư xét nghiệm, thiết bị y tế, linh kiện, phụ kiện, phương tiện, xây lắp cần triển khai ngay để phục vụ công tác phòng, chống dịch bệnh hoặc duy trì hoạt động của cơ sở khám bệnh, chữa bệnh trong trường hợp cấp bách, tránh gây nguy hại đến tính mạng, sức khỏe người dân; gói thầu mua thuốc, hóa chất, vật tư xét nghiệm, thiết bị y tế, linh kiện, phụ kiện để cấp cứu người bệnh trong tình trạng cấp cứu theo quy định của Luật Khám bệnh, chữa bệnh trong trường hợp cơ sở khám bệnh, chữa bệnh không có đủ thuốc, hóa chất, vật tư xét nghiệm, thiết bị y tế, linh kiện, phụ kiện; gói thầu mua thuốc, thiết bị y tế chỉ có duy nhất một hãng sản xuất trên thị trường;

d) Gói thầu cần thực hiện để bảo vệ bí mật nhà nước;"
2c61986a-f659-4ae4-b9f5-2fa1c3e1bfc0,download.pdf,N/A,general,816,"d) Gói thầu cần thực hiện để bảo vệ bí mật nhà nước;

đ) Gói thầu cung cấp dịch vụ tư vấn phải mua từ nhà thầu đã thực hiện trước đó do cần bảo đảm tính tương thích về công nghệ, bản quyền mà không thể mua được từ nhà thầu khác; gói thầu mua sắm hàng hóa, dịch vụ phi tư vấn phải mua từ nhà thầu đã thực hiện trước đó hoặc từ hãng sản xuất, đại lý của hãng sản xuất do cần bảo đảm tính tương thích về công nghệ, bản quyền với các trang thiết bị, máy móc, phần mềm, dịch vụ sẵn có hoặc do các điều kiện bảo hành của nhà thầu, hãng sản xuất mà không thể mua được từ nhà thầu khác, hãng sản xuất khác;

e) Gói thầu có tính chất nghiên cứu, thử nghiệm, mua bản quyền sở hữu trí tuệ, mua bản quyền chương trình phát sóng; gói thầu vận chuyển hàng dự trữ quốc gia để cứu trợ, viện trợ trong trường hợp phải giao hàng ngay;"
0e011b8c-429f-44b6-91e8-78588658fb41,download.pdf,N/A,general,962,"g) Gói thầu cung cấp dịch vụ tư vấn lập báo cáo nghiên cứu khả thi, thiết kế xây dựng được chỉ định cho tác giả của phương án kiến trúc trúng tuyển khi tác giả đó có đủ điều kiện năng lực theo quy định của pháp luật về xây dựng; gói thầu thi công xây dựng, phục chế tượng đài, phù điêu, tranh hoành tráng, tác phẩm nghệ thuật gắn với quyền tác giả từ khâu sáng tác đến thi công công trình; gói thầu cung cấp dịch vụ tư vấn lập quy hoạch xây dựng được chỉ định cho tác giả của ý tưởng hoặc đồ án quy hoạch xây dựng đã trúng tuyển thông qua thi tuyển;

h) Gói thầu tư vấn, thi công di dời các công trình hạ tầng kỹ thuật để phục vụ công tác giải phóng mặt bằng; gói thầu tư vấn, rà phá bom, mìn, vật nổ để chuẩn bị mặt bằng thi công;

i) Gói thầu chỉ có duy nhất một nhà thầu thực hiện được trên thị trường do yêu cầu về giải pháp công nghệ;

about:blank                                                                                                   19/61


---"
6954f05c-dd2d-4c08-804c-d23f895a2b9a,download.pdf,N/A,general,696,"about:blank                                                                                                   19/61


---



1/13/26, 9:03 AM                                       about:blank

k) Gói thầu thuộc dự án quan trọng quốc gia được áp dụng hình thức chỉ định thầu theo Nghị quyết của Quốc hội khi quyết định chủ trương đầu tư dự án;

l) Gói thầu thuê kho lưu giữ hàng tạm giữ; gói thầu thuê vận chuyển, bốc xếp hàng tạm giữ tại các cảng biển, địa điểm kiểm tra hàng hóa tập trung trong trường hợp chỉ có duy nhất một đơn vị cung cấp dịch vụ trong cảng; gói thầu nhập khẩu vũ khí thể thao phục vụ các câu lạc bộ, trường, trung tâm đào tạo huấn luyện thể thao tập luyện, thi đấu hằng năm;"
f804d37f-67c4-480d-bcf9-328ff92e02d2,download.pdf,N/A,general,651,"m) Gói thầu thuộc dự toán mua sắm có giá gói thầu trong hạn mức từ trên 50 triệu đồng đến 100 triệu đồng; gói thầu thuộc dự án đầu tư của doanh nghiệp nhà nước, doanh nghiệp do doanh nghiệp nhà nước nắm giữ 100% vốn điều lệ và dự án đầu tư theo Luật Đầu tư công, bao gồm: gói thầu cung cấp dịch vụ tư vấn có giá gói thầu trong hạn mức không quá 500 triệu đồng, gói thầu phi tư vấn, hàng hóa, xây lắp, hỗn hợp có giá gói thầu trong hạn mức không quá 01 tỷ đồng.

Trường hợp cần điều chỉnh hạn mức quy định tại điểm này để phù hợp với điều kiện kinh tế - xã hội và yêu cầu quản lý nhà nước, Chính phủ trình Ủy ban Thường vụ Quốc hội xem xét, quyết định."
31426497-225f-4694-b2f2-8b3ff5da60c9,download.pdf,N/A,general,965,"Trường hợp cần điều chỉnh hạn mức quy định tại điểm này để phù hợp với điều kiện kinh tế - xã hội và yêu cầu quản lý nhà nước, Chính phủ trình Ủy ban Thường vụ Quốc hội xem xét, quyết định.

2. Đối với gói thầu quy định tại các điểm a, b và c khoản 1 Điều này, chủ đầu tư quyết định, chịu trách nhiệm việc chỉ định thầu theo quy trình rút gọn cho nhà thầu có năng lực, kinh nghiệm để thực hiện ngay gói thầu. Trong thời hạn 15 ngày kể từ ngày bắt đầu thực hiện gói thầu, các bên phải hoàn thiện thủ tục chỉ định thầu bao gồm các bước sau: chuẩn bị và gửi dự thảo hợp đồng cho nhà thầu; hoàn thiện hợp đồng; trình, phê duyệt và công khai kết quả lựa chọn nhà thầu; ký kết và quản lý thực hiện hợp đồng.

3. Việc thực hiện chỉ định thầu đối với gói thầu quy định tại các điểm d, đ, e, g, h, i, k, l và m khoản 1 Điều này phải đáp ứng đủ các điều kiện sau đây:

a) Có quyết định đầu tư được phê duyệt đối với dự án, trừ gói thầu tư vấn phục vụ công tác chuẩn bị dự án;"
57dc7be8-8f10-459c-8fd7-e67a9b268947,download.pdf,N/A,general,933,"a) Có quyết định đầu tư được phê duyệt đối với dự án, trừ gói thầu tư vấn phục vụ công tác chuẩn bị dự án;

b) Có kế hoạch lựa chọn nhà thầu được phê duyệt;

c) Đã được bố trí vốn để thực hiện gói thầu;

d) Có dự toán được phê duyệt theo quy định, trừ gói thầu EP, EC, EPC, gói thầu chìa khóa trao tay.

4. Đối với gói thầu hoặc nội dung mua sắm có giá không quá 50 triệu đồng, thủ trưởng cơ quan, đơn vị mua sắm chịu trách nhiệm quyết định việc mua sắm bảo đảm tiết kiệm, hiệu quả và tự chịu trách nhiệm về quyết định của mình mà không phải lập, thẩm định, phê duyệt kế hoạch lựa chọn nhà thầu, dự toán gói thầu, không phải ký hợp đồng với nhà cung cấp nhưng phải bảo đảm chế độ hóa đơn, chứng từ đầy đủ theo quy định của pháp luật.

5. Việc chỉ định thầu phải được thực hiện trong thời hạn không quá 45 ngày kể từ ngày phê duyệt hồ sơ yêu cầu đến ngày ký kết hợp đồng; trường hợp gói thầu có quy mô lớn, phức tạp không quá 90 ngày."
fb65db28-c50a-47a1-9d6d-52a4b1b0cb02,download.pdf,N/A,general,968,"5. Việc chỉ định thầu phải được thực hiện trong thời hạn không quá 45 ngày kể từ ngày phê duyệt hồ sơ yêu cầu đến ngày ký kết hợp đồng; trường hợp gói thầu có quy mô lớn, phức tạp không quá 90 ngày.

6. Trường hợp gói thầu quy định tại khoản 1 Điều này đáp ứng điều kiện chỉ định thầu quy định tại khoản 3 Điều này nhưng vẫn có thể áp dụng các hình thức lựa chọn nhà thầu khác quy định tại các điều 21, 22, 24 và 25 của Luật này thì khuyến khích người có thẩm quyền quyết định áp dụng hình thức khác để lựa chọn nhà thầu.

7. Chính phủ quy định chi tiết điểm c khoản 1 Điều này.

**Điều 24. Chào hàng cạnh tranh**

Chào hàng cạnh tranh được áp dụng đối với gói thầu có giá gói thầu không quá 05 tỷ đồng thuộc một trong các trường hợp sau đây:

1. Gói thầu dịch vụ phi tư vấn thông dụng, đơn giản;

about:blank                                                                                            20/61


---



1/13/26, 9:03 AM                         about:blank"
cf1d864d-c513-4bc9-ac4d-3d59377955e2,download.pdf,N/A,general,516,"about:blank                                                                                            20/61


---



1/13/26, 9:03 AM                         about:blank

2. Gói thầu mua sắm hàng hóa thông dụng, sẵn có trên thị trường với đặc tính kỹ thuật được tiêu chuẩn hóa và tương đương nhau về chất lượng;

3. Gói thầu xây lắp công trình đơn giản đã có thiết kế bản vẽ thi công được phê duyệt;

4. Gói thầu hỗn hợp cung cấp hàng hóa và xây lắp, trong đó nội dung xây lắp đáp ứng quy định tại khoản 3 Điều này."
0bbb3d91-6c1f-4c8f-9c52-623234ac7742,download.pdf,N/A,general,951,"## Điều 25. Mua sắm trực tiếp

1. Mua sắm trực tiếp được áp dụng đối với gói thầu mua sắm hàng hóa tương tự thuộc dự án, dự toán mua sắm của cùng một chủ đầu tư hoặc chủ đầu tư khác và đáp ứng quy định tại khoản 2 Điều này.

2. Mua sắm trực tiếp được thực hiện khi đáp ứng đủ các điều kiện sau đây:

a) Nhà thầu đã trúng thầu thông qua đấu thầu rộng rãi hoặc đấu thầu hạn chế và đã ký hợp đồng thực hiện gói thầu trước đó;

b) Chủ đầu tư chỉ được áp dụng mua sắm trực tiếp một lần đối với các loại hàng hóa thuộc gói thầu và khối lượng từng hạng mục công việc nhỏ hơn 130% so với khối lượng hạng mục tương ứng thuộc gói thầu đã ký hợp đồng trước đó, không bao gồm khối lượng của tùy chọn mua thêm (nếu có);

c) Đơn giá của các phần việc thuộc gói thầu áp dụng mua sắm trực tiếp không được vượt đơn giá của các phần việc tương ứng thuộc gói thầu tương tự đã ký hợp đồng trước đó, đồng thời, phù hợp với giá thị trường tại thời điểm hoàn thiện hợp đồng;"
bf40564c-0233-4c03-bd93-b16e6440d5fc,download.pdf,N/A,general,431,"d) Thời gian từ khi ký hợp đồng của gói thầu trước đó đến ngày phê duyệt kết quả mua sắm trực tiếp không quá 12 tháng.

3. Trường hợp nhà thầu thực hiện hợp đồng trước đó không có khả năng tiếp tục thực hiện gói thầu mua sắm trực tiếp thì được áp dụng mua sắm trực tiếp đối với nhà thầu khác nếu nhà thầu đó đáp ứng đủ các yêu cầu về năng lực, kinh nghiệm, kỹ thuật và giá theo hồ sơ mời thầu và kết quả lựa chọn nhà thầu trước đó."
1c8f45ba-bac9-4a89-861a-fba2988754f9,download.pdf,N/A,general,823,"## Điều 26. Tự thực hiện

1. Chủ đầu tư trực tiếp quản lý, sử dụng gói thầu được tự thực hiện gói thầu thuộc dự án, dự toán mua sắm khi đáp ứng đủ các điều kiện sau đây:

a) Có chức năng, nhiệm vụ, lĩnh vực hoạt động hoặc ngành, nghề kinh doanh phù hợp với yêu cầu của gói thầu;

b) Có năng lực kỹ thuật, tài chính và kinh nghiệm đáp ứng yêu cầu của gói thầu;

c) Có phương án khả thi huy động nhân sự, máy móc, thiết bị đáp ứng yêu cầu về tiến độ thực hiện gói thầu.

2. Chủ đầu tư trực tiếp tự thực hiện gói thầu hoặc giao đơn vị hạch toán phụ thuộc, phòng, ban thuộc tổ chức đó thực hiện.

3. Tổ chức, đơn vị quy định tại khoản 2 Điều này không được chuyển nhượng cho tổ chức, cá nhân khác khối lượng công việc có giá trị từ 10% trở lên hoặc trên 50 tỷ đồng tính trên giá trị công việc quy định tại thỏa thuận giao việc."
a9804ed5-9253-4424-ba91-09789ba227b1,download.pdf,N/A,general,495,"## Điều 27. Tham gia thực hiện của cộng đồng

Cộng đồng dân cư, tổ, nhóm thợ đủ năng lực tại địa phương nơi có gói thầu được giao thực hiện toàn bộ hoặc một phần gói thầu thuộc chương trình mục tiêu quốc gia, chương trình đầu tư công mà Nhà nước và

about:blank                                                                                                 21/61


---



1/13/26, 9:03 AM                                      about:blank

Nhân dân cùng làm có giá gói thầu không quá 05 tỷ đồng."
f9b47039-1b3a-4805-bd2e-a854fff00a0c,download.pdf,N/A,general,476,"## Điều 28. Đàm phán giá

1. Đàm phán giá được áp dụng đối với các gói thầu sau đây:

a) Mua biệt dược gốc, sinh phẩm tham chiếu;

b) Mua thuốc, thiết bị y tế, vật tư xét nghiệm chỉ có 01 hoặc 02 hãng sản xuất.

2. Bộ trưởng Bộ Y tế quyết định việc áp dụng hình thức đàm phán giá, ban hành danh mục thuốc, thiết bị y tế, vật tư xét nghiệm được áp dụng hình thức đàm phán giá và quy định quy trình, thủ tục lựa chọn nhà thầu đối với các gói thầu áp dụng hình thức đàm phán giá."
725bf2ac-9a06-42b0-9438-ebc1f7b0b64e,download.pdf,N/A,general,772,"## Điều 29. Lựa chọn nhà thầu trong trường hợp đặc biệt

1. Việc lựa chọn nhà thầu trong trường hợp đặc biệt được áp dụng đối với các gói thầu không thể lựa chọn nhà thầu theo quy định tại các điều 21, 22, 23, 24, 25, 26, 27 và 28 của Luật này, bao gồm:

a) Gói thầu mua thuốc, vắc xin trong quá trình thử nghiệm, có yêu cầu đặc thù của nhà sản xuất về điều kiện mua, thanh toán, bảo lãnh, bảo đảm và điều kiện khác trong quá trình thực hiện hợp đồng;

b) Gói thầu mua thuốc, vắc xin, thiết bị y tế thông qua các tổ chức quốc tế;

c) Gói thầu có yêu cầu bảo đảm quốc phòng, an ninh, đối ngoại, biên giới lãnh thổ;

d) Lựa chọn luật sư cung cấp dịch vụ pháp lý để bảo vệ quyền và lợi ích của Nhà nước Việt Nam, cơ quan nhà nước tại cơ quan tài phán nước ngoài hoặc quốc tế;"
aaa457fd-fd14-452d-942b-4d5e33809a3b,download.pdf,N/A,general,946,"d) Lựa chọn luật sư cung cấp dịch vụ pháp lý để bảo vệ quyền và lợi ích của Nhà nước Việt Nam, cơ quan nhà nước tại cơ quan tài phán nước ngoài hoặc quốc tế;

đ) Gói thầu về đào tạo chuyên sâu cho cơ quan nhà nước, đơn vị sự nghiệp công lập do cơ sở đào tạo nước ngoài trực tiếp thực hiện tại nước ngoài; mua vé máy bay cho đoàn đi công tác trong nước và quốc tế; gói thầu đào tạo, bồi dưỡng nghiệp vụ chuyên ngành đặc thù cho cán bộ, công chức do cần thiết phải mời cơ quan, đơn vị có thẩm quyền hoặc có chức năng, nhiệm vụ đào tạo chuyên môn được cơ quan có thẩm quyền giao;

e) Gói thầu thực hiện nhiệm vụ chính trị do Đảng và Nhà nước giao, bao gồm: tuyên truyền trên báo in, báo điện tử, đài phát thanh, truyền hình và phương tiện thông tin đại chúng khác trong trường hợp cơ quan, đơn vị được giao kinh phí tuyên truyền trực tiếp ký hợp đồng với các cơ quan này để thực hiện; tổ chức chương trình nghệ thuật đặc biệt; hợp tác sản xuất phim;"
555f3192-3e8b-4c23-b053-94943056c3b6,download.pdf,N/A,general,993,"g) Gói thầu sản xuất và lắp đặt sân khấu phục vụ sản xuất chương trình phát sóng gắn liền với ý tưởng thực hiện; thuê địa điểm để tổ chức sản xuất, ghi hình chương trình mang tính nghệ thuật cao;

h) Gói thầu cung cấp dịch vụ in ấn, cung cấp tem, biên lai, niêm phong theo quy định của pháp luật về quản lý thuế, hải quan; gói thầu mua chó nghiệp vụ, đào tạo chó nghiệp vụ, mua ma túy, chất nổ, mẫu tẩm nguồn hơi ma túy, chất nổ để huấn luyện chó nghiệp vụ;

i) Trường hợp dự án, gói thầu có điều kiện đặc thù về quy trình, thủ tục, tiêu chí lựa chọn nhà thầu, điều kiện ký kết và thực hiện hợp đồng không thuộc quy định tại các điểm a, b, c, d, đ, e, g và h khoản này, Chính phủ trình Ủy ban Thường vụ Quốc hội quyết định việc bổ sung trường hợp áp dụng hình thức lựa chọn nhà thầu trong trường hợp đặc biệt.

2. Thẩm quyền quyết định lựa chọn nhà thầu trong trường hợp đặc biệt được quy định như sau:

a) Thủ tướng Chính phủ quyết định lựa chọn nhà thầu quy định tại điểm c khoản 1 Điều này;"
cd93d3b6-ceca-4839-a88a-253ee5390d05,download.pdf,N/A,general,954,"2. Thẩm quyền quyết định lựa chọn nhà thầu trong trường hợp đặc biệt được quy định như sau:

a) Thủ tướng Chính phủ quyết định lựa chọn nhà thầu quy định tại điểm c khoản 1 Điều này;

about:blank                                                                                               22/61


---



1/13/26, 9:03 AM                                about:blank

b) Bộ trưởng Bộ Y tế quyết định và chịu trách nhiệm về việc lựa chọn nhà thầu quy định tại điểm a và điểm b khoản 1 Điều này;

c) Bộ trưởng, Thủ trưởng cơ quan ngang Bộ, cơ quan thuộc Chính phủ, cơ quan khác ở Trung ương, Chủ tịch Ủy ban nhân dân cấp tỉnh quyết định và chịu trách nhiệm về việc lựa chọn nhà thầu quy định tại các điểm d, đ, e, g và h khoản 1 Điều này.

3. Văn bản đề nghị phê duyệt phương án lựa chọn nhà thầu trong trường hợp đặc biệt phải nêu rõ lý do không thể đáp ứng điều kiện về lựa chọn nhà thầu quy định tại các điều 21, 22, 23, 24, 25, 26, 27 và 28 của Luật này."
845a25c8-57f5-4a2d-8ee2-3b3d4e9bb461,download.pdf,N/A,general,108,"4. Chính phủ quy định chi tiết hồ sơ, quy trình, thủ tục lựa chọn nhà thầu trong trường hợp đặc biệt.Bổ sung"
feb85b72-5b62-425a-869d-b58683ca5469,download.pdf,N/A,general,41,"## Mục 2. PHƯƠNG THỨC LỰA CHỌN NHÀ THẦU

"
27e7c0f0-6176-487e-acfd-feae6f5eeaf4,download.pdf,N/A,general,872,"### Điều 30. Phương thức một giai đoạn một túi hồ sơ

1. Phương thức một giai đoạn một túi hồ sơ được áp dụng trong các trường hợp sau đây:

a) Đấu thầu rộng rãi, đấu thầu hạn chế đối với gói thầu cung cấp dịch vụ phi tư vấn, mua sắm hàng hóa, xây lắp, hỗn hợp, trừ trường hợp quy định tại điểm b khoản 1 Điều 31 của Luật này;

b) Chào hàng cạnh tranh đối với gói thầu cung cấp dịch vụ phi tư vấn, mua sắm hàng hóa, xây lắp, gói thầu hỗn hợp cung cấp hàng hóa và xây lắp;

c) Chỉ định thầu đối với gói thầu cung cấp dịch vụ tư vấn, dịch vụ phi tư vấn, mua sắm hàng hóa, xây lắp, hỗn hợp;

d) Mua sắm trực tiếp đối với gói thầu mua sắm hàng hóa.

2. Nhà thầu nộp hồ sơ dự thầu, hồ sơ đề xuất gồm đề xuất về kỹ thuật và đề xuất về tài chính theo yêu cầu của hồ sơ mời thầu, hồ sơ yêu cầu.

3. Việc mở thầu được tiến hành một lần đối với toàn bộ hồ sơ dự thầu, hồ sơ đề xuất."
905a76d1-ab8b-47f3-89c2-1ee5aac72508,download.pdf,N/A,general,738,"### Điều 31. Phương thức một giai đoạn hai túi hồ sơ

1. Phương thức một giai đoạn hai túi hồ sơ được áp dụng trong các trường hợp sau đây:

a) Đấu thầu rộng rãi, đấu thầu hạn chế đối với gói thầu cung cấp dịch vụ tư vấn;

b) Đấu thầu rộng rãi, đấu thầu hạn chế đối với gói thầu cung cấp dịch vụ phi tư vấn, mua sắm hàng hóa, xây lắp, hỗn hợp đòi hỏi kỹ thuật cao theo quy định của pháp luật về khoa học, công nghệ.

2. Nhà thầu nộp đồng thời hồ sơ đề xuất về kỹ thuật và hồ sơ đề xuất về tài chính riêng biệt theo yêu cầu của hồ sơ mời thầu.

3. Việc mở thầu được tiến hành hai lần. Hồ sơ đề xuất về kỹ thuật sẽ được mở ngay sau thời điểm đóng thầu. Nhà thầu đáp ứng yêu cầu về kỹ thuật sẽ được mở hồ sơ đề xuất về tài chính để đánh giá."
164cf9d4-1d5d-4540-a2e0-ca652235cb66,download.pdf,N/A,general,621,"### Điều 32. Phương thức hai giai đoạn một túi hồ sơ

1. Phương thức hai giai đoạn một túi hồ sơ được áp dụng trong trường hợp đấu thầu rộng rãi, đấu thầu hạn chế đối với gói thầu mua sắm hàng hóa, xây lắp, hỗn hợp mà chưa xác định được chính xác các yêu cầu kỹ thuật cụ thể, đầy đủ cho gói thầu tại thời điểm tổ chức đấu thầu.

about:blank                                                                                              23/61


---



1/13/26, 9:03 AM                                  about:blank
about:blank                                                                                              24/61"
d07873c9-d1fd-47d0-9f6e-92404d4e03f7,download.pdf,N/A,general,821,"---



1/13/26, 9:03 AM                                  about:blank
about:blank                                                                                              24/61

2. Trong giai đoạn một, nhà thầu nộp hồ sơ đề xuất về kỹ thuật không bao gồm giá dự thầu theo yêu cầu của hồ sơ mời thầu căn cứ thiết kế cơ sở hoặc thông số kỹ thuật của gói thầu. Nhà thầu được phép đề xuất phương án thay thế cho nội dung yêu cầu trong hồ sơ mời thầu nhưng phải chào thành phương án riêng cùng với phương án kỹ thuật chính theo yêu cầu của hồ sơ mời thầu. Hồ sơ đề xuất về kỹ thuật sẽ được mở ngay sau thời điểm đóng thầu. Nhà thầu có hồ sơ đề xuất về kỹ thuật đáp ứng yêu cầu của hồ sơ mời thầu giai đoạn một được mời tham dự thầu giai đoạn hai.

3. Trong giai đoạn hai, quy trình lựa chọn nhà thầu được thực hiện như sau:"
f6b16b8d-0a9c-421e-a9c0-53848f5775d5,download.pdf,N/A,general,768,"3. Trong giai đoạn hai, quy trình lựa chọn nhà thầu được thực hiện như sau:

a) Nhà thầu trong danh sách đạt yêu cầu giai đoạn một được mời làm rõ hồ sơ đề xuất về kỹ thuật. Nội dung làm rõ đề xuất về kỹ thuật bao gồm việc chủ đầu tư, bên mời thầu yêu cầu nhà thầu điều chỉnh đề xuất về kỹ thuật giai đoạn một. Nhà thầu được đưa ra ý kiến góp ý về nội dung hồ sơ mời thầu;

b) Trên cơ sở nội dung làm rõ đề xuất về kỹ thuật với từng nhà thầu, hồ sơ mời thầu giai đoạn một được điều chỉnh, bổ sung về chỉ dẫn nhà thầu, tiêu chuẩn đánh giá, yêu cầu kỹ thuật, điều kiện hợp đồng và các nội dung khác để hình thành hồ sơ mời thầu giai đoạn hai, kể cả các sai lệch về kỹ thuật của nhà thầu đã được chấp nhận, đề xuất trong phương án thay thế của nhà thầu đã được chấp nhận;"
d83ce487-8d93-4580-95cb-2d0d60360fdb,download.pdf,N/A,general,339,"c) Nhà thầu nộp hồ sơ dự thầu bao gồm đề xuất về kỹ thuật và đề xuất về tài chính theo yêu cầu của hồ sơ mời thầu giai đoạn hai, trong đó có giá dự thầu và bảo đảm dự thầu trên cơ sở nội dung điều chỉnh đề xuất về kỹ thuật giai đoạn một theo quy định tại điểm a khoản này. Việc mở thầu được tiến hành một lần đối với toàn bộ hồ sơ dự thầu."
6a6b2525-d7fc-463d-8162-c19ed94cf1ee,download.pdf,N/A,general,945,"## Điều 33. Phương thức hai giai đoạn hai túi hồ sơ

1. Phương thức hai giai đoạn hai túi hồ sơ được áp dụng trong trường hợp đấu thầu rộng rãi, đấu thầu hạn chế đối với gói thầu mua sắm hàng hóa, xây lắp, hỗn hợp có kỹ thuật, công nghệ mới, phức tạp, có tính đặc thù mà chưa xác định được chính xác các yêu cầu kỹ thuật cụ thể, đầy đủ cho gói thầu tại thời điểm tổ chức đấu thầu.

2. Trong giai đoạn một, nhà thầu nộp hồ sơ đề xuất về kỹ thuật không bao gồm giá dự thầu theo yêu cầu của hồ sơ mời thầu căn cứ thiết kế cơ sở hoặc thông số kỹ thuật của gói thầu. Nhà thầu được phép đề xuất phương án thay thế cho nội dung yêu cầu trong hồ sơ mời thầu nhưng phải chào thành phương án riêng cùng với phương án kỹ thuật chính theo yêu cầu của hồ sơ mời thầu. Hồ sơ đề xuất về kỹ thuật sẽ được mở ngay sau thời điểm đóng thầu. Nhà thầu có hồ sơ đề xuất về kỹ thuật đáp ứng yêu cầu của hồ sơ mời thầu giai đoạn một được mời tham dự thầu giai đoạn hai."
1bb63ebc-d12a-4522-84ef-4aab12d33e37,download.pdf,N/A,general,768,"3. Trong giai đoạn hai, quy trình lựa chọn nhà thầu được thực hiện như sau:

a) Nhà thầu trong danh sách đạt yêu cầu giai đoạn một được mời làm rõ hồ sơ đề xuất về kỹ thuật. Nội dung làm rõ đề xuất về kỹ thuật bao gồm việc chủ đầu tư, bên mời thầu yêu cầu nhà thầu điều chỉnh đề xuất về kỹ thuật giai đoạn một. Nhà thầu được đưa ra ý kiến góp ý về nội dung hồ sơ mời thầu;

b) Trên cơ sở nội dung làm rõ đề xuất về kỹ thuật với từng nhà thầu, hồ sơ mời thầu giai đoạn một được điều chỉnh, bổ sung về chỉ dẫn nhà thầu, tiêu chuẩn đánh giá, yêu cầu kỹ thuật, điều kiện hợp đồng và các nội dung khác để hình thành hồ sơ mời thầu giai đoạn hai, kể cả các sai lệch về kỹ thuật của nhà thầu đã được chấp nhận, đề xuất trong phương án thay thế của nhà thầu đã được chấp nhận;"
10d04fc0-6790-49eb-832f-bbdfd9323250,download.pdf,N/A,general,685,"c) Nhà thầu nộp hồ sơ dự thầu bao gồm đề xuất về kỹ thuật và đề xuất về tài chính riêng biệt theo yêu cầu của hồ sơ mời thầu giai đoạn hai, trong đó có giá dự thầu và bảo đảm dự thầu. Hồ sơ đề xuất tài chính được chào tương ứng theo phương án đề xuất kỹ thuật chính của nhà thầu; trường hợp nhà thầu chào phương án kỹ thuật thay thế thì phải gửi kèm theo phần đề xuất tài chính cho phương án thay thế này. Việc mở thầu được tiến hành hai lần. Hồ sơ đề xuất về kỹ thuật sẽ được mở ngay sau thời điểm đóng thầu. Nhà thầu đáp ứng yêu cầu về kỹ thuật sẽ được mở hồ sơ đề xuất về tài chính để đánh giá.

---



1/13/26, 9:03 AM                                                    about:blank"
3ff04c73-0b5b-4eed-aacd-2600e74127e3,download.pdf,N/A,general,53,"# Mục 3. HÌNH THỨC, PHƯƠNG THỨC LỰA CHỌN NHÀ ĐẦU TƯ

"
0f93a8be-5105-43cd-b402-4f0915387645,download.pdf,N/A,general,454,"## Điều 34. Hình thức lựa chọn nhà đầu tư

1. Đấu thầu rộng rãi:

Đấu thầu rộng rãi được áp dụng đối với dự án đầu tư kinh doanh mà không hạn chế số lượng nhà đầu tư tham dự.

2. Đấu thầu hạn chế:

Đấu thầu hạn chế được áp dụng đối với dự án đầu tư kinh doanh có yêu cầu cao về kỹ thuật, công nghệ hoặc có tính đặc thù theo quy định của pháp luật quản lý ngành, lĩnh vực mà chỉ có một số nhà đầu tư đáp ứng yêu cầu của dự án được mời tham dự thầu.Bổ sung"
a73807ae-a828-43b0-818b-ff06dcfe4d14,download.pdf,N/A,general,807,"## Điều 35. Phương thức lựa chọn nhà đầu tư

1. Phương thức một giai đoạn một túi hồ sơ:

a) Phương thức một giai đoạn một túi hồ sơ được áp dụng trong trường hợp đấu thầu rộng rãi, đấu thầu hạn chế lựa chọn nhà đầu tư;

b) Nhà đầu tư nộp hồ sơ dự thầu gồm đề xuất về kỹ thuật và đề xuất về tài chính theo yêu cầu của hồ sơ mời thầu;

c) Việc mở thầu được tiến hành một lần đối với toàn bộ hồ sơ dự thầu.

2. Phương thức một giai đoạn hai túi hồ sơ:

a) Phương thức một giai đoạn hai túi hồ sơ được áp dụng trong trường hợp đấu thầu rộng rãi lựa chọn nhà đầu tư đối với dự án đầu tư kinh doanh có yêu cầu công trình kiến trúc có giá trị theo quy định của pháp luật về kiến trúc;

b) Nhà đầu tư nộp đồng thời hồ sơ đề xuất về kỹ thuật và hồ sơ đề xuất về tài chính riêng biệt theo yêu cầu của hồ sơ mời thầu;"
8254c8f0-413f-4ded-81fa-ec75295f3281,download.pdf,N/A,general,714,"b) Nhà đầu tư nộp đồng thời hồ sơ đề xuất về kỹ thuật và hồ sơ đề xuất về tài chính riêng biệt theo yêu cầu của hồ sơ mời thầu;

c) Việc mở thầu được tiến hành hai lần. Hồ sơ đề xuất về kỹ thuật sẽ được mở ngay sau thời điểm đóng thầu. Nhà đầu tư đáp ứng yêu cầu về kỹ thuật sẽ được mở hồ sơ đề xuất về tài chính để đánh giá.

3. Phương thức hai giai đoạn một túi hồ sơ:

Phương thức hai giai đoạn một túi hồ sơ được áp dụng trong trường hợp đấu thầu rộng rãi lựa chọn nhà đầu tư thực hiện dự án đầu tư kinh doanh có yêu cầu đặc thù phát triển kinh tế, xã hội của ngành, vùng, địa phương nhưng chưa xác định được cụ thể tiêu chuẩn về kỹ thuật, kinh tế, xã hội, môi trường.

4. Chính phủ quy định chi tiết Điều này."
788c312a-d684-4274-9b84-d39bf4eaecfb,download.pdf,N/A,general,14,"# Chương III

"
444864d4-7438-4b77-93ff-c19830ff6c21,download.pdf,N/A,general,30,"# KẾ HOẠCH LỰA CHỌN NHÀ THẦU

"
04a43cfb-d8ed-4d67-a0b3-cf9ab08ba9bb,download.pdf,N/A,general,958,"## Điều 36. Kế hoạch tổng thể lựa chọn nhà thầu cho dự án

1. Căn cứ quy mô, tính chất công tác đấu thầu của dự án, chủ đầu tư hoặc cơ quan chuẩn bị dự án có thể trình người có thẩm quyền xem xét, quyết định việc tổ chức lập, phê duyệt kế hoạch tổng thể lựa chọn nhà thầu.

about:blank                                                                                             25/61


---



1/13/26, 9:03 AM                                          about:blank

2. Kế hoạch tổng thể lựa chọn nhà thầu được lập đồng thời hoặc độc lập với báo cáo nghiên cứu khả thi và được phê duyệt sau khi báo cáo nghiên cứu khả thi được phê duyệt.

3. Kế hoạch tổng thể lựa chọn nhà thầu bao gồm những nội dung chủ yếu sau đây:

a) Xem xét bối cảnh thực hiện dự án đối với công tác đấu thầu;

b) Đánh giá năng lực, nguồn lực và kinh nghiệm của chủ đầu tư đối với việc thực hiện các hoạt động đấu thầu của dự án;

c) Phân tích thị trường và xác định rủi ro trong đấu thầu;"
bbcb7064-dbc6-428f-bdc2-e8df03c081d7,download.pdf,N/A,general,599,"b) Đánh giá năng lực, nguồn lực và kinh nghiệm của chủ đầu tư đối với việc thực hiện các hoạt động đấu thầu của dự án;

c) Phân tích thị trường và xác định rủi ro trong đấu thầu;

d) Mục tiêu cụ thể của hoạt động đấu thầu;

đ) Đề xuất kế hoạch tổng thể lựa chọn nhà thầu cho dự án bao gồm: phân chia dự án thành các gói thầu; hình thức và phương thức lựa chọn nhà thầu; loại hợp đồng, nguyên tắc phân chia và quản lý rủi ro; tiến độ thực hiện các công việc chính, gói thầu; nội dung khác cần lưu ý trong soạn thảo hồ sơ mời thầu, quản lý thực hiện hợp đồng.

4. Chính phủ quy định chi tiết Điều này."
8c5dbedb-9cf9-46fd-ba3a-33fa66461de1,download.pdf,N/A,general,990,"## Điều 37. Nguyên tắc lập kế hoạch lựa chọn nhà thầu

1. Kế hoạch lựa chọn nhà thầu được lập cho toàn bộ dự án, dự toán mua sắm. Đối với dự toán mua sắm, kế hoạch lựa chọn nhà thầu có thể được lập trên cơ sở dự toán mua sắm của năm ngân sách và dự kiến dự toán mua sắm của các năm ngân sách tiếp theo. Trường hợp chưa đủ điều kiện lập kế hoạch lựa chọn nhà thầu cho toàn bộ dự án, dự toán mua sắm thì lập kế hoạch lựa chọn nhà thầu cho một hoặc một số gói thầu để thực hiện trước.

2. Trường hợp gói thầu có thời gian thực hiện dài hơn 01 năm, kế hoạch lựa chọn nhà thầu phải nêu rõ thời gian thực hiện gói thầu, giá gói thầu trên cơ sở toàn bộ thời gian thực hiện gói thầu.

3. Kế hoạch lựa chọn nhà thầu phải ghi rõ số lượng gói thầu và nội dung của từng gói thầu.

4. Việc phê duyệt kế hoạch lựa chọn nhà thầu phải căn cứ theo tính chất kỹ thuật, trình tự thực hiện; bảo đảm tính đồng bộ của dự án, dự toán mua sắm và phù hợp với kế hoạch tổng thể lựa chọn nhà thầu được duyệt (nếu có)."
86008dbf-7737-40f6-9b02-c434e3c3b307,download.pdf,N/A,general,266,"5. Kế hoạch lựa chọn nhà thầu được lập sau khi có dự toán mua sắm, quyết định phê duyệt dự án hoặc đồng thời với quá trình lập dự án, dự toán mua sắm hoặc trước khi có quyết định phê duyệt dự án đối với gói thầu cần thực hiện trước khi có quyết định phê duyệt dự án."
5e76420d-4eb2-4607-a57a-57bdffae449b,download.pdf,N/A,general,962,"## Điều 38. Lập kế hoạch lựa chọn nhà thầu

1. Căn cứ lập kế hoạch lựa chọn nhà thầu đối với dự án:

a) Quyết định phê duyệt dự án và tài liệu có liên quan, trừ trường hợp gói thầu cần thực hiện trước khi phê duyệt dự án. Đối với gói thầu cần thực hiện trước khi phê duyệt dự án thì căn cứ theo quyết định của người đứng đầu chủ đầu tư hoặc người đứng đầu đơn vị được giao nhiệm vụ chuẩn bị dự án trong trường hợp chưa xác định được chủ đầu tư;

b) Kế hoạch tổng thể lựa chọn nhà thầu (nếu có);

c) Dự án đã được giao kế hoạch đầu tư công trung hạn, trừ trường hợp dự án đầu tư công khẩn cấp theo quy định của pháp luật về đầu tư công;

about:blank                                                                                                26/61


---



1/13/26, 9:03 AM                                     about:blank

d) Kế hoạch bố trí vốn thực hiện dự án hoặc nguồn vốn thực hiện dự án đối với dự án không thuộc trường hợp quy định tại điểm c khoản này;"
49019052-72db-4ce9-8c7f-a67e88b55794,download.pdf,N/A,general,892,"d) Kế hoạch bố trí vốn thực hiện dự án hoặc nguồn vốn thực hiện dự án đối với dự án không thuộc trường hợp quy định tại điểm c khoản này;

đ) Điều ước quốc tế, thỏa thuận vay đối với dự án sử dụng vốn ODA, vốn vay ưu đãi của nhà tài trợ nước ngoài, trừ trường hợp đấu thầu trước quy định tại Điều 42 của Luật này;

e) Văn bản pháp lý có liên quan.

2. Căn cứ lập kế hoạch lựa chọn nhà thầu đối với dự toán mua sắm:

a) Tiêu chuẩn, định mức sử dụng tài sản công của cơ quan, tổ chức, đơn vị và cán bộ, công chức, viên chức, người lao động (nếu có);

b) Dự toán mua sắm;

c) Văn bản pháp lý có liên quan.

**Điều 39. Nội dung kế hoạch lựa chọn nhà thầu**

1. Tên gói thầu:

Tên gói thầu thể hiện tính chất, nội dung và phạm vi công việc của gói thầu. Trường hợp gói thầu gồm nhiều phần riêng biệt, kế hoạch lựa chọn nhà thầu cần nêu tên thể hiện nội dung cơ bản của từng phần.

2. Giá gói thầu:"
b7bff41d-bc74-4e97-97d2-05a8ba92271b,download.pdf,N/A,general,639,"2. Giá gói thầu:

a) Giá gói thầu là giá trị của gói thầu được phê duyệt trong kế hoạch lựa chọn nhà thầu. Giá gói thầu bao gồm toàn bộ chi phí để thực hiện gói thầu, kể cả chi phí dự phòng, phí, lệ phí và thuế. Giá gói thầu được cập nhật trong thời hạn 28 ngày trước ngày mở thầu nếu cần thiết;

b) Đối với gói thầu chia phần thì ghi rõ giá gói thầu và giá ước tính cho từng phần trong giá gói thầu;

c) Đối với gói thầu áp dụng tùy chọn mua thêm quy định tại khoản 8 Điều này, giá gói thầu không bao gồm giá trị của tùy chọn mua thêm.

Chính phủ quy định chi tiết về nội dung giá gói thầu trong kế hoạch lựa chọn nhà thầu.

3. Nguồn vốn:"
b0551d0d-3dea-475b-9d6c-0ea7d0d40707,download.pdf,N/A,general,995,"Chính phủ quy định chi tiết về nội dung giá gói thầu trong kế hoạch lựa chọn nhà thầu.

3. Nguồn vốn:

Đối với mỗi gói thầu phải nêu rõ nguồn vốn đã được xác định hoặc phê duyệt. Trường hợp sử dụng vốn ODA, vốn vay ưu đãi của nhà tài trợ nước ngoài thì phải ghi rõ tên nhà tài trợ và cơ cấu nguồn vốn, bao gồm vốn tài trợ, vốn đối ứng trong nước. Đối với dự toán mua sắm, trường hợp gói thầu có thời gian thực hiện dài hơn 01 năm, nguồn vốn có thể được xác định trên cơ sở dự toán mua sắm của năm ngân sách và dự kiến dự toán mua sắm của các năm ngân sách tiếp theo.

4. Hình thức và phương thức lựa chọn nhà thầu:

a) Đối với mỗi gói thầu phải xác định cụ thể hình thức và phương thức lựa chọn nhà thầu; lựa chọn nhà thầu trong nước hoặc quốc tế; áp dụng hoặc không áp dụng lựa chọn nhà thầu qua mạng;

b) Đối với dự án áp dụng kế hoạch tổng thể lựa chọn nhà thầu, ghi theo nội dung phù hợp với kế hoạch tổng thể lựa chọn nhà thầu.

5. Thời gian tổ chức lựa chọn nhà thầu:

about:blank    27/61"
cdd6e494-aecc-415f-9f32-752cb4851fb4,download.pdf,N/A,general,946,"b) Đối với dự án áp dụng kế hoạch tổng thể lựa chọn nhà thầu, ghi theo nội dung phù hợp với kế hoạch tổng thể lựa chọn nhà thầu.

5. Thời gian tổ chức lựa chọn nhà thầu:

about:blank    27/61


---



1/13/26, 9:03 AM                                   about:blank

Kế hoạch lựa chọn nhà thầu phải nêu rõ thời gian tổ chức lựa chọn nhà thầu và thời gian bắt đầu tổ chức lựa chọn nhà thầu. Thời gian bắt đầu tổ chức lựa chọn nhà thầu được tính từ khi phát hành hồ sơ mời thầu, hồ sơ yêu cầu, được ghi rõ theo tháng hoặc quý trong năm. Trường hợp đấu thầu rộng rãi có áp dụng thủ tục lựa chọn danh sách ngắn, thời gian bắt đầu tổ chức lựa chọn nhà thầu được tính từ khi phát hành hồ sơ mời quan tâm, hồ sơ mời sơ tuyển.

6. Loại hợp đồng:

a) Kế hoạch lựa chọn nhà thầu phải xác định cụ thể loại hợp đồng theo quy định tại Điều 64 của Luật này để làm căn cứ lập hồ sơ mời quan tâm, hồ sơ mời sơ tuyển, hồ sơ mời thầu, hồ sơ yêu cầu; ký kết hợp đồng;"
46fe372c-013e-439a-88ec-f5efef093b99,download.pdf,N/A,general,891,"b) Đối với dự án áp dụng kế hoạch tổng thể lựa chọn nhà thầu, ghi theo nội dung phù hợp với kế hoạch tổng thể lựa chọn nhà thầu.

7. Thời gian thực hiện gói thầu:

Thời gian thực hiện gói thầu được tính từ ngày hợp đồng có hiệu lực đến ngày nghiệm thu hoàn thành công trình, hàng hóa (bao gồm cả dịch vụ liên quan, nếu có), dịch vụ phi tư vấn, tư vấn. Thời gian thực hiện gói thầu được tính theo số ngày, số tuần, số tháng hoặc số năm, không bao gồm thời gian hoàn thành nghĩa vụ bảo hành, thời gian giám sát tác giả đối với gói thầu tư vấn (nếu có).

8. Tùy chọn mua thêm (nếu có):

a) Tùy chọn mua thêm là khả năng chủ đầu tư mua bổ sung hàng hóa, dịch vụ tư vấn, dịch vụ phi tư vấn của gói thầu ngoài khối lượng nêu trong hợp đồng;

b) Trường hợp gói thầu áp dụng tùy chọn mua thêm, kế hoạch lựa chọn nhà thầu phải ghi rõ khối lượng, số lượng, giá trị ước tính của phần tùy chọn mua thêm;"
6477adc7-fc8f-4a92-9bee-2bd976a946da,download.pdf,N/A,general,643,"b) Trường hợp gói thầu áp dụng tùy chọn mua thêm, kế hoạch lựa chọn nhà thầu phải ghi rõ khối lượng, số lượng, giá trị ước tính của phần tùy chọn mua thêm;

c) Tùy chọn mua thêm được thực hiện khi đáp ứng đủ các điều kiện: nhà thầu đã trúng thầu thông qua đấu thầu rộng rãi, đàm phán giá; khối lượng mua thêm không vượt 30% của khối lượng hạng mục tương ứng nêu trong hợp đồng; có dự toán được phê duyệt đối với khối lượng mua thêm; đơn giá của hàng hóa, dịch vụ mua thêm không được vượt đơn giá của các hàng hóa, dịch vụ tương ứng trong hợp đồng; chỉ áp dụng trong thời gian có hiệu lực của hợp đồng.

9. Giám sát hoạt động đấu thầu (nếu có)."
d5757da8-2a01-40c6-9cb3-aa193cc0890d,download.pdf,N/A,general,959,"## Điều 40. Phê duyệt kế hoạch lựa chọn nhà thầu đối với dự án

1. Hồ sơ trình duyệt kế hoạch lựa chọn nhà thầu bao gồm những nội dung sau đây:

a) Phần công việc đã thực hiện, bao gồm nội dung công việc liên quan đến chuẩn bị dự án, các gói thầu thực hiện trước với giá trị tương ứng và căn cứ pháp lý để thực hiện;

b) Phần công việc không áp dụng được một trong các hình thức lựa chọn nhà thầu;

c) Phần công việc thuộc kế hoạch lựa chọn nhà thầu, bao gồm nội dung công việc và giá trị tương ứng hình thành các gói thầu được thực hiện theo một trong các hình thức lựa chọn nhà thầu quy định tại các điều 21, 22, 23, 24, 25, 26, 27, 28 và 29 của Luật này;

d) Phần công việc chưa đủ điều kiện lập kế hoạch lựa chọn nhà thầu (nếu có), trong đó nêu rõ nội dung và giá trị của phần công việc này;

đ) Phần tổng hợp giá trị của các phần công việc quy định tại các điểm a, b, c và d khoản này. Tổng giá trị của phần này không được vượt tổng mức đầu tư của dự án;"
4c224541-82b9-4504-8f9b-2cef1058a427,download.pdf,N/A,general,827,"đ) Phần tổng hợp giá trị của các phần công việc quy định tại các điểm a, b, c và d khoản này. Tổng giá trị của phần này không được vượt tổng mức đầu tư của dự án;

about:blank                                                                                                28/61


---



1/13/26, 9:03 AM                                    about:blank

e) Nội dung khác có liên quan.

2. Thẩm quyền phê duyệt kế hoạch lựa chọn nhà thầu:

a) Chủ đầu tư tổ chức lập và phê duyệt kế hoạch lựa chọn nhà thầu trong trường hợp đã phê duyệt kế hoạch tổng thể lựa chọn nhà thầu;

b) Người có thẩm quyền xem xét, phê duyệt kế hoạch lựa chọn nhà thầu đối với dự án không áp dụng kế hoạch tổng thể lựa chọn nhà thầu hoặc ủy quyền cho chủ đầu tư, cơ quan, đơn vị thuộc phạm vi quản lý phê duyệt, trừ trường hợp quy định tại điểm c khoản này;"
626d6ccd-f0df-4775-b660-8745c019bb4c,download.pdf,N/A,general,842,"c) Chủ đầu tư hoặc người đứng đầu đơn vị được giao nhiệm vụ chuẩn bị dự án trong trường hợp chưa xác định được chủ đầu tư phê duyệt kế hoạch lựa chọn nhà thầu của gói thầu đấu thầu trước theo quy định tại Điều 42 của Luật này hoặc gói thầu cần thực hiện trước khi có quyết định phê duyệt dự án.

3. Người phê duyệt kế hoạch lựa chọn nhà thầu quy định tại khoản 2 Điều này tổ chức thẩm định các nội dung theo quy định tại Điều 39 của Luật này trước khi phê duyệt.

**Điều 41. Phê duyệt kế hoạch lựa chọn nhà thầu đối với dự toán mua sắm**

1. Hồ sơ trình duyệt kế hoạch lựa chọn nhà thầu bao gồm những nội dung sau đây:

a) Phần công việc đã thực hiện, bao gồm nội dung công việc của gói thầu thực hiện trước với giá trị tương ứng và căn cứ pháp lý để thực hiện;

b) Phần công việc không áp dụng được một trong các hình thức lựa chọn nhà thầu;"
3551559d-e1c0-4af3-855e-3e02a663bfa6,download.pdf,N/A,general,994,"b) Phần công việc không áp dụng được một trong các hình thức lựa chọn nhà thầu;

c) Phần công việc thuộc kế hoạch lựa chọn nhà thầu, bao gồm nội dung công việc và giá trị tương ứng hình thành gói thầu được thực hiện theo một trong các hình thức lựa chọn nhà thầu quy định tại các điều 21, 22, 23, 24, 25, 26, 27, 28 và 29 của Luật này;

d) Phần công việc chưa đủ điều kiện lập kế hoạch lựa chọn nhà thầu (nếu có), trong đó nêu rõ nội dung và giá trị của phần công việc này;

đ) Phần tổng hợp giá trị của các phần công việc quy định tại các điểm a, b, c và d khoản này. Tổng giá trị của phần này không được vượt dự toán mua sắm;

e) Nội dung khác có liên quan.

2. Người có thẩm quyền phê duyệt kế hoạch lựa chọn nhà thầu hoặc ủy quyền cho chủ đầu tư, cơ quan, đơn vị thuộc phạm vi quản lý phê duyệt kế hoạch lựa chọn nhà thầu.

3. Người phê duyệt kế hoạch lựa chọn nhà thầu quy định tại khoản 2 Điều này tổ chức thẩm định các nội dung theo quy định tại Điều 39 của Luật này trước khi phê duyệt."
361ca8ad-eeb9-4950-8c1f-d4a3166879f5,download.pdf,N/A,general,921,"3. Người phê duyệt kế hoạch lựa chọn nhà thầu quy định tại khoản 2 Điều này tổ chức thẩm định các nội dung theo quy định tại Điều 39 của Luật này trước khi phê duyệt.

**Điều 42. Đấu thầu trước**

1. Đấu thầu trước đối với gói thầu lựa chọn nhà thầu thực hiện dự án sử dụng vốn ODA, vốn vay ưu đãi của nhà tài trợ nước ngoài thực hiện theo điều ước quốc tế, thỏa thuận về vốn ODA và vốn vay ưu đãi đã được ký kết.

Các hoạt động thực hiện trước khi ký kết điều ước quốc tế, thỏa thuận về vốn ODA và vốn vay ưu đãi của nhà tài trợ nước ngoài gồm: lập, trình duyệt, thẩm định, phê duyệt kế hoạch lựa chọn nhà thầu, hồ sơ mời quan tâm, hồ sơ mời sơ tuyển, hồ sơ mời thầu, hồ sơ yêu cầu, xác định danh sách ngắn.

about:blank    29/61


---



1/13/26, 9:03 AM                                    about:blank

2. Các hoạt động quy định tại khoản 1 Điều này được thực hiện theo quy định tại điểm a khoản 1 Điều 43 của Luật này."
969cd2a2-7e92-4937-88eb-44ef386b2663,download.pdf,N/A,general,14,"## Chương IV

"
599f488c-b6f9-4935-8b0c-bb1f4c281564,download.pdf,N/A,general,54,"### QUY TRÌNH, THỦ TỤC LỰA CHỌN NHÀ THẦU, NHÀ ĐẦU TƯ

"
780516e4-9dc7-4e2c-85ad-607a5e987462,download.pdf,N/A,general,48,"## Mục 1. QUY TRÌNH, THỦ TỤC LỰA CHỌN NHÀ THẦU

"
0c033e7e-4ede-4d63-8513-b01e7604ad7b,download.pdf,N/A,general,923,"### Điều 43. Quy trình, thủ tục lựa chọn nhà thầu

1. Quy trình, thủ tục lựa chọn nhà thầu đối với đấu thầu rộng rãi, đấu thầu hạn chế bao gồm các bước sau đây:

a) Chuẩn bị lựa chọn nhà thầu;

b) Tổ chức lựa chọn nhà thầu;

c) Đánh giá hồ sơ dự thầu;

d) Thương thảo hợp đồng đối với gói thầu cung cấp dịch vụ tư vấn.

Đối với gói thầu mua sắm hàng hóa, xây lắp, cung cấp dịch vụ phi tư vấn áp dụng đấu thầu quốc tế, gói thầu hỗn hợp và gói thầu có yêu cầu kỹ thuật cao, trường hợp cần thiết, bên mời thầu có thể thương thảo hợp đồng với nhà thầu xếp hạng thứ nhất;

đ) Trình, thẩm định, phê duyệt, công khai kết quả lựa chọn nhà thầu và giải thích lý do nhà thầu không trúng thầu theo yêu cầu của nhà thầu (nếu có);

e) Hoàn thiện, ký kết và quản lý thực hiện hợp đồng.

2. Quy trình, thủ tục lựa chọn nhà thầu đối với chỉ định thầu bao gồm các bước sau đây:

a) Chuẩn bị lựa chọn nhà thầu;

b) Tổ chức lựa chọn nhà thầu;"
d877e1f8-3e14-4fe8-90d2-cc54807f0e65,download.pdf,N/A,general,966,"2. Quy trình, thủ tục lựa chọn nhà thầu đối với chỉ định thầu bao gồm các bước sau đây:

a) Chuẩn bị lựa chọn nhà thầu;

b) Tổ chức lựa chọn nhà thầu;

c) Đánh giá hồ sơ đề xuất và thương thảo về đề xuất của một hoặc các nhà thầu (nếu có);

d) Trình, thẩm định, phê duyệt và công khai kết quả lựa chọn nhà thầu;

đ) Hoàn thiện, ký kết và quản lý thực hiện hợp đồng.

Đối với trường hợp quy định tại điểm m khoản 1 Điều 23 của Luật này, người có thẩm quyền có thể quyết định áp dụng quy trình rút gọn bao gồm các bước sau: chuẩn bị và gửi dự thảo hợp đồng cho nhà thầu; hoàn thiện hợp đồng; trình, phê duyệt và công khai kết quả lựa chọn nhà thầu; ký kết và quản lý thực hiện hợp đồng.

3. Quy trình, thủ tục lựa chọn nhà thầu đối với chào hàng cạnh tranh bao gồm các bước sau đây:

a) Chuẩn bị lựa chọn nhà thầu;

b) Tổ chức lựa chọn nhà thầu;

c) Đánh giá hồ sơ dự thầu;

about:blank    30/61


---



1/13/26, 9:03 AM                                    about:blank"
b3db05dc-420f-42c6-9d7a-9e08ff88ab44,download.pdf,N/A,general,994,"a) Chuẩn bị lựa chọn nhà thầu;

b) Tổ chức lựa chọn nhà thầu;

c) Đánh giá hồ sơ dự thầu;

about:blank    30/61


---



1/13/26, 9:03 AM                                    about:blank

d) Trình, thẩm định, phê duyệt, công khai kết quả lựa chọn nhà thầu và giải thích lý do nhà thầu không trúng thầu theo yêu cầu của nhà thầu (nếu có);

đ) Hoàn thiện, ký kết và quản lý thực hiện hợp đồng.

4. Quy trình, thủ tục lựa chọn nhà thầu đối với mua sắm trực tiếp bao gồm các bước sau đây:

a) Chuẩn bị lựa chọn nhà thầu;

b) Tổ chức lựa chọn nhà thầu;

c) Đánh giá hồ sơ đề xuất và thương thảo về đề xuất của nhà thầu;

d) Trình, thẩm định, phê duyệt và công khai kết quả lựa chọn nhà thầu;

đ) Hoàn thiện, ký kết và quản lý thực hiện hợp đồng.

5. Quy trình, thủ tục lựa chọn nhà thầu đối với tự thực hiện bao gồm các bước sau đây:

a) Chuẩn bị phương án tự thực hiện, bao gồm dự thảo thỏa thuận giao việc;

b) Hoàn thiện phương án tự thực hiện;

c) Phê duyệt và công khai kết quả lựa chọn nhà thầu;"
94731e51-2df9-4faa-b0b3-048fd6edf03a,download.pdf,N/A,general,945,"a) Chuẩn bị phương án tự thực hiện, bao gồm dự thảo thỏa thuận giao việc;

b) Hoàn thiện phương án tự thực hiện;

c) Phê duyệt và công khai kết quả lựa chọn nhà thầu;

d) Ký kết thỏa thuận giao việc; quản lý việc thực hiện gói thầu.

6. Lựa chọn tư vấn cá nhân được áp dụng khi công việc của gói thầu chỉ yêu cầu một hoặc một số chuyên gia có kinh nghiệm, năng lực thực hiện mà không cần sự tham gia của tổ chức, không yêu cầu các điều kiện để thực hiện công việc như đối với nhà thầu là tổ chức. Quy trình, thủ tục lựa chọn tư vấn cá nhân bao gồm các bước sau đây:

a) Chuẩn bị lựa chọn nhà thầu;

b) Tổ chức lựa chọn nhà thầu;

c) Đánh giá hồ sơ lý lịch khoa học của nhà thầu tư vấn cá nhân;

d) Thương thảo hợp đồng;

đ) Trình, phê duyệt và công khai kết quả lựa chọn nhà thầu;

e) Ký kết và quản lý thực hiện hợp đồng.

7. Quy trình, thủ tục lựa chọn nhà thầu đối với gói thầu có sự tham gia thực hiện của cộng đồng bao gồm các bước sau đây:"
90bc6b8f-b3ed-475d-8899-b8f68068863d,download.pdf,N/A,general,617,"e) Ký kết và quản lý thực hiện hợp đồng.

7. Quy trình, thủ tục lựa chọn nhà thầu đối với gói thầu có sự tham gia thực hiện của cộng đồng bao gồm các bước sau đây:

a) Chuẩn bị phương án lựa chọn cộng đồng dân cư, tổ, nhóm thợ tại địa phương để triển khai thực hiện gói thầu;

b) Tổ chức lựa chọn;

c) Phê duyệt và công khai kết quả lựa chọn;

d) Hoàn thiện, ký kết và quản lý thực hiện hợp đồng.

8. Chính phủ quy định chi tiết Điều này.

about:blank                                                                                            31/61


---



1/13/26, 9:03 AM                                about:blank"
10a1ae60-8ca6-46be-8c77-87b63561db28,download.pdf,N/A,general,763,"## Điều 44. Nội dung hồ sơ mời thầu đối với lựa chọn nhà thầu

1. Hồ sơ mời thầu bao gồm:

a) Chỉ dẫn nhà thầu, tùy chọn mua thêm (nếu có);

b) Bảng dữ liệu đấu thầu;

c) Tiêu chuẩn đánh giá về tính hợp lệ của hồ sơ dự thầu; năng lực, kinh nghiệm của nhà thầu; kỹ thuật; tài chính, thương mại; uy tín của nhà thầu thông qua việc tham dự thầu, thực hiện các hợp đồng tương tự trước đó và chất lượng hàng hóa tương tự đã sử dụng.

Trường hợp sử dụng nhà thầu phụ đặc biệt, hồ sơ mời thầu phải nêu rõ phạm vi công việc và yêu cầu về năng lực, kinh nghiệm của nhà thầu phụ đặc biệt;

d) Biểu mẫu mời thầu và dự thầu;

đ) Phạm vi cung cấp, yêu cầu về kỹ thuật, điều khoản tham chiếu;

e) Điều kiện và biểu mẫu hợp đồng;

g) Các hồ sơ, bản vẽ và nội dung khác (nếu có)."
a16847d0-a1d4-406f-ad00-abeb9c7cc1b4,download.pdf,N/A,general,975,"d) Biểu mẫu mời thầu và dự thầu;

đ) Phạm vi cung cấp, yêu cầu về kỹ thuật, điều khoản tham chiếu;

e) Điều kiện và biểu mẫu hợp đồng;

g) Các hồ sơ, bản vẽ và nội dung khác (nếu có).

2. Hồ sơ mời thầu được nêu xuất xứ theo nhóm nước, vùng lãnh thổ. Trường hợp gói thầu thuộc quy định tại điểm đ khoản 1 Điều 23 và đáp ứng đủ điều kiện áp dụng hình thức chỉ định thầu theo quy định tại khoản 3 Điều 23 của Luật này nhưng người có thẩm quyền quyết định áp dụng hình thức đấu thầu rộng rãi, đấu thầu hạn chế, chào hàng cạnh tranh để lựa chọn nhà thầu thì hồ sơ mời thầu được quy định về xuất xứ, nhãn hiệu của hàng hóa.

3. Hồ sơ mời thầu không được nêu bất cứ điều kiện nào nhằm hạn chế sự tham gia của nhà thầu hoặc nhằm tạo lợi thế cho một hoặc một số nhà thầu gây ra sự cạnh tranh không bình đẳng.

4. Trường hợp hồ sơ mời thầu có các nội dung vi phạm quy định tại khoản 3 Điều này thì các nội dung này sẽ bị coi là vô hiệu, không phải là căn cứ để đánh giá hồ sơ dự thầu."
2ccfc3a6-c57c-42b0-a0b7-06ddf1222328,download.pdf,N/A,general,880,"## Điều 45. Thời gian tổ chức lựa chọn nhà thầu

1. Thời gian tổ chức lựa chọn nhà thầu được quy định như sau:

a) Thời gian chuẩn bị hồ sơ quan tâm, hồ sơ dự sơ tuyển tối thiểu là 09 ngày đối với đấu thầu trong nước, 18 ngày đối với đấu thầu quốc tế kể từ ngày đầu tiên hồ sơ mời quan tâm, hồ sơ mời sơ tuyển được phát hành đến ngày có thời điểm đóng thầu;

b) Thời gian chuẩn bị hồ sơ dự thầu đối với đấu thầu rộng rãi, đấu thầu hạn chế tối thiểu là 18 ngày đối với đấu thầu trong nước, 35 ngày đối với đấu thầu quốc tế kể từ ngày đầu tiên hồ sơ mời thầu được phát hành đến ngày có thời điểm đóng thầu; đối với gói thầu xây lắp, hỗn hợp có giá gói thầu không quá 20 tỷ đồng, gói thầu mua sắm hàng hóa, dịch vụ phi tư vấn có giá gói thầu không quá 10 tỷ đồng thì thời gian chuẩn bị hồ sơ dự thầu tối thiểu là 09 ngày đối với đấu thầu trong nước, 18 ngày đối với đấu thầu quốc tế;"
219f3614-9dda-4b9d-a3b2-ead2c09194c1,download.pdf,N/A,general,730,"c) Thời gian chuẩn bị hồ sơ dự thầu đối với chào hàng cạnh tranh tối thiểu là 05 ngày làm việc kể từ ngày đầu tiên hồ sơ mời thầu được phát hành đến ngày có thời điểm đóng thầu;

d) Trường hợp gói thầu đủ điều kiện áp dụng hình thức chỉ định thầu theo quy định tại điểm a, b và c khoản 1 Điều 23 của Luật này nhưng người có thẩm quyền quyết định áp dụng hình thức đấu thầu rộng rãi để lựa chọn nhà thầu thì thời gian chuẩn bị hồ sơ dự thầu tối thiểu là 09 ngày kể từ ngày đầu tiên hồ sơ mời thầu được phát hành đến ngày có thời điểm đóng thầu;

about:blank                                                                                               32/61


---



1/13/26, 9:03 AM                                     about:blank"
b6b33434-b6a8-4bdd-803c-18d7c3399375,download.pdf,N/A,general,888,"about:blank                                                                                               32/61


---



1/13/26, 9:03 AM                                     about:blank

đ) Việc sửa đổi hồ sơ mời thầu được thực hiện trong thời gian tối thiểu là 10 ngày trước ngày có thời điểm đóng thầu; đối với gói thầu xây lắp, hỗn hợp có giá gói thầu không quá 20 tỷ đồng, gói thầu mua sắm hàng hóa, dịch vụ phi tư vấn có giá gói thầu không quá 10 tỷ đồng, việc sửa đổi hồ sơ mời thầu được thực hiện trong thời gian tối thiểu là 03 ngày làm việc trước ngày có thời điểm đóng thầu. Việc sửa đổi hồ sơ mời quan tâm, hồ sơ mời sơ tuyển được thực hiện trong thời gian tối thiểu là 03 ngày làm việc trước ngày có thời điểm đóng thầu.

2. Hồ sơ mời quan tâm, hồ sơ mời sơ tuyển, hồ sơ mời thầu được phát hành đồng thời với thông báo mời quan tâm, thông báo mời sơ tuyển, thông báo mời thầu."
64da8cd9-def6-4e85-b2a2-544aebf7e232,download.pdf,N/A,general,359,"2. Hồ sơ mời quan tâm, hồ sơ mời sơ tuyển, hồ sơ mời thầu được phát hành đồng thời với thông báo mời quan tâm, thông báo mời sơ tuyển, thông báo mời thầu.

3. Đối với các công việc khác ngoài quy định tại khoản 1 và khoản 2 Điều này, người có thẩm quyền, chủ đầu tư có trách nhiệm quyết định thời gian thực hiện trên cơ sở bảo đảm tiến độ của dự án, gói thầu."
4d4f8071-6f52-4235-ae42-3fc18e5bc0ef,download.pdf,N/A,general,50,"## Mục 2. QUY TRÌNH, THỦ TỤC LỰA CHỌN NHÀ ĐẦU TƯ

"
8c0af5c6-91da-410a-851b-fddda914c1cf,download.pdf,N/A,general,731,"### Điều 46. Quy trình, thủ tục lựa chọn nhà đầu tư

1. Quy trình lựa chọn nhà đầu tư bao gồm các bước sau đây:

a) Công bố dự án đầu tư kinh doanh;

b) Chuẩn bị đấu thầu lựa chọn nhà đầu tư gồm: lập, thẩm định, phê duyệt hồ sơ mời thầu;

c) Tổ chức đấu thầu lựa chọn nhà đầu tư gồm: mời thầu; phát hành, sửa đổi, làm rõ hồ sơ mời thầu; chuẩn bị, nộp, tiếp nhận, quản lý, sửa đổi, rút, thay thế hồ sơ dự thầu;

d) Đánh giá hồ sơ dự thầu gồm: mở thầu; kiểm tra, đánh giá tính hợp lệ của hồ sơ dự thầu; đánh giá chi tiết hồ sơ dự thầu;

đ) Trình, thẩm định, phê duyệt, công khai kết quả lựa chọn nhà đầu tư; giải thích lý do nhà đầu tư không trúng thầu theo yêu cầu của nhà đầu tư (nếu có);

e) Đàm phán, hoàn thiện, ký kết hợp đồng."
ee342ade-df4d-44d6-89d0-7ce03fc38769,download.pdf,N/A,general,695,"đ) Trình, thẩm định, phê duyệt, công khai kết quả lựa chọn nhà đầu tư; giải thích lý do nhà đầu tư không trúng thầu theo yêu cầu của nhà đầu tư (nếu có);

e) Đàm phán, hoàn thiện, ký kết hợp đồng.

2. Trường hợp pháp luật về đất đai, pháp luật về quản lý ngành, lĩnh vực quy định phải đấu thầu lựa chọn nhà đầu tư khi có từ 02 nhà đầu tư trở lên quan tâm, ngoài các bước quy định tại khoản 1 Điều này, cơ quan có thẩm quyền lập hồ sơ mời quan tâm, thông báo mời quan tâm, tổ chức đánh giá hồ sơ đăng ký thực hiện dự án và phê duyệt kết quả mời quan tâm trước khi thực hiện bước chuẩn bị đấu thầu lựa chọn nhà đầu tư quy định tại điểm b khoản 1 Điều này.

3. Chính phủ quy định chi tiết Điều này."
686002bf-cb47-4fe4-81b4-e8d2600f0b58,download.pdf,N/A,general,984,"### Điều 47. Công bố dự án đầu tư kinh doanh

1. Cơ quan có thẩm quyền công bố dự án đầu tư kinh doanh trên Hệ thống mạng đấu thầu quốc gia làm cơ sở tổ chức lựa chọn nhà đầu tư.

2. Nội dung công bố dự án đầu tư kinh doanh bao gồm:

a) Quyết định chấp thuận chủ trương đầu tư (nếu có);

b) Tên dự án; mục tiêu; quy mô đầu tư; vốn đầu tư;

c) Địa điểm thực hiện dự án; hiện trạng sử dụng đất, diện tích khu đất thực hiện dự án; mục đích sử dụng đất; các chỉ tiêu quy hoạch được duyệt;

about:blank                                                                                               33/61


---



1/13/26, 9:03 AM                                     about:blank

d) Thời hạn, tiến độ thực hiện dự án; sơ bộ phương án phân kỳ đầu tư hoặc phân chia dự án thành phần (nếu có); tiến độ thực hiện dự án theo từng giai đoạn (nếu có);

đ) Tên bên mời thầu; hình thức và phương thức lựa chọn nhà đầu tư; thời gian bắt đầu tổ chức lựa chọn nhà đầu tư;

e) Nội dung khác có liên quan."
0593b991-67ba-4d0d-8014-750732718d97,download.pdf,N/A,general,949,"đ) Tên bên mời thầu; hình thức và phương thức lựa chọn nhà đầu tư; thời gian bắt đầu tổ chức lựa chọn nhà đầu tư;

e) Nội dung khác có liên quan.

**Điều 48. Nội dung hồ sơ mời thầu đối với lựa chọn nhà đầu tư**

1. Hồ sơ mời thầu bao gồm:

a) Chỉ dẫn nhà đầu tư;

b) Bảng dữ liệu đấu thầu;

c) Nội dung kiểm tra, đánh giá tính hợp lệ của hồ sơ dự thầu;

d) Phương pháp và tiêu chuẩn đánh giá về năng lực, kinh nghiệm của nhà đầu tư; phương án đầu tư kinh doanh; hiệu quả sử dụng đất hoặc hiệu quả đầu tư phát triển ngành, lĩnh vực, địa phương;

đ) Biểu mẫu mời thầu và dự thầu;

e) Thông tin và yêu cầu thực hiện dự án đầu tư kinh doanh;

g) Dự thảo hợp đồng, biểu mẫu hợp đồng;

h) Nội dung khác có liên quan.

2. Hồ sơ mời thầu không được nêu bất cứ điều kiện nào nhằm hạn chế sự tham gia của nhà đầu tư hoặc nhằm tạo lợi thế cho một hoặc một số nhà đầu tư gây ra sự cạnh tranh không bình đẳng.

**Điều 49. Thời gian tổ chức lựa chọn nhà đầu tư**"
a280e49f-7187-4916-bf82-fd5199a2f6da,download.pdf,N/A,general,992,"**Điều 49. Thời gian tổ chức lựa chọn nhà đầu tư**

1. Đối với đấu thầu trong nước, thời gian chuẩn bị hồ sơ dự thầu tối thiểu là 45 ngày kể từ ngày đầu tiên phát hành hồ sơ mời thầu đến ngày có thời điểm đóng thầu.

2. Đối với đấu thầu quốc tế, thời gian chuẩn bị hồ sơ dự thầu tối thiểu là 60 ngày kể từ ngày đầu tiên phát hành hồ sơ mời thầu đến ngày có thời điểm đóng thầu.

3. Đối với các công việc khác ngoài quy định tại khoản 1 và khoản 2 Điều này, người có thẩm quyền, bên mời thầu có trách nhiệm quyết định thời gian thực hiện trên cơ sở bảo đảm tiến độ thực hiện của dự án đầu tư kinh doanh.

**Mục 3. ĐẤU THẦU QUA MẠNG**

**Điều 50. Lựa chọn nhà thầu, nhà đầu tư qua mạng**

1. Đấu thầu rộng rãi, đấu thầu hạn chế, chào hàng cạnh tranh trong nước phải thực hiện trên Hệ thống mạng đấu thầu quốc gia theo lộ trình sau đây:

a) Từ ngày Luật này có hiệu lực thi hành đến hết ngày 31 tháng 12 năm 2024, việc đấu thầu qua mạng hoặc không qua mạng thực hiện theo quy định của Chính phủ;"
f168ee17-9113-4ce6-a6d4-5cdfd0c471a9,download.pdf,N/A,general,927,"a) Từ ngày Luật này có hiệu lực thi hành đến hết ngày 31 tháng 12 năm 2024, việc đấu thầu qua mạng hoặc không qua mạng thực hiện theo quy định của Chính phủ;

b) Từ ngày 01 tháng 01 năm 2025, áp dụng đấu thầu qua mạng đối với tất cả các gói thầu, trừ trường hợp không đấu thầu trên Hệ thống mạng đấu thầu quốc gia theo quy định tại khoản 5 Điều này.

about:blank                                                                                                34/61


---



1/13/26, 9:03 AM                                       about:blank

2. Các nội dung lựa chọn nhà thầu, nhà đầu tư được thực hiện trên Hệ thống mạng đấu thầu quốc gia bao gồm:

a) Đăng tải thông tin về lựa chọn nhà thầu, nhà đầu tư;

b) Lập, thẩm định, phê duyệt hồ sơ mời sơ tuyển, hồ sơ mời quan tâm, hồ sơ mời thầu, hồ sơ yêu cầu;

c) Lập, nộp hồ sơ dự sơ tuyển, hồ sơ quan tâm, hồ sơ đăng ký thực hiện dự án, hồ sơ dự thầu, hồ sơ đề xuất;

d) Mở thầu;"
4a192a97-508e-4ebe-a04d-5a8aa0925bab,download.pdf,N/A,general,728,"c) Lập, nộp hồ sơ dự sơ tuyển, hồ sơ quan tâm, hồ sơ đăng ký thực hiện dự án, hồ sơ dự thầu, hồ sơ đề xuất;

d) Mở thầu;

đ) Đánh giá hồ sơ dự sơ tuyển, hồ sơ quan tâm, hồ sơ dự thầu, hồ sơ đề xuất, mời thương thảo hợp đồng, thẩm định, phê duyệt kết quả lựa chọn nhà thầu;

e) Thỏa thuận liên danh, bảo lãnh dự thầu điện tử, bảo lãnh thực hiện hợp đồng điện tử;

g) Làm rõ các nội dung trong đấu thầu;

h) Gửi và nhận đơn kiến nghị;

i) Hợp đồng điện tử;

k) Thanh toán điện tử.

3. Văn bản điện tử trên Hệ thống mạng đấu thầu quốc gia có giá trị theo quy định của pháp luật về giao dịch điện tử, làm cơ sở đối chiếu, so sánh, xác thực thông tin phục vụ công tác đánh giá, thẩm định, thanh tra, kiểm tra, kiểm toán và giải ngân."
bde757fe-6aba-41ad-942c-78206a27cbd5,download.pdf,N/A,general,668,"4. Chi phí trong đấu thầu qua mạng bao gồm: chi phí tham gia Hệ thống mạng đấu thầu quốc gia; chi phí đăng tải thông tin về đấu thầu theo quy định tại điểm c khoản 1 và điểm c khoản 2 Điều 15 của Luật này, tham dự thầu, ký kết hợp đồng và các chi phí khác khi đấu thầu trên Hệ thống mạng đấu thầu quốc gia.

5. Chính phủ quy định việc kết nối, chia sẻ thông tin theo quy định tại khoản 6 Điều 51 của Luật này; kỹ thuật đấu thầu qua mạng phù hợp với tính năng và sự phát triển của Hệ thống mạng đấu thầu quốc gia; quy trình, thủ tục, chi phí đấu thầu qua mạng; lộ trình lựa chọn nhà đầu tư qua mạng; những trường hợp không đấu thầu trên Hệ thống mạng đấu thầu quốc gia."
5bed2064-950a-4bce-a9da-777170a3ee3c,download.pdf,N/A,general,741,"## Điều 51. Yêu cầu đối với Hệ thống mạng đấu thầu quốc gia

1. Công khai, không hạn chế truy cập, tiếp cận đối với thông tin được đăng tải công khai trên Hệ thống mạng đấu thầu quốc gia.

2. Nguồn thời gian của Hệ thống mạng đấu thầu quốc gia được xác định theo quy định của pháp luật về nguồn thời gian chuẩn quốc gia.

3. Hệ thống mạng đấu thầu quốc gia hoạt động liên tục, thống nhất, ổn định, an toàn thông tin, có khả năng xác thực người dùng, bảo mật và toàn vẹn dữ liệu.

4. Thực hiện ghi lại thông tin và truy xuất được lịch sử các giao dịch trên Hệ thống mạng đấu thầu quốc gia.

5. Bảo đảm nhà thầu, nhà đầu tư không thể gửi hồ sơ quan tâm, hồ sơ dự sơ tuyển, hồ sơ dự thầu, hồ sơ đề xuất đến bên mời thầu sau thời điểm đóng thầu."
5a8521cb-9494-47dd-abcd-be8b3d33a4f7,download.pdf,N/A,general,785,"5. Bảo đảm nhà thầu, nhà đầu tư không thể gửi hồ sơ quan tâm, hồ sơ dự sơ tuyển, hồ sơ dự thầu, hồ sơ đề xuất đến bên mời thầu sau thời điểm đóng thầu.

6. Các thông tin về nhà thầu, nhà đầu tư được kết nối, chia sẻ từ Hệ thống thông tin quốc gia về đăng ký doanh nghiệp, Hệ thống thông tin quản lý thuế, Hệ thống thông tin quản lý ngân sách, kho bạc và các hệ thống khác. Hệ thống mạng đấu thầu quốc gia được kết nối với các Cổng thông tin điện tử, Hệ thống công

about:blank                                                                                               35/61


---



1/13/26, 9:03 AM                                                    about:blank

nghệ thông tin khác để trao đổi, chia sẻ dữ liệu, thông tin phục vụ đấu thầu qua mạng và quản lý nhà nước về đấu thầu."
668dc391-9499-4a4e-a8ea-74bf83e88140,download.pdf,N/A,general,786,"## Điều 52. Trách nhiệm của tổ chức vận hành Hệ thống mạng đấu thầu quốc gia

1. Bảo đảm an toàn thông tin, an ninh mạng, bảo mật cơ sở dữ liệu của Hệ thống mạng đấu thầu quốc gia.

2. Bảo đảm tính toàn vẹn của các hồ sơ trên Hệ thống mạng đấu thầu quốc gia, ngăn chặn hành vi truy cập trái phép, thay thế hồ sơ bất hợp pháp.

3. Bảo đảm an toàn, an ninh, bảo mật cho người dùng và quản lý hồ sơ người dùng; có cơ chế ghi lại thông tin và truy xuất nguồn gốc thông tin theo thời gian, hành động trên Hệ thống mạng đấu thầu quốc gia.

4. Xây dựng Hệ thống mạng đấu thầu quốc gia bảo đảm tương thích với các hệ thống khác; giao diện thân thiện, đáp ứng tiêu chuẩn trong lĩnh vực công nghệ thông tin.

5. Quản trị rủi ro an toàn thông tin, an ninh mạng của Hệ thống mạng đấu thầu quốc gia."
9428a054-b9cd-4101-be87-8c73d3454927,download.pdf,N/A,general,543,"5. Quản trị rủi ro an toàn thông tin, an ninh mạng của Hệ thống mạng đấu thầu quốc gia.

6. Không được sử dụng các thông tin về dự án, dự án đầu tư kinh doanh, gói thầu, chủ đầu tư, bên mời thầu, nhà thầu, nhà đầu tư và thông tin khác trên Hệ thống mạng đấu thầu quốc gia để phục vụ cho các mục đích không thuộc chức năng, nhiệm vụ của tổ chức vận hành Hệ thống.

7. Bảo đảm hệ thống phần cứng đáp ứng yêu cầu triển khai hoạt động đấu thầu.

8. Thực hiện trách nhiệm khác theo quy định của Luật này và quy định khác của pháp luật có liên quan."
081d314d-c2dd-4569-9323-7dafdbb3e858,download.pdf,N/A,general,13,"## Chương V

"
f8a36bd9-c914-4451-8588-d2ffaf8b05d0,download.pdf,N/A,general,110,"## MUA SẮM TẬP TRUNG; MUA THUỐC, HÓA CHẤT, VẬT TƯ XÉT NGHIỆM, THIẾT BỊ Y TẾ; CUNG CẤP SẢN PHẨM, DỊCH VỤ CÔNG

"
9c3f5c1d-8a6d-4152-9e54-6e8b80e8bc8d,download.pdf,N/A,general,950,"## Điều 53. Mua sắm tập trung

1. Mua sắm tập trung được áp dụng khi đáp ứng đủ các điều kiện sau đây:

a) Hàng hóa, dịch vụ cần mua sắm với số lượng lớn, chủng loại tương tự ở một hoặc nhiều cơ quan, tổ chức, đơn vị.

Trường hợp mua thuốc hiếm, thuốc cần mua với số lượng ít có thể áp dụng hình thức mua sắm tập trung để bảo đảm có đủ thuốc phục vụ nhu cầu khám bệnh, chữa bệnh;

b) Thuộc danh mục hàng hóa, dịch vụ áp dụng mua sắm tập trung quy định tại khoản 2 Điều này.

2. Thẩm quyền ban hành danh mục hàng hóa, dịch vụ áp dụng mua sắm tập trung được quy định như sau:

a) Bộ trưởng Bộ Y tế ban hành danh mục mua sắm tập trung cấp quốc gia đối với thuốc; danh mục mua sắm tập trung cấp quốc gia đối với thiết bị y tế, vật tư xét nghiệm trong trường hợp cần thiết;

b) Bộ trưởng Bộ Tài chính ban hành danh mục hàng hóa, dịch vụ áp dụng mua sắm tập trung cấp quốc gia, trừ danh mục do Bộ trưởng Bộ Y tế ban hành theo quy định tại điểm a khoản này;"
88eb65b3-d8af-4d36-82a8-1f885af6e0e6,download.pdf,N/A,general,923,"b) Bộ trưởng Bộ Tài chính ban hành danh mục hàng hóa, dịch vụ áp dụng mua sắm tập trung cấp quốc gia, trừ danh mục do Bộ trưởng Bộ Y tế ban hành theo quy định tại điểm a khoản này;

c) Bộ trưởng, Thủ trưởng cơ quan ngang Bộ, cơ quan thuộc Chính phủ, cơ quan khác ở Trung ương, Chủ tịch Ủy ban nhân dân cấp tỉnh, người đứng đầu doanh nghiệp nhà nước, doanh nghiệp do doanh nghiệp nhà nước nắm giữ 100% vốn điều lệ ban hành danh mục hàng hóa, dịch vụ áp dụng mua sắm tập trung (bao gồm cả danh mục thuốc, thiết bị y tế, vật tư xét nghiệm) thuộc phạm vi quản lý của mình, trừ hàng hóa, dịch vụ

about:blank                                                                                               36/61


---



1/13/26, 9:03 AM                                    about:blank

thuộc danh mục mua sắm tập trung cấp quốc gia do Bộ trưởng Bộ Y tế, Bộ trưởng Bộ Tài chính ban hành theo quy định tại điểm a và điểm b khoản này."
5eebe0de-949e-4f0d-865c-016044572a65,download.pdf,N/A,general,852,"thuộc danh mục mua sắm tập trung cấp quốc gia do Bộ trưởng Bộ Y tế, Bộ trưởng Bộ Tài chính ban hành theo quy định tại điểm a và điểm b khoản này.

3. Mua sắm tập trung phải được thực hiện thông qua hình thức đấu thầu rộng rãi. Trường hợp hàng hóa thuộc danh mục mua sắm tập trung nhưng cần mua sắm để phòng, chống dịch bệnh theo quy định tại điểm c khoản 1 Điều 23 của Luật này thì được áp dụng hình thức chỉ định thầu. Trường hợp hàng hóa thuộc danh mục mua sắm tập trung đáp ứng điều kiện đàm phán giá theo quy định tại khoản 1 Điều 28 của Luật này thì được áp dụng hình thức đàm phán giá.

4. Mua sắm tập trung được thực hiện ở cấp quốc gia, Bộ, cơ quan trung ương, địa phương, doanh nghiệp và thực hiện theo một trong hai cách thức sau đây:

a) Đơn vị mua sắm tập trung tiến hành lựa chọn nhà thầu, trực tiếp ký hợp đồng với nhà thầu được lựa chọn;"
caaaf29e-d226-4222-bebb-d59f1d5e751d,download.pdf,N/A,general,889,"a) Đơn vị mua sắm tập trung tiến hành lựa chọn nhà thầu, trực tiếp ký hợp đồng với nhà thầu được lựa chọn;

b) Đơn vị mua sắm tập trung tiến hành lựa chọn nhà thầu, ký văn bản thỏa thuận khung với một hoặc nhiều nhà thầu được lựa chọn làm cơ sở để đơn vị có nhu cầu mua sắm ký hợp đồng với nhà thầu được lựa chọn.

5. Đối với hàng hóa, dịch vụ không thuộc danh mục mua sắm tập trung nhưng nhiều cơ quan, tổ chức, đơn vị có nhu cầu mua sắm hàng hóa, dịch vụ cùng loại thì có thể gộp thành một gói thầu để một trong các cơ quan, tổ chức, đơn vị mua sắm hoặc để đơn vị có chức năng mua sắm tập trung thực hiện việc mua sắm.

6. Đơn vị mua sắm tập trung thực hiện việc lựa chọn nhà thầu trên cơ sở nhiệm vụ được giao hoặc hợp đồng ký với các đơn vị có nhu cầu.

7. Chính phủ quy định chi tiết Điều này và quy định việc tổng hợp nhu cầu mua sắm tập trung của cơ sở khám bệnh, chữa bệnh tư nhân."
ae8088c1-3e76-4b86-8975-cb6d65fa7805,download.pdf,N/A,general,676,"## Điều 54. Thỏa thuận khung

1. Thỏa thuận khung trong mua sắm tập trung là thỏa thuận giữa đơn vị mua sắm tập trung với một hoặc nhiều nhà thầu được lựa chọn đối với gói thầu không chia phần hoặc đối với một phần của gói thầu chia phần.

2. Thỏa thuận khung quy định nội dung và điều kiện để làm cơ sở cho việc mua sắm theo từng hợp đồng cụ thể.

3. Thời hạn áp dụng thỏa thuận khung được quy định trong kế hoạch lựa chọn nhà thầu nhưng không quá 36 tháng. Tại thời điểm ký thỏa thuận khung, hồ sơ dự thầu của nhà thầu được lựa chọn còn hiệu lực.

4. Đối với nhà thầu liên danh, tất cả thành viên tham gia liên danh phải trực tiếp ký, đóng dấu (nếu có) vào thỏa thuận khung."
3bc72de8-6a0b-4b40-9af3-8a22a8019fad,download.pdf,N/A,general,955,"## Điều 55. Lựa chọn nhà thầu cung cấp thuốc, hóa chất, vật tư xét nghiệm, thiết bị y tế

1. Cơ sở khám bệnh, chữa bệnh có thể lựa chọn nhà thầu cung cấp hóa chất, vật tư xét nghiệm, thiết bị y tế theo một trong các cách thức sau đây:

a) Lựa chọn nhà thầu thực hiện gói thầu cung cấp hóa chất, vật tư xét nghiệm và nhà thầu trúng thầu chịu trách nhiệm cung cấp thiết bị y tế để sử dụng hóa chất, vật tư xét nghiệm đó theo yêu cầu của chủ đầu tư; nhà thầu không chuyển giao quyền sở hữu, chỉ chuyển giao quyền sử dụng thiết bị y tế cho cơ sở khám bệnh, chữa bệnh;

b) Lựa chọn nhà thầu theo số lượng dịch vụ kỹ thuật:

Nhà thầu cung cấp cho chủ đầu tư hoá chất, vật tư xét nghiệm, thiết bị y tế, linh kiện, phụ kiện thay thế và các dịch vụ liên quan để vận hành thiết bị y tế theo số lượng dịch vụ kỹ thuật mà chủ đầu tư, bên mời thầu

about:blank                                                                                                 37/61


---"
9898990f-dd08-4d7f-a938-5bc04e4dbbbc,download.pdf,N/A,general,945,"about:blank                                                                                                 37/61


---



1/13/26, 9:03 AM                                                    about:blank

yêu cầu trong hồ sơ mời thầu, hồ sơ yêu cầu, không cung cấp nhân công vận hành thiết bị y tế.

Nhà thầu chỉ chuyển giao quyền sử dụng, không chuyển giao quyền sở hữu thiết bị y tế cho chủ đầu tư. Giá gói thầu và giá dự thầu được xác định trên cơ sở số lượng dịch vụ kỹ thuật dự kiến. Thời gian thực hiện hợp đồng không quá 05 năm;

c) Lựa chọn nhà thầu thực hiện gói thầu cung cấp thiết bị y tế, hóa chất, vật tư xét nghiệm: Nhà thầu chuyển giao quyền sở hữu thiết bị y tế và hóa chất, vật tư xét nghiệm cho chủ đầu tư kể từ khi hợp đồng giữa các bên có hiệu lực;

d) Lựa chọn nhà thầu cung cấp thiết bị y tế theo quy định của pháp luật về đấu thầu;

đ) Lựa chọn nhà thầu cung cấp hóa chất, vật tư xét nghiệm để vận hành thiết bị y tế đã có;"
7cb96ca9-7ee8-47ed-a5a5-70d795c3b547,download.pdf,N/A,general,554,"d) Lựa chọn nhà thầu cung cấp thiết bị y tế theo quy định của pháp luật về đấu thầu;

đ) Lựa chọn nhà thầu cung cấp hóa chất, vật tư xét nghiệm để vận hành thiết bị y tế đã có;

e) Lựa chọn nhà thầu cung cấp dịch vụ kỹ thuật theo quy định của Luật Khám bệnh, chữa bệnh.

2. Đối với việc mua thuốc không thuộc danh mục thuốc do quỹ bảo hiểm y tế chi trả, mua vắc xin để tiêm chủng theo hình thức dịch vụ, cơ sở khám bệnh, chữa bệnh, cơ sở y tế tự quyết định việc mua sắm trên cơ sở bảo đảm công khai, minh bạch, hiệu quả kinh tế và trách nhiệm giải trình."
fc4b2c8f-1611-436b-9901-9344771bf77a,download.pdf,N/A,general,750,"3. Trường hợp các cơ sở khám bệnh, chữa bệnh tư nhân không chọn áp dụng quy định của Luật này đối với mua thuốc, hóa chất, vật tư xét nghiệm, thiết bị y tế thì cơ sở khám bệnh, chữa bệnh đó chỉ được thanh toán từ nguồn quỹ bảo hiểm y tế theo đúng giá mặt hàng thuốc, hóa chất, vật tư xét nghiệm, thiết bị y tế theo đơn giá đã trúng thầu của các cơ sở khám bệnh, chữa bệnh công lập tuyến tỉnh, tuyến trung ương hoặc cơ sở khám bệnh, chữa bệnh cùng cấp chuyên môn kỹ thuật trên cùng địa bàn; nếu không có giá trúng thầu của cơ sở khám bệnh, chữa bệnh công lập tuyến tỉnh, tuyến trung ương hoặc cơ sở khám bệnh, chữa bệnh cùng cấp chuyên môn kỹ thuật trên cùng địa bàn thì thực hiện theo quy định của Chính phủ.

4. Chính phủ quy định chi tiết Điều này."
6c3f6955-ebc2-4d17-9986-5adfe6cd6893,download.pdf,N/A,general,828,"## Điều 56. Ưu đãi trong mua thuốc

1. Việc ưu đãi trong mua thuốc thực hiện theo quy định tại Điều 10 của Luật này và quy định sau đây:

a) Đối với thuốc có ít nhất 03 hãng trong nước sản xuất đáp ứng về tiêu chí kỹ thuật theo quy định của Bộ Y tế và về chất lượng, giá thì chủ đầu tư quyết định việc yêu cầu nhà thầu chào thuốc xuất xứ trong nước đối với mặt hàng này;

b) Đối với thuốc được Bộ Y tế công bố có ít nhất 03 hãng trong nước sản xuất trên dây chuyền sản xuất thuốc đáp ứng nguyên tắc, tiêu chuẩn EU-GMP hoặc tương đương EU-GMP và đáp ứng tiêu chí kỹ thuật theo quy định của Bộ Y tế và về chất lượng, giá, khả năng cung cấp thì trong hồ sơ mời thầu, hồ sơ yêu cầu phải quy định nhà thầu chỉ chào thầu thuốc xuất xứ trong nước.

2. Bộ Y tế có trách nhiệm công bố danh mục thuốc quy định tại điểm b khoản 1 Điều này."
4d033f3a-cbd5-413b-9572-b1549f9a1605,download.pdf,N/A,general,1181,"## Điều 57. Lựa chọn nhà thầu cung cấp sản phẩm, dịch vụ công

1. Sản phẩm, dịch vụ công là sản phẩm, dịch vụ thiết yếu đối với đời sống kinh tế - xã hội của đất nước, cộng đồng dân cư hoặc bảo đảm quốc phòng, an ninh mà Nhà nước phải tổ chức thực hiện trong các lĩnh vực: giáo dục, đào tạo; giáo dục nghề nghiệp; y tế; văn hóa, thể thao và du lịch; thông tin và truyền thông; khoa học và công nghệ; tài nguyên và môi trường; giao thông vận tải; nông nghiệp và phát triển nông thôn; công thương; xây dựng; lao động, thương binh và xã hội; tư pháp và lĩnh vực khác theo quy định của pháp luật.

Sản phẩm, dịch vụ công bao gồm sản phẩm, dịch vụ công ích và dịch vụ sự nghiệp công.

about:blank                                                                                                 38/61


---



1/13/26, 9:03 AM                                about:blank

2. Việc lựa chọn nhà thầu cung cấp sản phẩm, dịch vụ công được thực hiện theo quy định của Luật này.

3. Ngoài các hình thức lựa chọn nhà thầu quy định tại Chương II của Luật này, việc lựa chọn nhà thầu cung cấp sản phẩm, dịch vụ công được thực hiện theo hình thức đặt hàng, giao nhiệm vụ theo quy định của Chính phủ."
4dc06d79-a3ce-4cc5-99f1-348559b55682,download.pdf,N/A,general,14,"## Chương VI

"
0e7cf591-0e5f-4493-8423-363cef7c0531,download.pdf,N/A,evaluation,64,"### PHƯƠNG PHÁP ĐÁNH GIÁ HỒ SƠ DỰ THẦU VÀ XÉT DUYỆT TRÚNG THẦU

"
126e2486-a91f-441a-84b6-0d7058e2357d,download.pdf,N/A,evaluation,653,"### Mục 1. PHƯƠNG PHÁP ĐÁNH GIÁ HỒ SƠ DỰ THẦU VÀ XÉT DUYỆT TRÚNG THẦU TRONG LỰA CHỌN NHÀ THẦU

#### Điều 58. Phương pháp đánh giá hồ sơ dự thầu đối với gói thầu cung cấp dịch vụ phi tư vấn, mua sắm hàng hóa, xây lắp, hỗn hợp

1. Phương pháp giá thấp nhất:

a) Phương pháp giá thấp nhất được áp dụng đối với gói thầu mà các đề xuất về kỹ thuật, tài chính, thương mại được coi là cùng một mặt bằng khi đáp ứng các yêu cầu của hồ sơ mời thầu;

b) Nhà thầu có hồ sơ dự thầu đáp ứng yêu cầu về kỹ thuật, có giá dự thầu sau sửa lỗi, hiệu chỉnh sai lệch (nếu có), trừ đi giá trị giảm giá (nếu có) thấp nhất được xếp hạng thứ nhất.

2. Phương pháp giá đánh giá:"
d342d840-8974-46d1-84b0-fa23d8422eac,download.pdf,N/A,evaluation,730,"2. Phương pháp giá đánh giá:

a) Giá đánh giá là giá dự thầu sau khi đã được sửa lỗi, hiệu chỉnh sai lệch theo yêu cầu của hồ sơ mời thầu, trừ đi giá trị giảm giá (nếu có), cộng với các yếu tố để quy đổi trên cùng một mặt bằng cho cả vòng đời sử dụng của hàng hóa, công trình, dịch vụ phi tư vấn. Giá đánh giá dùng để xếp hạng hồ sơ dự thầu đối với gói thầu mua sắm hàng hóa, xây lắp, dịch vụ phi tư vấn và gói thầu hỗn hợp áp dụng hình thức đấu thầu rộng rãi, đấu thầu hạn chế hoặc chào hàng cạnh tranh;

b) Phương pháp giá đánh giá được áp dụng đối với gói thầu mà các chi phí quy đổi được trên cùng một mặt bằng về các yếu tố kỹ thuật, tài chính, thương mại cho cả vòng đời sử dụng của hàng hóa, công trình, dịch vụ phi tư vấn;"
95f94ad6-7212-4a03-ac77-667f114f8ed6,download.pdf,N/A,evaluation,986,"c) Một hoặc các yếu tố được quy đổi trên cùng một mặt bằng để xác định giá đánh giá bao gồm: chi phí cần thiết để vận hành, bảo dưỡng và các chi phí khác liên quan đến lãi vay, tiến độ, chất lượng của hàng hóa, dịch vụ hoặc công trình xây dựng thuộc gói thầu; công suất, hiệu suất; kết quả thống kê, đánh giá việc thực hiện các hợp đồng tương tự trước đó, bao gồm cả việc xem xét xuất xứ; đấu thầu bền vững và các yếu tố khác;

d) Nhà thầu có giá đánh giá thấp nhất được xếp hạng thứ nhất.

3. Phương pháp kết hợp giữa kỹ thuật và giá:

a) Phương pháp kết hợp giữa kỹ thuật và giá có thể được áp dụng đối với gói thầu công nghệ thông tin, viễn thông, bảo hiểm; gói thầu hàng hóa, xây lắp có đặc thù, yêu cầu kỹ thuật cao mà không áp dụng được phương pháp giá đánh giá và gói thầu cần xem xét trên cơ sở chú trọng tới các yếu tố kỹ thuật và giá;

b) Điểm tổng hợp được xây dựng trên cơ sở kết hợp giữa điểm kỹ thuật và điểm giá. Nhà thầu có điểm tổng hợp cao nhất được xếp hạng thứ nhất."
eff38561-d8b6-45b5-82b8-594477414352,download.pdf,N/A,evaluation,806,"b) Điểm tổng hợp được xây dựng trên cơ sở kết hợp giữa điểm kỹ thuật và điểm giá. Nhà thầu có điểm tổng hợp cao nhất được xếp hạng thứ nhất.

4. Đối với tiêu chuẩn đánh giá về năng lực, kinh nghiệm, sử dụng tiêu chí đạt, không đạt. Đối với tiêu chuẩn đánh giá về kỹ thuật, sử dụng phương pháp chấm điểm hoặc tiêu chí đạt, không đạt. Đối với phương pháp kết hợp giữa kỹ thuật và giá quy định tại khoản 3 Điều này, sử dụng phương pháp chấm điểm để xây dựng

about:blank                                                                                               39/61


---



1/13/26, 9:03 AM                                   about:blank

tiêu chuẩn đánh giá về kỹ thuật. Khi sử dụng phương pháp chấm điểm, phải quy định mức điểm yêu cầu tối thiểu về kỹ thuật không thấp hơn 70% tổng số điểm về kỹ thuật."
db9a3c7f-b966-41cf-93c4-f16f037fce0a,download.pdf,N/A,evaluation,971,"## Điều 59. Phương pháp đánh giá hồ sơ dự thầu đối với gói thầu cung cấp dịch vụ tư vấn

1. Phương pháp giá thấp nhất:

a) Phương pháp giá thấp nhất được áp dụng đối với các gói thầu tư vấn đơn giản, gói thầu tư vấn có quy trình thực hiện rõ ràng theo các tiêu chuẩn có sẵn;

b) Nhà thầu có hồ sơ dự thầu đáp ứng yêu cầu về kỹ thuật, có giá dự thầu sau sửa lỗi, hiệu chỉnh sai lệch (nếu có), trừ đi giá trị giảm giá (nếu có) thấp nhất được xếp hạng thứ nhất.

2. Phương pháp giá cố định:

a) Phương pháp giá cố định được áp dụng đối với các gói thầu tư vấn đơn giản, phạm vi công việc được xác định chính xác, chi phí thực hiện gói thầu được xác định hợp lý, cụ thể và cố định trong hồ sơ mời thầu;

b) Nhà thầu có hồ sơ dự thầu đáp ứng yêu cầu về kỹ thuật, có giá dự thầu sau sửa lỗi, hiệu chỉnh sai lệch (nếu có), trừ đi giá trị giảm giá (nếu có) không vượt giá gói thầu và có điểm kỹ thuật cao nhất được xếp hạng thứ nhất.

3. Phương pháp kết hợp giữa kỹ thuật và giá:"
7971bee3-a53a-4b01-a601-dc23ca93c4d9,download.pdf,N/A,evaluation,880,"3. Phương pháp kết hợp giữa kỹ thuật và giá:

a) Phương pháp kết hợp giữa kỹ thuật và giá được áp dụng đối với gói thầu tư vấn chú trọng tới cả chất lượng và chi phí thực hiện gói thầu;

b) Điểm tổng hợp được xây dựng trên cơ sở kết hợp giữa điểm kỹ thuật và điểm giá. Khi xây dựng điểm tổng hợp phải bảo đảm nguyên tắc tỷ trọng điểm về kỹ thuật từ 70% đến 80%, điểm về giá từ 20% đến 30% tổng số điểm của thang điểm tổng hợp; tỷ trọng điểm về kỹ thuật cộng với tỷ trọng điểm về giá bằng 100%. Nhà thầu có điểm tổng hợp cao nhất được xếp hạng thứ nhất.

4. Phương pháp dựa trên kỹ thuật:

a) Phương pháp dựa trên kỹ thuật được áp dụng đối với gói thầu tư vấn có yêu cầu kỹ thuật cao, đặc thù;

b) Nhà thầu có hồ sơ dự thầu đáp ứng yêu cầu về kỹ thuật và đạt điểm kỹ thuật cao nhất được xếp hạng thứ nhất, được mời đến mở hồ sơ đề xuất tài chính, làm cơ sở để thương thảo hợp đồng."
da2ee723-187c-48f0-85d5-172ac85cd028,download.pdf,N/A,general,888,"## Điều 60. Xét duyệt trúng thầu đối với đấu thầu cung cấp dịch vụ tư vấn

1. Nhà thầu tư vấn là tổ chức được xem xét, đề nghị trúng thầu khi đáp ứng đủ các điều kiện sau đây:

a) Có hồ sơ dự thầu, hồ sơ đề xuất hợp lệ;

b) Có đề xuất về kỹ thuật đáp ứng yêu cầu của hồ sơ mời thầu, hồ sơ yêu cầu;

c) Đối với phương pháp giá thấp nhất: có giá dự thầu sau sửa lỗi, hiệu chỉnh sai lệch (nếu có), trừ đi giá trị giảm giá (nếu có) thấp nhất; đối với gói thầu áp dụng loại hợp đồng trọn gói: có giá dự thầu trừ đi giá trị giảm giá (nếu có) thấp nhất; đối với phương pháp giá cố định và phương pháp dựa trên kỹ thuật: có điểm kỹ thuật cao nhất; đối với phương pháp kết hợp giữa kỹ thuật và giá: có điểm tổng hợp cao nhất;

d) Có giá đề nghị trúng thầu không vượt giá gói thầu được phê duyệt.

2. Nhà thầu tư vấn là cá nhân được xem xét, đề nghị trúng thầu khi đáp ứng đủ các điều kiện sau đây:"
6419f727-6d60-4c73-810e-3d7c487ad05c,download.pdf,N/A,general,653,"d) Có giá đề nghị trúng thầu không vượt giá gói thầu được phê duyệt.

2. Nhà thầu tư vấn là cá nhân được xem xét, đề nghị trúng thầu khi đáp ứng đủ các điều kiện sau đây:

about:blank                                                                                                   40/61


---



1/13/26, 9:03 AM                           about:blank

a) Có hồ sơ lý lịch khoa học, đề xuất kỹ thuật (nếu có) tốt nhất và đáp ứng yêu cầu của điều khoản tham chiếu;

b) Có giá đề nghị trúng thầu không vượt giá gói thầu được phê duyệt.

3. Đối với nhà thầu không được lựa chọn, thông báo kết quả lựa chọn nhà thầu phải nêu lý do nhà thầu không trúng thầu."
9afa3f78-9540-49eb-893d-3ce4f39c112f,download.pdf,N/A,general,991,"## Điều 61. Xét duyệt trúng thầu đối với đấu thầu cung cấp dịch vụ phi tư vấn, mua sắm hàng hóa, xây lắp, hỗn hợp

1. Nhà thầu cung cấp dịch vụ phi tư vấn, mua sắm hàng hóa, xây lắp, hỗn hợp được xem xét, đề nghị trúng thầu khi đáp ứng đủ các điều kiện sau đây:

a) Có hồ sơ dự thầu, hồ sơ đề xuất hợp lệ;

b) Có năng lực, kinh nghiệm đáp ứng yêu cầu của hồ sơ mời thầu, hồ sơ yêu cầu;

c) Có đề xuất kỹ thuật đáp ứng yêu cầu của hồ sơ mời thầu, hồ sơ yêu cầu;

d) Có giá trị phần sai lệch thiếu không quá 10% giá dự thầu;

đ) Đối với phương pháp giá thấp nhất: có giá dự thầu sau sửa lỗi, hiệu chỉnh sai lệch (nếu có), trừ đi giá trị giảm giá (nếu có) thấp nhất; đối với phương pháp giá đánh giá: có giá đánh giá thấp nhất; đối với phương pháp kết hợp giữa kỹ thuật và giá: có điểm tổng hợp cao nhất;

e) Có giá đề nghị trúng thầu không vượt giá gói thầu được phê duyệt.

2. Đối với nhà thầu không được lựa chọn, thông báo kết quả lựa chọn nhà thầu phải nêu lý do nhà thầu không trúng thầu."
87d19444-1cfd-40a6-bfa1-bb70ad5e57e0,download.pdf,N/A,evaluation,96,"## Mục 2. PHƯƠNG PHÁP ĐÁNH GIÁ HỒ SƠ DỰ THẦU VÀ XÉT DUYỆT TRÚNG THẦU TRONG LỰA CHỌN NHÀ ĐẦU TƯ

"
256958ff-c4d0-43ec-9ac0-50db106e3622,download.pdf,N/A,evaluation,791,"## Điều 62. Phương pháp đánh giá hồ sơ dự thầu

1. Phương pháp đánh giá lợi ích xã hội, lợi ích nhà nước được áp dụng để đánh giá năng lực, kinh nghiệm của nhà đầu tư và hiệu quả phương án đầu tư kinh doanh do nhà đầu tư đề xuất, bao gồm hiệu quả sử dụng đất, hiệu quả đầu tư phát triển ngành, lĩnh vực, địa phương.

2. Việc đánh giá hồ sơ dự thầu của nhà đầu tư được thực hiện trên cơ sở các tiêu chuẩn sau đây:

a) Tiêu chuẩn đánh giá năng lực của nhà đầu tư về tài chính, khả năng thu xếp vốn, kinh nghiệm thực hiện các dự án đầu tư kinh doanh tương tự;

b) Tiêu chuẩn đánh giá phương án đầu tư kinh doanh của nhà đầu tư, trong đó bao gồm các tiêu chuẩn về kỹ thuật, xã hội, môi trường;

c) Tiêu chuẩn đánh giá hiệu quả sử dụng đất, hiệu quả đầu tư phát triển ngành, lĩnh vực, địa phương."
f09a5cd7-5d6b-44ea-bd69-4f2201de7eef,download.pdf,N/A,evaluation,774,"c) Tiêu chuẩn đánh giá hiệu quả sử dụng đất, hiệu quả đầu tư phát triển ngành, lĩnh vực, địa phương.

3. Đối với dự án đầu tư kinh doanh có yêu cầu đặc thù về điều kiện đầu tư kinh doanh, quản lý, phát triển ngành, lĩnh vực theo quy định của pháp luật về đầu tư, quản lý ngành, lĩnh vực thì hồ sơ mời thầu xác định tiêu chí cố định trong số các tiêu chuẩn quy định tại khoản 2 Điều này.

4. Tiêu chuẩn đánh giá hồ sơ dự thầu được xây dựng theo thang điểm 100 hoặc 1.000. Điểm tổng hợp được xây dựng trên cơ sở kết hợp giữa điểm năng lực, kinh nghiệm, điểm phương án đầu tư kinh doanh và điểm

about:blank                                                                                              41/61


---



1/13/26, 9:03 AM                                  about:blank"
1149c211-9afa-4b4c-ba13-cd01d280d5a5,download.pdf,N/A,evaluation,450,"about:blank                                                                                              41/61


---



1/13/26, 9:03 AM                                  about:blank

hiệu quả sử dụng đất, hiệu quả đầu tư phát triển ngành, lĩnh vực, địa phương. Nhà đầu tư đáp ứng điểm tối thiểu của từng tiêu chuẩn quy định tại khoản 2 và khoản 3 Điều này và có điểm tổng hợp cao nhất được xếp hạng thứ nhất.

5. Chính phủ quy định chi tiết Điều này."
a9058a28-d249-4c2b-a7f1-ba82e527a6c6,download.pdf,N/A,general,639,"## Điều 63. Xét duyệt trúng thầu

1. Nhà đầu tư được xem xét, đề nghị trúng thầu khi đáp ứng đủ các điều kiện sau đây:

a) Có hồ sơ dự thầu hợp lệ;

b) Đáp ứng yêu cầu về năng lực và kinh nghiệm;

c) Đáp ứng yêu cầu về phương án đầu tư kinh doanh;

d) Đáp ứng yêu cầu về hiệu quả sử dụng đất, hiệu quả đầu tư phát triển ngành, lĩnh vực, địa phương;

đ) Có điểm tổng hợp về năng lực, kinh nghiệm, phương án đầu tư kinh doanh và hiệu quả sử dụng đất, hiệu quả đầu tư phát triển ngành, lĩnh vực, địa phương cao nhất.

2. Đối với nhà đầu tư không được lựa chọn, thông báo kết quả lựa chọn nhà đầu tư phải nêu lý do nhà đầu tư không trúng thầu."
a4c1da89-a84c-48b6-87c6-269e2615b882,download.pdf,N/A,general,14,"# Chương VII

"
05edd5cd-0611-4309-89d4-8a5e6bd9466c,download.pdf,N/A,general,13,"## HỢP ĐỒNG

"
0c73bee2-0732-43b3-a4d8-d5d408755ec5,download.pdf,N/A,general,34,"### Mục 1. HỢP ĐỒNG VỚI NHÀ THẦU

"
5cc1db0b-c231-4975-963b-3232fd33f628,download.pdf,N/A,general,588,"## Điều 64. Loại hợp đồng

1. Hợp đồng trọn gói:

a) Hợp đồng trọn gói được áp dụng đối với gói thầu mà tại thời điểm lựa chọn nhà thầu, phạm vi công việc, yêu cầu kỹ thuật, thời gian thực hiện gói thầu được xác định rõ, ít có khả năng thay đổi về khối lượng, yêu cầu kỹ thuật, các điều kiện không lường trước được; gói thầu chưa thể xác định được rõ khối lượng, đơn giá nhưng các bên tham gia hợp đồng xác định được khả năng quản lý rủi ro, quản lý thay đổi phát sinh hoặc xác định được các tính chất, đặc điểm của sản phẩm đầu ra, bao gồm cả hợp đồng EPC và hợp đồng chìa khóa trao tay;"
cd940e61-16da-4198-940d-703d2dde0afc,download.pdf,N/A,general,767,"b) Khi áp dụng hợp đồng trọn gói, giá gói thầu làm căn cứ xét duyệt trúng thầu bao gồm chi phí dự phòng cho các yếu tố rủi ro về khối lượng công việc và trượt giá có thể xảy ra trong quá trình thực hiện hợp đồng tương ứng với trách nhiệm quản lý rủi ro giao cho nhà thầu trong gói thầu. Giá dự thầu phải bao gồm tất cả chi phí cho các yếu tố rủi ro về khối lượng công việc và trượt giá có thể phát sinh trong quá trình thực hiện hợp đồng tương ứng với trách nhiệm của nhà thầu trong việc thực hiện gói thầu;

c) Giá hợp đồng không thay đổi trong suốt thời gian thực hiện hợp đồng đối với phạm vi công việc, yêu cầu kỹ thuật và điều khoản quy định trong hợp đồng, trừ trường hợp bất khả kháng và thay đổi phạm vi công việc phải thực hiện dẫn đến giá hợp đồng thay đổi;"
a627beaa-d3e3-411e-9016-c8fc85e8176f,download.pdf,N/A,general,941,"d) Việc thanh toán được thực hiện theo tỷ lệ phần trăm giá hợp đồng hoặc giá công trình, hạng mục công trình, khối lượng công việc tương ứng với giai đoạn thanh toán được các bên thỏa thuận trong hợp đồng, khi thanh toán không yêu cầu có xác nhận khối lượng hoàn thành chi tiết.

2. Hợp đồng theo đơn giá cố định:

about:blank                                                                                                42/61


---



1/13/26, 9:03 AM                                    about:blank

a) Hợp đồng theo đơn giá cố định được áp dụng đối với gói thầu mà tại thời điểm lựa chọn nhà thầu bản chất công việc đã xác định được rõ ràng nhưng chưa xác định được chính xác số lượng, khối lượng công việc thực tế phải hoàn thành. Giá hợp đồng ban đầu dựa trên số lượng, khối lượng công việc, đơn giá cố định theo hợp đồng và chi phí dự phòng cho số lượng, khối lượng công việc có thể phát sinh được xác định theo quy định của pháp luật;"
5d810414-e833-4f36-af31-e15c512689a6,download.pdf,N/A,general,297,"b) Hợp đồng theo đơn giá cố định có đơn giá không thay đổi trong suốt thời gian thực hiện đối với toàn bộ nội dung công việc trong hợp đồng. Nhà thầu được thanh toán theo số lượng, khối lượng công việc được nghiệm thu và đơn giá cố định quy định tại hợp đồng.

3. Hợp đồng theo đơn giá điều chỉnh:"
2733eb40-ac46-4cd3-ae2f-3557e62c6b02,download.pdf,N/A,general,971,"3. Hợp đồng theo đơn giá điều chỉnh:

a) Hợp đồng theo đơn giá điều chỉnh được áp dụng đối với gói thầu có thời gian thực hiện dài và có rủi ro biến động giá đối với các chi phí đầu vào để thực hiện hợp đồng, có thể tác động tiêu cực đến việc thực hiện gói thầu nếu áp dụng đơn giá cố định. Hợp đồng theo đơn giá điều chỉnh có đơn giá, giá hợp đồng có thể được điều chỉnh căn cứ vào các thỏa thuận trong hợp đồng đối với toàn bộ nội dung công việc trong hợp đồng. Giá hợp đồng ban đầu dựa trên cơ sở số lượng, khối lượng công việc cần thiết với đơn giá cơ sở theo hợp đồng và chi phí dự phòng cho số lượng, khối lượng công việc có thể phát sinh, chi phí dự phòng trượt giá. Nội dung hợp đồng phải quy định phương pháp tính trượt giá và chi phí dự phòng trượt giá theo quy định của pháp luật;

b) Nhà thầu được thanh toán theo số lượng, khối lượng công việc được nghiệm thu và đơn giá quy định tại hợp đồng hoặc đơn giá đã điều chỉnh (nếu có).

4. Hợp đồng theo thời gian:"
dde07d9e-6d58-4876-911a-5b41d1d2007a,download.pdf,N/A,general,591,"b) Nhà thầu được thanh toán theo số lượng, khối lượng công việc được nghiệm thu và đơn giá quy định tại hợp đồng hoặc đơn giá đã điều chỉnh (nếu có).

4. Hợp đồng theo thời gian:

Hợp đồng theo thời gian có thể áp dụng trong tình trạng khẩn cấp; sửa chữa, bảo trì công trình, máy móc, thiết bị; dịch vụ tư vấn khi khó xác định được phạm vi và thời gian thực hiện dịch vụ. Giá hợp đồng được tính trên cơ sở đơn giá cho đơn vị thời gian, mức lương đã thỏa thuận theo giờ, ngày, tuần hoặc tháng nêu trong hợp đồng và chi phí phát sinh hợp lý có thể bồi hoàn.

5. Hợp đồng theo chi phí cộng phí:"
48bd2bde-88b6-4a17-afd3-02188df66e95,download.pdf,N/A,general,577,"5. Hợp đồng theo chi phí cộng phí:

Hợp đồng theo chi phí cộng phí được áp dụng đối với công việc, dịch vụ mà tại thời điểm lựa chọn nhà thầu chưa đủ cơ sở xác định phạm vi công việc, nhu cầu cần thiết về các yếu tố, chi phí đầu vào để thực hiện các công việc dự kiến của hợp đồng. Tại thời điểm ký kết hợp đồng, các bên thỏa thuận về chi phí quản lý, chi phí chung, lợi nhuận, phương pháp tính theo chi phí trực tiếp; phương pháp xác định chi phí trực tiếp làm căn cứ để tính toán chi phí trực tiếp và các nội dung khác để thực hiện hợp đồng.

6. Hợp đồng theo kết quả đầu ra:"
cbdaa415-3034-4405-8472-30e90bd9bc8d,download.pdf,N/A,general,917,"6. Hợp đồng theo kết quả đầu ra:

Hợp đồng theo kết quả đầu ra được áp dụng đối với công việc, dịch vụ mà việc thanh toán căn cứ vào kết quả thực hiện hợp đồng được nghiệm thu về chất lượng, số lượng và các yếu tố khác. Hợp đồng phải nêu rõ yêu cầu cụ thể về số lượng, chất lượng đầu ra, biện pháp kiểm tra, đánh giá, xác định mức độ đáp ứng về chất lượng đầu ra, mức giảm trừ thanh toán, quy định về điều chỉnh giá (nếu có) và các nội dung khác để thực hiện hợp đồng.

7. Hợp đồng theo tỷ lệ phần trăm:

Hợp đồng theo tỷ lệ phần trăm chỉ có thể áp dụng cho gói thầu bảo hiểm công trình mà giá trị hợp đồng được xác định chính xác trên cơ sở giá trị công trình thực tế được nghiệm thu.

8. Hợp đồng hỗn hợp:

Hợp đồng hỗn hợp là hợp đồng có nội dung kết hợp các loại hợp đồng quy định tại các khoản 1, 2, 3, 4, 5, 6 và 7 Điều này. Hợp đồng hỗn hợp phải quy định rõ phạm vi công việc áp dụng đối với từng loại hợp đồng"
5ccbaf04-60e6-47d7-8777-e7e0f51cd4ea,download.pdf,N/A,general,567,"about:blank                                                                                              43/61


---



1/13/26, 9:03 AM                                  about:blank
about:blank                                                                                              44/61

tương ứng và các nội dung bổ sung, điều chỉnh liên quan khi áp dụng đồng thời nhiều loại hợp đồng đối với một nội dung công việc, dịch vụ. Việc thanh toán đối với hợp đồng hỗn hợp phải phù hợp với quy định thanh toán theo từng loại hợp đồng cho phạm vi công việc thực hiện."
435e7403-dee6-4673-a448-0ba77b4f5cdc,download.pdf,N/A,general,863,"## Điều 65. Hồ sơ hợp đồng với nhà thầu

1. Hồ sơ hợp đồng với nhà thầu bao gồm các tài liệu sau đây:

a) Văn bản hợp đồng;

b) Phụ lục hợp đồng gồm danh mục chi tiết về phạm vi công việc, biểu giá, tiến độ thực hiện (nếu có);

c) Quyết định phê duyệt kết quả lựa chọn nhà thầu.

2. Ngoài các tài liệu quy định tại khoản 1 Điều này, tùy theo quy mô, tính chất của gói thầu, hồ sơ hợp đồng có thể bao gồm một hoặc một số tài liệu sau đây:

a) Biên bản hoàn thiện hợp đồng;

b) Biên bản thương thảo hợp đồng (nếu có);

c) Văn bản thỏa thuận của các bên về điều kiện của hợp đồng, bao gồm điều kiện chung, điều kiện cụ thể;

d) Hồ sơ dự thầu, hồ sơ đề xuất và các tài liệu làm rõ hồ sơ dự thầu, hồ sơ đề xuất của nhà thầu được lựa chọn;

đ) Hồ sơ mời thầu, hồ sơ yêu cầu và các tài liệu sửa đổi, bổ sung hồ sơ mời thầu, hồ sơ yêu cầu;

e) Tài liệu khác có liên quan."
13c95b89-5435-467a-8272-fe3e0c69e42e,download.pdf,N/A,general,591,"## Điều 66. Điều kiện ký kết hợp đồng

1. Tại thời điểm ký kết, hồ sơ dự thầu, hồ sơ đề xuất của nhà thầu được lựa chọn còn hiệu lực. Đối với mua sắm tập trung áp dụng thỏa thuận khung, tại thời điểm ký kết, thỏa thuận khung còn hiệu lực.

2. Tại thời điểm ký kết, nhà thầu được lựa chọn phải bảo đảm đáp ứng yêu cầu về năng lực kỹ thuật, tài chính để thực hiện gói thầu theo yêu cầu của hồ sơ mời thầu, hồ sơ yêu cầu.

3. Chủ đầu tư phải bảo đảm các điều kiện về vốn tạm ứng, vốn thanh toán, mặt bằng thực hiện và điều kiện cần thiết khác để triển khai thực hiện gói thầu theo đúng tiến độ."
30067038-3d6b-4911-ac8a-466fe2617964,download.pdf,N/A,general,555,"## Điều 67. Ký kết hợp đồng với nhà thầu được lựa chọn

Việc ký kết hợp đồng giữa chủ đầu tư và nhà thầu được thực hiện như sau:

1. Một gói thầu được thực hiện theo một hợp đồng; trong một hợp đồng có thể áp dụng một hoặc nhiều loại hợp đồng quy định tại Điều 64 của Luật này; đối với gói thầu mua sắm tập trung hoặc gói thầu chia thành nhiều phần, một gói thầu có thể thực hiện theo nhiều hợp đồng tương ứng với một hoặc một số phần. Trường hợp áp dụng nhiều loại hợp đồng thì phải quy định rõ loại hợp đồng tương ứng với từng nội dung công việc cụ thể;"
04924d25-5913-4705-9243-3b5349373df8,download.pdf,N/A,general,976,"2. Hợp đồng được ký kết giữa các bên phải phù hợp với nội dung trong hồ sơ mời thầu, hồ sơ yêu cầu, hồ sơ dự thầu, hồ sơ đề xuất, kết quả thương thảo hợp đồng (nếu có), quyết định phê duyệt kết quả lựa chọn nhà thầu, trong đó nêu rõ phạm vi công việc dành cho nhà thầu phụ đặc biệt (nếu có) và giá trị công việc tối đa dành cho nhà thầu phụ. Giá trị công việc tối đa dành cho nhà thầu phụ không bao gồm khối lượng công việc dành cho nhà thầu phụ đặc biệt;

---



1/13/26, 9:03 AM                                 about:blank

3. Đối với nhà thầu liên danh, tất cả thành viên tham gia liên danh phải trực tiếp ký, đóng dấu (nếu có) vào văn bản hợp đồng; đối với mua sắm tập trung áp dụng thỏa thuận khung, tất cả thành viên tham gia liên danh trực tiếp ký, đóng dấu (nếu có) vào văn bản hợp đồng hoặc thành viên liên danh ký, đóng dấu (nếu có) vào văn bản hợp đồng với đơn vị có nhu cầu mua sắm theo phân công tại thỏa thuận liên danh;

4. Chính phủ quy định chi tiết Điều này."
6781a191-a520-42e0-b318-5cc29f51824e,download.pdf,N/A,general,967,"## Điều 68. Bảo đảm thực hiện hợp đồng

1. Nhà thầu phải thực hiện một trong các biện pháp sau đây để bảo đảm trách nhiệm thực hiện hợp đồng:

a) Đặt cọc;

b) Nộp thư bảo lãnh của tổ chức tín dụng trong nước, chi nhánh ngân hàng nước ngoài được thành lập theo pháp luật Việt Nam;

c) Nộp giấy chứng nhận bảo hiểm bảo lãnh của doanh nghiệp bảo hiểm phi nhân thọ trong nước, chi nhánh doanh nghiệp bảo hiểm phi nhân thọ nước ngoài được thành lập theo pháp luật Việt Nam.

2. Bảo đảm thực hiện hợp đồng được áp dụng đối với nhà thầu được lựa chọn, trừ các trường hợp sau đây:

a) Nhà thầu cung cấp dịch vụ tư vấn;

b) Nhà thầu được lựa chọn theo hình thức tự thực hiện hoặc hình thức tham gia thực hiện của cộng đồng;

c) Nhà thầu thực hiện gói thầu có giá gói thầu thuộc hạn mức chỉ định thầu quy định tại điểm m khoản 1 Điều 23 của Luật này.

3. Nhà thầu được lựa chọn phải thực hiện biện pháp bảo đảm thực hiện hợp đồng trước hoặc cùng thời điểm hợp đồng có hiệu lực."
44f7fbb3-6a56-4b76-8ac7-50e6063e1953,download.pdf,N/A,general,927,"3. Nhà thầu được lựa chọn phải thực hiện biện pháp bảo đảm thực hiện hợp đồng trước hoặc cùng thời điểm hợp đồng có hiệu lực.

4. Căn cứ quy mô, tính chất của gói thầu, giá trị bảo đảm thực hiện hợp đồng được quy định trong hồ sơ mời thầu, hồ sơ yêu cầu theo mức xác định từ 2% đến 10% giá hợp đồng.

5. Thời gian có hiệu lực của bảo đảm thực hiện hợp đồng được tính từ ngày hợp đồng có hiệu lực cho đến ngày các bên hoàn thành nghĩa vụ theo hợp đồng hoặc ngày chuyển sang thực hiện nghĩa vụ bảo hành đối với trường hợp có quy định về bảo hành. Trường hợp cần gia hạn thời gian thực hiện hợp đồng, phải yêu cầu nhà thầu gia hạn tương ứng thời gian có hiệu lực của bảo đảm thực hiện hợp đồng trước khi gia hạn thời gian thực hiện hợp đồng.

6. Nhà thầu không được hoàn trả bảo đảm thực hiện hợp đồng trong các trường hợp sau đây:

a) Từ chối thực hiện hợp đồng khi hợp đồng đã có hiệu lực;

b) Vi phạm thỏa thuận trong hợp đồng;"
fef49092-36da-45dc-bbb7-3fb6fb41fc3c,download.pdf,N/A,general,306,"6. Nhà thầu không được hoàn trả bảo đảm thực hiện hợp đồng trong các trường hợp sau đây:

a) Từ chối thực hiện hợp đồng khi hợp đồng đã có hiệu lực;

b) Vi phạm thỏa thuận trong hợp đồng;

c) Thực hiện hợp đồng chậm tiến độ do lỗi của nhà thầu nhưng từ chối gia hạn hiệu lực của bảo đảm thực hiện hợp đồng."
59850ab2-062e-4fa0-a8d0-b9435ead806c,download.pdf,N/A,general,453,"## Điều 69. Nguyên tắc thực hiện hợp đồng

1. Các bên ký kết hợp đồng có trách nhiệm thực hiện theo hợp đồng đã ký kết.

2. Bảo đảm trung thực, hợp tác và đúng pháp luật.

3. Không xâm phạm đến lợi ích của Nhà nước, cộng đồng và lợi ích hợp pháp của tổ chức, cá nhân khác.

about:blank                                                                                           45/61


---



1/13/26, 9:03 AM                                   about:blank"
91bd460a-36fa-4e86-a3ae-03a95bd8ed40,download.pdf,N/A,general,964,"## Điều 70. Sửa đổi hợp đồng

1. Sửa đổi hợp đồng có thể thực hiện trong các trường hợp sau đây:

a) Các trường hợp do các bên thỏa thuận trong hợp đồng đã ký kết phù hợp với quy định của pháp luật;

b) Trường hợp hoàn cảnh thực hiện hợp đồng có thay đổi cơ bản theo quy định của pháp luật về dân sự;

c) Theo yêu cầu của cơ quan nhà nước có thẩm quyền làm ảnh hưởng đến việc thực hiện hợp đồng mà không do lỗi của chủ đầu tư.

2. Nội dung sửa đổi hợp đồng có thể bao gồm: khối lượng, tiến độ, giá, áp dụng tùy chọn mua thêm và các nội dung khác do các bên thỏa thuận trong hợp đồng đã ký kết, trừ trường hợp quy định tại khoản 5 Điều này. Đối với việc sửa đổi về tiến độ, khối lượng, giá chỉ áp dụng trong thời gian thực hiện gói thầu ghi trong hợp đồng, trừ trường hợp áp dụng tùy chọn mua thêm.

3. Trong quá trình thực hiện hợp đồng, các bên được điều chỉnh các mốc thời gian hoàn thành các nội dung quy định cụ thể trong hợp đồng trong các trường hợp sau đây:"
f5b6575d-5238-4ca1-b72b-d5ee4024ec25,download.pdf,N/A,general,978,"3. Trong quá trình thực hiện hợp đồng, các bên được điều chỉnh các mốc thời gian hoàn thành các nội dung quy định cụ thể trong hợp đồng trong các trường hợp sau đây:

a) Trường hợp bất khả kháng hoặc phát sinh các điều kiện bất lợi, cản trở nhà thầu trong việc thực hiện hợp đồng và không liên quan đến vi phạm hoặc sơ suất của các bên tham gia hợp đồng;

b) Thay đổi, điều chỉnh dự án, phạm vi công việc, phạm vi cung cấp, thiết kế, giải pháp thi công chủ đạo, biện pháp cung cấp do yêu cầu khách quan làm ảnh hưởng đến tiến độ hợp đồng;

c) Một hoặc các bên đề xuất sáng kiến, cải tiến thực hiện hợp đồng mà cần thay đổi tiến độ nhằm mục đích mang lại lợi ích cao hơn cho chủ đầu tư;

d) Việc bàn giao mặt bằng không đúng với thỏa thuận trong hợp đồng, tạm dừng hợp đồng do lỗi của chủ đầu tư ảnh hưởng đến tiến độ hợp đồng mà không do lỗi của nhà thầu;

đ) Tạm dừng thực hiện công việc theo yêu cầu của cơ quan nhà nước có thẩm quyền mà không do lỗi của chủ đầu tư, nhà thầu."
70949512-5f8d-48db-b6b8-0b970eaf0c44,download.pdf,N/A,general,963,"đ) Tạm dừng thực hiện công việc theo yêu cầu của cơ quan nhà nước có thẩm quyền mà không do lỗi của chủ đầu tư, nhà thầu.

4. Khi sửa đổi hợp đồng làm thay đổi thời gian thực hiện hợp đồng hoặc vượt giá gói thầu (bao gồm dự phòng) được duyệt thì phải được người có thẩm quyền cho phép. Giá hợp đồng sau khi điều chỉnh phải bảo đảm không vượt tổng mức đầu tư, dự toán mua sắm. Trường hợp dự án, dự toán mua sắm gồm nhiều gói thầu, tổng giá hợp đồng sau khi điều chỉnh phải bảo đảm không vượt tổng mức đầu tư, dự toán mua sắm.

5. Các bên không phải ký kết văn bản sửa đổi hợp đồng đối với trường hợp thay đổi giá hợp đồng, khối lượng và nội dung khác đã được quy định trong hợp đồng khi đáp ứng đủ các điều kiện sau đây:

a) Không vượt giá gói thầu ghi trong kế hoạch lựa chọn nhà thầu; trường hợp dự toán gói thầu được phê duyệt sau khi có kế hoạch lựa chọn nhà thầu thì không vượt dự toán gói thầu;

b) Không vượt thời gian thực hiện gói thầu ghi trong hợp đồng;"
db0d4cc3-9a16-4505-a720-85f4804d19e1,download.pdf,N/A,general,209,"b) Không vượt thời gian thực hiện gói thầu ghi trong hợp đồng;

c) Phương pháp, công thức, hạng mục và các nội dung cần thiết để điều chỉnh đã quy định trong hợp đồng.

6. Chính phủ quy định chi tiết Điều này."
1003ab24-0971-483d-ba0f-82cc25c42c76,download.pdf,N/A,general,59,"## Mục 2. HỢP ĐỒNG DỰ ÁN ĐẦU TƯ KINH DOANH VỚI NHÀ ĐẦU TƯ

"
e2c0dbe1-8497-4a59-8c9d-344a67aca711,download.pdf,N/A,general,1152,"## Điều 71. Ký kết hợp đồng và nguyên tắc thực hiện hợp đồng dự án đầu tư kinh doanh

1. Việc ký kết hợp đồng dự án đầu tư kinh doanh phải đáp ứng đủ các điều kiện sau đây:

about:blank                                                                                           46/61


---



1/13/26, 9:03 AM                                    about:blank

a) Tại thời điểm ký kết, hồ sơ dự thầu của nhà đầu tư được lựa chọn còn hiệu lực;

b) Tại thời điểm ký kết, nhà đầu tư được lựa chọn phải bảo đảm đáp ứng năng lực kỹ thuật, tài chính để thực hiện dự án đầu tư kinh doanh theo yêu cầu của hồ sơ mời thầu.

2. Hợp đồng được ký kết giữa các bên phải phù hợp với nội dung trong hồ sơ mời thầu, hồ sơ dự thầu, quyết định phê duyệt kết quả lựa chọn nhà đầu tư và biên bản đàm phán, hoàn thiện hợp đồng.

3. Cơ quan có thẩm quyền hoặc bên mời thầu (trong trường hợp được ủy quyền) ký kết hợp đồng với nhà đầu tư được lựa chọn. Đối với nhà đầu tư liên danh, tất cả các thành viên liên danh phải trực tiếp ký, đóng dấu (nếu có) vào văn bản hợp đồng.

4. Việc thực hiện hợp đồng dự án đầu tư kinh doanh tuân thủ nguyên tắc quy định tại Điều 69 của Luật này."
4d079da8-46ca-4ffc-b27e-ce92f04d8208,download.pdf,N/A,general,448,"## Điều 72. Hồ sơ hợp đồng dự án đầu tư kinh doanh

Hồ sơ hợp đồng dự án đầu tư kinh doanh bao gồm các tài liệu sau đây:

1. Văn bản hợp đồng;

2. Phụ lục hợp đồng (nếu có);

3. Biên bản đàm phán, hoàn thiện hợp đồng;

4. Quyết định phê duyệt kết quả lựa chọn nhà đầu tư;

5. Hồ sơ dự thầu và tài liệu làm rõ hồ sơ dự thầu của nhà đầu tư được lựa chọn;

6. Hồ sơ mời thầu và tài liệu sửa đổi, bổ sung hồ sơ mời thầu;

7. Tài liệu khác có liên quan."
57e361d4-f7d9-4b63-ba7f-bac6277b2218,download.pdf,N/A,general,1169,"## Điều 73. Nội dung hợp đồng dự án đầu tư kinh doanh

1. Hợp đồng dự án đầu tư kinh doanh bao gồm các nội dung cơ bản sau đây:

a) Thông tin về các bên ký kết hợp đồng, thời điểm có hiệu lực của hợp đồng, thời hạn hợp đồng;

b) Thông tin về dự án đầu tư kinh doanh, bao gồm: mục tiêu, địa điểm, tiến độ thực hiện dự án; quy mô và tổng vốn đầu tư; điều kiện sử dụng đất và tài nguyên khác (nếu có); phương án, yêu cầu về bồi thường, hỗ trợ, tái định cư và tổ chức xây dựng công trình phụ trợ (nếu có); bảo đảm an toàn và bảo vệ môi trường; trường hợp bất khả kháng và phương án xử lý trong trường hợp bất khả kháng;

c) Trách nhiệm thực hiện thủ tục bồi thường, hỗ trợ, tái định cư và tổ chức xây dựng công trình phụ trợ (nếu có); giao đất, cho thuê đất (nếu có);

d) Nghĩa vụ của nhà đầu tư trong việc thực hiện các cam kết đã đề xuất trong hồ sơ dự thầu; việc thành lập doanh nghiệp để quản lý dự án đầu tư kinh doanh (nếu có);

đ) Bảo đảm thực hiện hợp đồng; các nguyên tắc, điều kiện sửa đổi, chấm dứt hợp đồng; chuyển nhượng quyền và nghĩa vụ của các bên;

e) Pháp luật điều chỉnh hợp đồng và cơ chế giải quyết tranh chấp.

2. Chính phủ quy định chi tiết Điều này."
c43c5e18-0dfe-4acb-b9dd-9a0bc44988e3,download.pdf,N/A,general,808,"## Điều 74. Thời hạn hợp đồng dự án đầu tư kinh doanh

about:blank                                                                                                47/61


---



1/13/26, 9:03 AM                                 about:blank

1. Thời hạn hợp đồng dự án đầu tư kinh doanh là khoảng thời gian thực hiện hợp đồng được xác định trong hợp đồng ký kết giữa các bên.

2. Thời hạn hợp đồng dự án đầu tư kinh doanh được tính từ thời điểm hợp đồng dự án đầu tư kinh doanh có hiệu lực cho đến khi nhà đầu tư hoàn thành nghĩa vụ thực hiện các cam kết đã đề xuất trong hồ sơ dự thầu và các nghĩa vụ khác theo thỏa thuận của các bên trong hợp đồng dự án đầu tư kinh doanh.

3. Hết thời hạn hợp đồng, nhà đầu tư thực hiện dự án đầu tư kinh doanh theo quy định của pháp luật về đầu tư và pháp luật có liên quan."
6e346b69-ef55-4c36-a863-47b01660c28d,download.pdf,N/A,general,991,"## Điều 75. Bảo đảm thực hiện hợp đồng dự án đầu tư kinh doanh

1. Nhà đầu tư phải thực hiện một trong các biện pháp sau đây để bảo đảm trách nhiệm thực hiện hợp đồng dự án đầu tư kinh doanh trước hoặc cùng thời điểm hợp đồng có hiệu lực:

a) Nộp thư bảo lãnh của tổ chức tín dụng trong nước, chi nhánh ngân hàng nước ngoài được thành lập theo pháp luật Việt Nam;

b) Nộp giấy chứng nhận bảo hiểm bảo lãnh của doanh nghiệp bảo hiểm phi nhân thọ trong nước, chi nhánh doanh nghiệp bảo hiểm phi nhân thọ nước ngoài được thành lập theo pháp luật Việt Nam.

2. Căn cứ quy mô, tính chất của dự án đầu tư kinh doanh, giá trị bảo đảm thực hiện hợp đồng được quy định trong hồ sơ mời thầu theo mức xác định từ 1% đến 3% tổng vốn đầu tư.

3. Thời gian có hiệu lực của bảo đảm thực hiện hợp đồng tính từ ngày hợp đồng được ký chính thức đến ngày chấm dứt hợp đồng. Trường hợp gia hạn thời gian thực hiện hợp đồng, nhà đầu tư phải gia hạn tương ứng thời gian có hiệu lực của bảo đảm thực hiện hợp đồng."
d99ff77c-2bc1-49a1-ba5c-c22d79d80502,download.pdf,N/A,general,310,"4. Nhà đầu tư không được hoàn trả bảo đảm thực hiện hợp đồng trong các trường hợp sau đây:

a) Từ chối thực hiện hợp đồng khi hợp đồng đã có hiệu lực;

b) Vi phạm thỏa thuận trong hợp đồng;

c) Thực hiện hợp đồng chậm tiến độ do lỗi của nhà đầu tư nhưng từ chối gia hạn hiệu lực của bảo đảm thực hiện hợp đồng."
a30eb81e-fe36-47e9-bc9f-905cfa396848,download.pdf,N/A,general,898,"## Điều 76. Sửa đổi hợp đồng dự án đầu tư kinh doanh

1. Hợp đồng dự án đầu tư kinh doanh được sửa đổi trong các trường hợp sau đây:

a) Điều chỉnh dự án đầu tư kinh doanh theo quy định của pháp luật về đầu tư dẫn đến thay đổi nội dung hợp đồng đối với dự án thuộc diện chấp thuận chủ trương đầu tư.

Việc sửa đổi hợp đồng trong trường hợp này chỉ được thực hiện sau khi cơ quan có thẩm quyền chấp thuận điều chỉnh chủ trương đầu tư. Nhà đầu tư phải bảo đảm đáp ứng năng lực kỹ thuật, tài chính để thực hiện sau khi điều chỉnh dự án đầu tư kinh doanh;

b) Chuyển nhượng dự án đầu tư kinh doanh theo quy định của pháp luật về đầu tư và quy định khác của pháp luật có liên quan;

c) Trường hợp khác được các bên thỏa thuận tại hợp đồng phù hợp với quy định của pháp luật.

2. Trường hợp chuyển nhượng dự án đầu tư kinh doanh quy định tại điểm b khoản 1 Điều này phải đáp ứng đủ các điều kiện sau đây:"
9800df0a-b415-468f-b080-823f61b64ce8,download.pdf,N/A,general,652,"2. Trường hợp chuyển nhượng dự án đầu tư kinh doanh quy định tại điểm b khoản 1 Điều này phải đáp ứng đủ các điều kiện sau đây:

about:blank                                                                                             48/61


---



1/13/26, 9:03 AM                                   about:blank

a) Việc chuyển nhượng phải được người có thẩm quyền chấp thuận;

b) Nhà đầu tư nhận chuyển nhượng phải đáp ứng yêu cầu về năng lực kỹ thuật, tài chính để thực hiện dự án đầu tư kinh doanh;

c) Nhà đầu tư nhận chuyển nhượng cam kết kế thừa toàn bộ các quyền, nghĩa vụ của bên chuyển nhượng theo quy định tại hợp đồng dự án đầu tư kinh doanh."
46f3acdd-a295-483a-bad5-816a7de0ba35,download.pdf,N/A,general,16,"## Chương VIII

"
c1b007b5-0e8a-46a4-921a-bbce1579352b,download.pdf,N/A,general,54,"### TRÁCH NHIỆM CỦA CÁC BÊN TRONG HOẠT ĐỘNG ĐẤU THẦU

"
2c6fb10c-38bc-4886-8267-c45417f494b0,download.pdf,N/A,general,917,"### Điều 77. Trách nhiệm của người có thẩm quyền

1. Phê duyệt kế hoạch tổng thể lựa chọn nhà thầu quy định tại Điều 36 của Luật này.

2. Phê duyệt kế hoạch lựa chọn nhà thầu quy định tại Điều 40 và Điều 41 của Luật này.

3. Tổ chức thẩm định nội dung quy định tại khoản 1 và khoản 2 Điều này.

4. Đình chỉ cuộc thầu, không công nhận kết quả lựa chọn nhà thầu, nhà đầu tư, xử lý vi phạm pháp luật về đấu thầu theo quy định của Luật này và quy định khác của pháp luật có liên quan.

5. Hủy thầu đối với trường hợp quy định tại các điểm b, c, d, đ khoản 1 và các điểm b, c, d, đ khoản 2 Điều 17 của Luật này.

6. Giải quyết kiến nghị trong lựa chọn nhà thầu, nhà đầu tư theo quy định của Luật này.

7. Tổ chức kiểm tra, giám sát công tác đấu thầu, thực hiện hợp đồng.

8. Đối với lựa chọn nhà thầu, ngoài trách nhiệm quy định tại các khoản 1, 2, 3, 4, 5, 6 và 7 Điều này, người có thẩm quyền còn có trách nhiệm sau đây:"
e6f9f960-ba12-49e6-bd5e-c88c61604c5d,download.pdf,N/A,general,910,"8. Đối với lựa chọn nhà thầu, ngoài trách nhiệm quy định tại các khoản 1, 2, 3, 4, 5, 6 và 7 Điều này, người có thẩm quyền còn có trách nhiệm sau đây:

a) Điều chỉnh nhiệm vụ và thẩm quyền của chủ đầu tư trong trường hợp không đáp ứng điều kiện theo quy định của pháp luật về đấu thầu và các yêu cầu của dự án, gói thầu;

b) Yêu cầu chủ đầu tư, bên mời thầu cung cấp hồ sơ, tài liệu để phục vụ công tác kiểm tra, giám sát, giải quyết kiến nghị, xử lý vi phạm pháp luật về đấu thầu và công việc quy định tại khoản 4, khoản 5 Điều này;

c) Có ý kiến đối với việc xử lý tình huống trong trường hợp phức tạp theo đề nghị của chủ đầu tư quy định tại điểm a khoản 3 Điều 88 của Luật này.

9. Đối với lựa chọn nhà đầu tư, ngoài trách nhiệm quy định tại các khoản 4, 5, 6 và 7 Điều này, người có thẩm quyền còn có trách nhiệm sau đây:

a) Đại diện cơ quan có thẩm quyền quyết định tổ chức đấu thầu lựa chọn nhà đầu tư;"
dcec5922-4cf1-4731-ada9-a3cd2c34124f,download.pdf,N/A,general,827,"a) Đại diện cơ quan có thẩm quyền quyết định tổ chức đấu thầu lựa chọn nhà đầu tư;

b) Quyết định giao đơn vị có nhân sự đáp ứng yêu cầu thực hiện công tác lựa chọn nhà đầu tư làm bên mời thầu; trường hợp nhân sự không đáp ứng yêu cầu thì lựa chọn nhà thầu tư vấn để thực hiện một số nhiệm vụ của bên mời thầu;

c) Phê duyệt hồ sơ mời quan tâm; phê duyệt hồ sơ mời thầu hoặc ủy quyền phê duyệt hồ sơ mời thầu;

d) Phê duyệt kết quả mời quan tâm, kết quả lựa chọn nhà đầu tư;

đ) Quyết định xử lý tình huống trong đấu thầu;

about:blank                                                                                              49/61


---



1/13/26, 9:03 AM                                about:blank

e) Ký kết hợp đồng trên cơ sở chấp thuận của cơ quan có thẩm quyền; tổ chức quản lý hợp đồng với nhà đầu tư được lựa chọn;"
d0ff76ec-7990-4f92-8704-d5af9b79339c,download.pdf,N/A,general,672,"---



1/13/26, 9:03 AM                                about:blank

e) Ký kết hợp đồng trên cơ sở chấp thuận của cơ quan có thẩm quyền; tổ chức quản lý hợp đồng với nhà đầu tư được lựa chọn;

g) Yêu cầu bên mời thầu cung cấp hồ sơ, tài liệu để phục vụ công tác kiểm tra, giám sát, giải quyết kiến nghị, xử lý vi phạm pháp luật về đấu thầu và công việc quy định tại khoản 4, khoản 5 Điều này.

10. Giải trình việc thực hiện trách nhiệm quy định tại Điều này theo yêu cầu của cơ quan cấp trên, cơ quan thanh tra, kiểm tra, cơ quan quản lý nhà nước về hoạt động đấu thầu.

11. Thực hiện trách nhiệm khác theo quy định của Luật này và quy định khác của pháp luật có liên quan."
b67968d9-6683-4411-8f46-8e8c9c8b23f5,download.pdf,N/A,general,712,"## Điều 78. Trách nhiệm của chủ đầu tư

1. Phê duyệt các nội dung sau đây:

a) Kế hoạch lựa chọn nhà thầu trong trường hợp gói thầu được thực hiện trước khi có quyết định phê duyệt dự án, gói thầu đấu thầu trước; kế hoạch lựa chọn nhà thầu đối với dự án đã phê duyệt kế hoạch tổng thể lựa chọn nhà thầu;

b) Hồ sơ mời quan tâm, hồ sơ mời sơ tuyển, danh sách ngắn;

c) Hồ sơ mời thầu, hồ sơ yêu cầu;

d) Kết quả lựa chọn nhà thầu.

2. Tổ chức thẩm định các nội dung quy định tại khoản 1 Điều này.

3. Ký kết hoặc ủy quyền ký kết và quản lý hợp đồng với nhà thầu; ký kết và quản lý thỏa thuận khung đối với mua sắm tập trung áp dụng thỏa thuận khung; thanh toán cho nhà thầu theo quy định trong hợp đồng đã ký kết."
428b73f4-01d2-4f67-b558-b4c949fec890,download.pdf,N/A,general,827,"4. Quyết định thành lập bên mời thầu với nhân sự đáp ứng yêu cầu thực hiện công tác lựa chọn nhà thầu; trường hợp nhân sự không đáp ứng yêu cầu thì lựa chọn nhà thầu tư vấn để làm bên mời thầu hoặc thực hiện một số nhiệm vụ của bên mời thầu. Quyết định thành lập tổ chuyên gia đáp ứng quy định tại Điều 19 của Luật này trong trường hợp không thuê đơn vị tư vấn làm bên mời thầu.

5. Quyết định xử lý tình huống trong đấu thầu.

6. Giải quyết kiến nghị trong lựa chọn nhà thầu.

7. Bảo mật thông tin, tài liệu liên quan trong quá trình lựa chọn nhà thầu.

8. Lưu trữ thông tin liên quan trong quá trình lựa chọn nhà thầu theo quy định của pháp luật về lưu trữ và quy định của Luật này.

9. Báo cáo tình hình thực hiện công tác đấu thầu hằng năm.

10. Hủy thầu đối với trường hợp quy định tại điểm a khoản 1 Điều 17 của Luật này."
320833fd-cf35-43f2-b60a-6dd35100a5c2,download.pdf,N/A,general,926,"9. Báo cáo tình hình thực hiện công tác đấu thầu hằng năm.

10. Hủy thầu đối với trường hợp quy định tại điểm a khoản 1 Điều 17 của Luật này.

11. Cung cấp thông tin, tài liệu liên quan và giải trình việc thực hiện trách nhiệm quy định tại Điều này theo yêu cầu của người có thẩm quyền, cơ quan thanh tra, kiểm tra, cơ quan quản lý nhà nước về hoạt động đấu thầu.

12. Chịu trách nhiệm trước pháp luật và người có thẩm quyền về quá trình lựa chọn nhà thầu.

about:blank    50/61


---



1/13/26, 9:03 AM                          about:blank

13. Trường hợp chủ đầu tư đồng thời là bên mời thầu thì còn phải thực hiện trách nhiệm quy định tại Điều 79 của Luật này.

14. Trang bị cơ sở hạ tầng về công nghệ thông tin đáp ứng yêu cầu đấu thầu qua mạng.

15. Chịu trách nhiệm trước pháp luật về tính chính xác và trung thực của thông tin đã đăng ký, đăng tải lên Hệ thống mạng đấu thầu quốc gia khi sử dụng chứng thư số của mình."
518de2af-3880-4f47-a014-987ed31a8a40,download.pdf,N/A,general,975,"15. Chịu trách nhiệm trước pháp luật về tính chính xác và trung thực của thông tin đã đăng ký, đăng tải lên Hệ thống mạng đấu thầu quốc gia khi sử dụng chứng thư số của mình.

16. Thực hiện trách nhiệm khác theo quy định của Luật này và quy định khác của pháp luật có liên quan.

**Điều 79. Trách nhiệm của bên mời thầu**

1. Đối với lựa chọn nhà thầu:

a) Chuẩn bị lựa chọn nhà thầu; tổ chức lựa chọn nhà thầu; tổ chức đánh giá hồ sơ quan tâm, hồ sơ dự sơ tuyển, hồ sơ dự thầu, hồ sơ đề xuất;

b) Quyết định thành lập tổ chuyên gia trong trường hợp bên mời thầu là đơn vị tư vấn được chủ đầu tư lựa chọn;

c) Yêu cầu nhà thầu làm rõ hồ sơ quan tâm, hồ sơ dự sơ tuyển, hồ sơ dự thầu, hồ sơ đề xuất trong quá trình đánh giá hồ sơ;

d) Trình duyệt hồ sơ mời sơ tuyển, hồ sơ mời quan tâm, hồ sơ yêu cầu, hồ sơ mời thầu, kết quả lựa chọn danh sách ngắn, kết quả lựa chọn nhà thầu;

đ) Thương thảo (nếu có) và hoàn thiện hợp đồng với nhà thầu, quản lý thực hiện hợp đồng (nếu có);"
81cbd7b3-b9a1-4859-9352-280df12aa9ad,download.pdf,N/A,general,997,"đ) Thương thảo (nếu có) và hoàn thiện hợp đồng với nhà thầu, quản lý thực hiện hợp đồng (nếu có);

e) Thương thảo (nếu có) và hoàn thiện thỏa thuận khung với nhà thầu, quản lý thực hiện thỏa thuận khung (nếu có) đối với mua sắm tập trung áp dụng thỏa thuận khung;

g) Bảo mật thông tin, tài liệu liên quan trong quá trình lựa chọn nhà thầu;

h) Cung cấp thông tin trên Hệ thống mạng đấu thầu quốc gia; cung cấp thông tin, tài liệu liên quan và giải trình việc thực hiện trách nhiệm quy định tại khoản này theo yêu cầu của người có thẩm quyền, chủ đầu tư, cơ quan thanh tra, kiểm tra, cơ quan quản lý nhà nước về hoạt động đấu thầu;

i) Chịu trách nhiệm trước pháp luật và chủ đầu tư trong phạm vi công việc được giao theo quy định tại khoản này.

2. Đối với lựa chọn nhà đầu tư, ngoài trách nhiệm quy định tại điểm h khoản 1 Điều này, bên mời thầu còn có trách nhiệm sau đây:

a) Chuẩn bị lựa chọn nhà đầu tư; tổ chức lựa chọn nhà đầu tư; tổ chức đánh giá hồ sơ dự thầu theo quy định của Luật này;"
49b6809e-17a6-4098-89f6-2d1c73f7e52f,download.pdf,N/A,general,986,"a) Chuẩn bị lựa chọn nhà đầu tư; tổ chức lựa chọn nhà đầu tư; tổ chức đánh giá hồ sơ dự thầu theo quy định của Luật này;

b) Quyết định thành lập tổ chuyên gia;

c) Yêu cầu nhà đầu tư làm rõ hồ sơ dự thầu trong quá trình đánh giá hồ sơ;

d) Trình duyệt hồ sơ mời thầu, kết quả lựa chọn nhà đầu tư; phê duyệt hồ sơ mời thầu trong trường hợp được ủy quyền;

đ) Đàm phán hợp đồng với nhà đầu tư; ký kết và quản lý hợp đồng với nhà đầu tư trong trường hợp được ủy quyền;

about:blank                                                                                               51/61


---



about:blank                                                                                             52/61

e) Hủy thầu theo quy định tại điểm a khoản 2 Điều 17 của Luật này;

g) Bảo mật các thông tin, tài liệu liên quan trong quá trình lựa chọn nhà đầu tư;

h) Lưu trữ các thông tin liên quan trong quá trình lựa chọn nhà đầu tư theo quy định của pháp luật về lưu trữ và quy định của Luật này;"
cec08092-ff3e-4c30-a68c-2b08bc7d0226,download.pdf,N/A,general,558,"h) Lưu trữ các thông tin liên quan trong quá trình lựa chọn nhà đầu tư theo quy định của pháp luật về lưu trữ và quy định của Luật này;

i) Giải quyết kiến nghị trong lựa chọn nhà đầu tư;

k) Báo cáo tình hình thực hiện công tác đấu thầu hằng năm;

l) Chịu trách nhiệm trước pháp luật và người có thẩm quyền trong phạm vi công việc được giao theo quy định tại khoản này.

3. Trang bị cơ sở hạ tầng về công nghệ thông tin đáp ứng yêu cầu đấu thầu qua mạng.

4. Thực hiện trách nhiệm khác theo quy định của Luật này và quy định khác của pháp luật có liên quan."
615fafb8-96f4-4b67-8523-4804a1b32c92,download.pdf,N/A,general,801,"## Điều 80. Trách nhiệm của tổ chuyên gia

1. Lập hồ sơ mời quan tâm, hồ sơ mời sơ tuyển, hồ sơ mời thầu, hồ sơ yêu cầu.

2. Đánh giá hồ sơ quan tâm, hồ sơ dự sơ tuyển, hồ sơ đăng ký thực hiện dự án đầu tư kinh doanh, hồ sơ dự thầu, hồ sơ đề xuất; đề xuất với bên mời thầu phương án xử lý tình huống trong trường hợp phát sinh tình huống trong đấu thầu (nếu có).

3. Bảo mật thông tin, tài liệu liên quan trong quá trình lựa chọn nhà thầu, nhà đầu tư.

4. Cung cấp thông tin, tài liệu liên quan và giải trình việc thực hiện trách nhiệm quy định tại Điều này theo yêu cầu của người có thẩm quyền, chủ đầu tư, bên mời thầu, cơ quan thanh tra, kiểm tra, cơ quan quản lý nhà nước về hoạt động đấu thầu.

5. Thực hiện trách nhiệm khác theo quy định của Luật này và quy định khác của pháp luật có liên quan."
ad5d6c2b-e337-4a79-9c2e-e717aad2c2d4,download.pdf,N/A,general,723,"## Điều 81. Trách nhiệm của tổ thẩm định

1. Hoạt động độc lập, khách quan khi tiến hành thẩm định.

2. Yêu cầu chủ đầu tư, bên mời thầu cung cấp đầy đủ tài liệu liên quan.

3. Bảo mật thông tin, tài liệu liên quan trong quá trình thẩm định.

4. Cung cấp thông tin, tài liệu liên quan và giải trình việc thực hiện trách nhiệm quy định tại Điều này theo yêu cầu của người có thẩm quyền, chủ đầu tư, cơ quan thanh tra, kiểm tra, cơ quan quản lý nhà nước về hoạt động đấu thầu.

5. Chịu trách nhiệm trước pháp luật, người có thẩm quyền, chủ đầu tư về kết quả thẩm định và các công việc được giao theo quy định tại Điều này.

6. Thực hiện trách nhiệm khác theo quy định của Luật này và quy định khác của pháp luật có liên quan."
ab55e361-f2e9-4534-bddd-9e701d139f95,download.pdf,N/A,general,1003,"## Điều 82. Trách nhiệm của nhà thầu, nhà đầu tư

1. Yêu cầu bên mời thầu làm rõ hồ sơ mời quan tâm, hồ sơ mời sơ tuyển, hồ sơ mời thầu, hồ sơ yêu cầu.

2. Cung cấp thông tin, tài liệu liên quan và giải trình việc thực hiện trách nhiệm quy định tại Điều này theo yêu cầu của người có thẩm quyền, chủ đầu tư, bên mời thầu, cơ quan thanh tra, kiểm tra, cơ quan quản lý

---



1/13/26, 9:03 AM                                   about:blank

nhà nước về hoạt động đấu thầu.

3. Ngoài trách nhiệm quy định tại khoản 1 và khoản 2 Điều này, nhà thầu, nhà đầu tư tham gia Hệ thống mạng đấu thầu quốc gia còn có trách nhiệm sau đây:

a) Trang bị cơ sở hạ tầng về công nghệ thông tin khi tham gia đấu thầu qua mạng;

b) Chịu trách nhiệm trước pháp luật về tính chính xác và trung thực của thông tin đã đăng ký, đăng tải trên Hệ thống mạng đấu thầu quốc gia.

4. Thực hiện các nội dung theo hợp đồng đã ký kết.

5. Thực hiện trách nhiệm khác theo quy định của Luật này và quy định khác của pháp luật có liên quan."
8720e689-cd3c-4ff9-9d6b-b14e23341f0b,download.pdf,N/A,general,14,"## Chương IX

"
0d95aac4-5cdb-40fc-bd57-5b8c45ff9877,download.pdf,N/A,general,49,"### QUẢN LÝ NHÀ NƯỚC ĐỐI VỚI HOẠT ĐỘNG ĐẤU THẦU

"
44523515-1f4f-4c92-89ca-bfe974f19c4d,download.pdf,N/A,general,40,"## Mục 1. QUẢN LÝ NHÀ NƯỚC VỀ ĐẤU THẦU

"
abbdb591-3b03-4f5f-838b-766e9cc214a4,download.pdf,N/A,general,619,"### Điều 83. Nội dung quản lý nhà nước đối với hoạt động đấu thầu

1. Ban hành và tổ chức thực hiện văn bản quy phạm pháp luật về đấu thầu.

2. Tổng kết, đánh giá, báo cáo tình hình thực hiện hoạt động đấu thầu.

3. Quản lý hệ thống thông tin và cơ sở dữ liệu về đấu thầu trên phạm vi cả nước.

4. Giám sát, thanh tra, kiểm tra, giải quyết khiếu nại, tố cáo, kiến nghị trong đấu thầu và xử lý vi phạm pháp luật về đấu thầu theo thẩm quyền, trách nhiệm quy định tại Luật này và quy định khác của pháp luật có liên quan.

5. Đào tạo, bồi dưỡng kiến thức, nghiệp vụ chuyên môn về đấu thầu.

6. Hợp tác quốc tế về đấu thầu."
d4b5c527-c2cf-4efb-a705-4912c3dd5242,download.pdf,N/A,general,992,"### Điều 84. Trách nhiệm quản lý nhà nước về đấu thầu

1. Chính phủ thống nhất quản lý nhà nước đối với hoạt động đấu thầu trên phạm vi cả nước.

2. Bộ Kế hoạch và Đầu tư là cơ quan đầu mối giúp Chính phủ thống nhất quản lý nhà nước đối với hoạt động đấu thầu và có quyền hạn, trách nhiệm sau đây:

a) Xây dựng, ban hành hoặc trình cơ quan có thẩm quyền ban hành văn bản quy phạm pháp luật về đấu thầu theo thẩm quyền;

b) Xây dựng, quản lý Hệ thống mạng đấu thầu quốc gia và sản phẩm báo chí về đấu thầu để phục vụ hoạt động đấu thầu qua mạng, công khai thông tin về lựa chọn nhà thầu, nhà đầu tư theo quy định của Luật này;

c) Xây dựng, quản lý cơ sở dữ liệu quốc gia về nhà đầu tư, nhà thầu, bao gồm kết quả thực hiện hợp đồng, chất lượng hàng hóa đã sử dụng theo quy định của Chính phủ;

d) Quy định về đào tạo, bồi dưỡng, cập nhật kiến thức, nghiệp vụ chuyên môn về đấu thầu cho người làm công tác đấu thầu; quy định về việc thi, cấp, thu hồi chứng chỉ nghiệp vụ chuyên môn về đấu thầu;"
55a38e39-0e54-48e5-be1e-ccc6adc83fd7,download.pdf,N/A,general,428,"đ) Thanh tra, kiểm tra hoạt động đấu thầu;

about:blank                                                                                             53/61


---



1/13/26, 9:03 AM                                    about:blank

e) Thực hiện quyền hạn, trách nhiệm khác về quản lý nhà nước đối với hoạt động đấu thầu được Chính phủ, Thủ tướng Chính phủ giao theo quy định của Luật này và quy định khác của pháp luật có liên quan."
2e53c0c5-ac5e-47f0-80ee-3c4539312001,download.pdf,N/A,general,569,"## Điều 85. Trách nhiệm của Bộ, cơ quan ngang Bộ và Ủy ban nhân dân các cấp

1. Thực hiện quản lý nhà nước đối với hoạt động đấu thầu trong phạm vi quản lý.

2. Tổ chức bồi dưỡng kiến thức, nghiệp vụ chuyên môn về đấu thầu cho cán bộ, công chức, viên chức làm công tác đấu thầu.

3. Kiểm tra, thanh tra, giải quyết kiến nghị, khiếu nại, tố cáo và xử lý vi phạm pháp luật về đấu thầu.

4. Tổng kết, đánh giá, báo cáo tình hình thực hiện hoạt động đấu thầu.

5. Thực hiện quyền hạn, trách nhiệm khác theo quy định của Luật này và quy định khác của pháp luật có liên quan."
03893300-0e0a-440a-936c-451fe9d5060a,download.pdf,N/A,general,909,"## Điều 86. Thanh tra, kiểm tra, giám sát hoạt động đấu thầu

1. Thanh tra hoạt động đấu thầu:

a) Thanh tra hoạt động đấu thầu được tiến hành đối với tổ chức, cá nhân liên quan đến hoạt động đấu thầu quy định tại Luật này;

b) Tổ chức và hoạt động của thanh tra về đấu thầu thực hiện theo quy định của pháp luật về thanh tra.

2. Kiểm tra hoạt động đấu thầu:

a) Kiểm tra hoạt động đấu thầu được thực hiện theo kế hoạch định kỳ hoặc đột xuất theo quyết định của người đứng đầu cơ quan có thẩm quyền kiểm tra;

b) Kiểm tra hoạt động đấu thầu được thực hiện đối với một hoặc các hoạt động sau: việc ban hành văn bản hướng dẫn, chỉ đạo thực hiện công tác đấu thầu; việc trình, thẩm định, phê duyệt kế hoạch lựa chọn nhà thầu; công tác chuẩn bị lựa chọn nhà thầu, nhà đầu tư; công tác tổ chức lựa chọn nhà thầu, nhà đầu tư; việc quản lý và thực hiện hợp đồng; các hoạt động khác liên quan đến hoạt động đấu thầu;"
85397dac-8690-4e2f-988d-c114f3a7796c,download.pdf,N/A,general,937,"c) Kiểm tra hoạt động đấu thầu được thực hiện theo phương thức kiểm tra trực tiếp hoặc qua báo cáo bằng văn bản;

d) Trình tự, thủ tục kiểm tra: chuẩn bị kiểm tra; tổ chức kiểm tra; kết luận kiểm tra; theo dõi thực hiện kết luận kiểm tra.

3. Giám sát hoạt động đấu thầu:

a) Người có thẩm quyền, cơ quan quản lý nhà nước về đấu thầu thực hiện công tác giám sát hoạt động đấu thầu của chủ đầu tư, bên mời thầu nhằm bảo đảm quá trình lựa chọn nhà thầu, nhà đầu tư tuân thủ quy định của Luật này và pháp luật có liên quan;

b) Hoạt động đấu thầu được giám sát bởi cộng đồng. Ủy ban Mặt trận Tổ quốc Việt Nam các cấp chủ trì tổ chức việc giám sát hoạt động đấu thầu của cộng đồng;

c) Cơ quan quản lý nhà nước về đấu thầu thuộc Bộ, ngành, địa phương thực hiện việc giám sát thường xuyên hoạt động đấu thầu đối với các gói thầu thuộc dự án, dự án đầu tư kinh doanh, dự toán mua sắm trên địa bàn, lĩnh vực quản lý;

about:blank    54/61


---"
adab86a6-2c2f-4bd0-82e8-70791d77484b,download.pdf,N/A,general,652,"about:blank    54/61


---



1/13/26, 9:03 AM                                          about:blank

d) Người có thẩm quyền thực hiện việc giám sát hoạt động đấu thầu đối với các dự án, dự án đầu tư kinh doanh, dự toán mua sắm thuộc phạm vi quản lý;

đ) Giám sát hoạt động đấu thầu được thực hiện đối với một hoặc các nội dung sau: hồ sơ mời sơ tuyển, hồ sơ mời thầu, hồ sơ yêu cầu; đánh giá hồ sơ dự thầu, hồ sơ đề xuất; quy trình tổ chức lựa chọn nhà thầu, nhà đầu tư;

e) Trình tự, thủ tục giám sát hoạt động đấu thầu của người có thẩm quyền: chuẩn bị giám sát; thực hiện giám sát; báo cáo kết quả giám sát.

4. Chính phủ quy định chi tiết Điều này."
5fdbfc8d-6615-4468-97da-0ac2a63ace94,download.pdf,N/A,general,962,"## Điều 87. Xử lý vi phạm

1. Tổ chức, cá nhân có hành vi vi phạm quy định của pháp luật về đấu thầu thì tùy theo tính chất, mức độ vi phạm mà bị xử lý kỷ luật, xử phạt vi phạm hành chính hoặc bị truy cứu trách nhiệm hình sự; trường hợp gây thiệt hại thì phải bồi thường theo quy định của pháp luật.

2. Ngoài việc bị xử lý theo quy định tại khoản 1 Điều này, tùy theo tính chất, mức độ vi phạm, tổ chức, cá nhân thực hiện hành vi bị cấm quy định tại Luật này còn bị cấm tham gia hoạt động đấu thầu từ 06 tháng đến 05 năm.

3. Thẩm quyền quyết định cấm tham gia hoạt động đấu thầu được quy định như sau:

a) Người có thẩm quyền cấm tham gia hoạt động đấu thầu đối với các dự án, dự án đầu tư kinh doanh, dự toán mua sắm trong phạm vi quản lý của mình;

b) Bộ trưởng, Thủ trưởng cơ quan ngang Bộ, cơ quan thuộc Chính phủ, cơ quan khác ở Trung ương, Chủ tịch Ủy ban nhân dân cấp tỉnh cấm tham gia hoạt động đấu thầu trong phạm vi quản lý của Bộ, ngành, địa phương;"
bfe1d7c9-6a24-47a6-befe-70acbceb6c9f,download.pdf,N/A,general,404,"c) Bộ trưởng Bộ Kế hoạch và Đầu tư cấm tham gia hoạt động đấu thầu trong phạm vi quản lý của Bộ và trên phạm vi toàn quốc.

4. Quyết định cấm tham gia hoạt động đấu thầu phải được gửi cho tổ chức, cá nhân bị xử lý và cơ quan, tổ chức có liên quan; đồng thời gửi đến Bộ Kế hoạch và Đầu tư và phải đăng tải trên Hệ thống mạng đấu thầu quốc gia.

5. Chính phủ quy định chi tiết các khoản 2, 3 và 4 Điều này."
b9d4f542-bb13-42c4-8324-edd1109ba7e6,download.pdf,N/A,general,77,"## Mục 2. XỬ LÝ TÌNH HUỐNG VÀ GIẢI QUYẾT KIẾN NGHỊ TRONG HOẠT ĐỘNG ĐẤU THẦU

"
d1c63b61-6a1c-4143-b6c3-261275e37643,download.pdf,N/A,general,910,"## Điều 88. Xử lý tình huống trong hoạt động đấu thầu

1. Trường hợp phát sinh tình huống chưa được quy định cụ thể, rõ ràng trong kế hoạch lựa chọn nhà thầu; hồ sơ mời quan tâm, hồ sơ mời sơ tuyển, hồ sơ mời thầu, hồ sơ yêu cầu và các nội dung khác trong hoạt động đấu thầu, người có thẩm quyền, chủ đầu tư quyết định và chịu trách nhiệm trước pháp luật về việc xử lý tình huống theo nguyên tắc bảo đảm cạnh tranh, công bằng, minh bạch, hiệu quả kinh tế và trách nhiệm giải trình.

2. Việc xử lý tình huống căn cứ vào kế hoạch lựa chọn nhà thầu; hồ sơ mời quan tâm, hồ sơ mời sơ tuyển, hồ sơ mời thầu, hồ sơ yêu cầu; hồ sơ quan tâm, hồ sơ dự sơ tuyển, hồ sơ đăng ký thực hiện dự án đầu tư kinh doanh, hồ sơ dự thầu, hồ sơ đề xuất; kết quả lựa chọn nhà thầu, nhà đầu tư; hợp đồng đã ký kết với nhà thầu, nhà đầu tư được lựa chọn; tình hình thực tế triển khai thực hiện gói thầu, dự án, dự án đầu tư kinh doanh."
025c00fa-c10a-47ea-b3c5-355866795898,download.pdf,N/A,general,575,"about:blank                                                                                               55/61


---



1/13/26, 9:03 AM                                   about:blank

3. Thẩm quyền xử lý tình huống trong đấu thầu được quy định như sau:

a) Đối với lựa chọn nhà thầu, người quyết định xử lý tình huống là chủ đầu tư. Trong trường hợp phức tạp, chủ đầu tư quyết định xử lý tình huống sau khi có ý kiến của người có thẩm quyền;

b) Đối với lựa chọn nhà đầu tư, người quyết định xử lý tình huống là người có thẩm quyền.

4. Chính phủ quy định chi tiết Điều này."
d9f26d5f-2daf-426a-9b50-caa3ccfac9fd,download.pdf,N/A,general,783,"## Điều 89. Giải quyết kiến nghị trong hoạt động đấu thầu

1. Khi thấy quyền và lợi ích hợp pháp bị ảnh hưởng, nhà thầu, nhà đầu tư, cơ quan, tổ chức được kiến nghị người có thẩm quyền, chủ đầu tư, bên mời thầu xem xét lại các vấn đề trong quá trình lựa chọn nhà thầu, nhà đầu tư, kết quả lựa chọn nhà thầu, nhà đầu tư theo quy định tại các điều 90, 91 và 92 của Luật này.

2. Nhà thầu, nhà đầu tư, cơ quan, tổ chức chỉ được xem xét, giải quyết kiến nghị khi chưa gửi đơn khiếu nại, tố cáo, khởi kiện. Trường hợp đang trong quá trình giải quyết kiến nghị mà nhà thầu, nhà đầu tư, cơ quan, tổ chức khởi kiện, khiếu nại, tố cáo thì việc giải quyết kiến nghị được chấm dứt ngay.

3. Nhà thầu, nhà đầu tư, cơ quan, tổ chức có quyền rút đơn kiến nghị trong quá trình giải quyết kiến nghị."
2a58f509-4952-4275-918d-aa46f0cbceb1,download.pdf,N/A,general,879,"## Điều 90. Điều kiện xem xét, giải quyết kiến nghị

1. Đối với các vấn đề trước khi có thông báo kết quả lựa chọn nhà thầu, nhà đầu tư, để được xem xét, giải quyết thì đơn kiến nghị phải đáp ứng đủ các điều kiện sau đây:

a) Đối với kiến nghị về nội dung hồ sơ mời thầu, đơn kiến nghị có thể là của các cơ quan, tổ chức quan tâm đến gói thầu, dự án đầu tư kinh doanh; đối với các nội dung khác về quá trình tổ chức lựa chọn nhà thầu, nhà đầu tư, đơn kiến nghị phải là của nhà thầu, nhà đầu tư tham dự thầu;

b) Đơn kiến nghị phải có chữ ký, đóng dấu (nếu có) của người đại diện hợp pháp của nhà thầu, nhà đầu tư, cơ quan, tổ chức gửi đơn hoặc được ký số, gửi trên Hệ thống mạng đấu thầu quốc gia;

c) Đơn kiến nghị được gửi đến đơn vị giải quyết kiến nghị quy định tại khoản 1 Điều 91 và khoản 1 Điều 92 của Luật này trước khi có thông báo kết quả lựa chọn nhà thầu, nhà đầu tư."
d7aa9fe8-56ef-402a-bbc6-e7007c584a3e,download.pdf,N/A,general,772,"c) Đơn kiến nghị được gửi đến đơn vị giải quyết kiến nghị quy định tại khoản 1 Điều 91 và khoản 1 Điều 92 của Luật này trước khi có thông báo kết quả lựa chọn nhà thầu, nhà đầu tư.

2. Đối với kết quả lựa chọn nhà thầu, nhà đầu tư, để được xem xét, giải quyết kiến nghị, nhà thầu, nhà đầu tư phải đáp ứng đủ các điều kiện sau đây:

a) Đơn kiến nghị là của nhà thầu, nhà đầu tư tham dự thầu;

b) Đơn kiến nghị phải có chữ ký, đóng dấu (nếu có) của người đại diện hợp pháp của nhà thầu, nhà đầu tư tham dự thầu hoặc được ký số, gửi trên Hệ thống mạng đấu thầu quốc gia;

c) Nội dung kiến nghị chưa được nhà thầu, nhà đầu tư khởi kiện, khiếu nại, tố cáo;

d) Nội dung kiến nghị liên quan trực tiếp đến kết quả đánh giá hồ sơ dự thầu của nhà thầu, nhà đầu tư có đơn kiến nghị;"
98857aa5-6462-4ad7-b95c-007eb8a32ef6,download.pdf,N/A,general,818,"d) Nội dung kiến nghị liên quan trực tiếp đến kết quả đánh giá hồ sơ dự thầu của nhà thầu, nhà đầu tư có đơn kiến nghị;

đ) Chi phí giải quyết kiến nghị được nhà thầu, nhà đầu tư có kiến nghị nộp cho bộ phận thường trực giúp việc cho Chủ tịch Hội đồng tư vấn giải quyết kiến nghị (sau đây gọi là bộ phận thường trực) trước hoặc đồng thời với đơn kiến nghị;

e) Nhà thầu phải gửi đơn kiến nghị đến chủ đầu tư, người có thẩm quyền trong thời hạn quy định tại khoản 2 Điều 91 của Luật này; nhà đầu tư phải gửi đơn kiến nghị đến bên mời thầu, người có thẩm quyền trong thời hạn quy định tại khoản 2 Điều 92 của Luật này.

about:blank                                                                                               56/61


---



1/13/26, 9:03 AM                                                    about:blank"
e3729a49-06fc-44f9-8942-0c3eccc174de,download.pdf,N/A,general,373,"---



1/13/26, 9:03 AM                                                    about:blank

3. Trường hợp kiến nghị của nhà thầu, nhà đầu tư, cơ quan, tổ chức không đáp ứng điều kiện quy định tại khoản 1 và khoản 2 Điều này, người có trách nhiệm giải quyết kiến nghị thông báo bằng văn bản cho nhà thầu, nhà đầu tư, cơ quan, tổ chức về việc không xem xét, giải quyết kiến nghị."
7e755a7b-3a2f-4687-af2e-caa6a8ab8f5e,download.pdf,N/A,general,925,"## Điều 91. Quy trình giải quyết kiến nghị về lựa chọn nhà thầu

1. Việc giải quyết kiến nghị về các vấn đề trước khi có thông báo kết quả lựa chọn nhà thầu được thực hiện như sau:

a) Nhà thầu, cơ quan, tổ chức gửi đơn kiến nghị đến chủ đầu tư trước khi kết quả lựa chọn nhà thầu được đăng tải trên Hệ thống mạng đấu thầu quốc gia;

b) Chủ đầu tư phải có văn bản giải quyết kiến nghị gửi đến nhà thầu, cơ quan, tổ chức trong thời hạn 07 ngày làm việc kể từ ngày nhận được đơn kiến nghị của nhà thầu, cơ quan, tổ chức;

c) Trường hợp nhà thầu, cơ quan, tổ chức không đồng ý với kết quả giải quyết kiến nghị hoặc hết thời hạn quy định tại điểm b khoản này mà chủ đầu tư không có văn bản giải quyết kiến nghị thì nhà thầu, cơ quan, tổ chức có quyền gửi đơn kiến nghị đến người có thẩm quyền trong thời hạn 05 ngày làm việc kể từ ngày hết hạn giải quyết kiến nghị hoặc ngày nhận được văn bản giải quyết kiến nghị của chủ đầu tư;"
98dbccdd-c520-453d-a6e4-a3aa59fe634a,download.pdf,N/A,general,623,"d) Người có thẩm quyền phải có văn bản giải quyết kiến nghị gửi đến nhà thầu, cơ quan, tổ chức trong thời hạn 05 ngày làm việc kể từ ngày nhận được đơn kiến nghị của nhà thầu, cơ quan, tổ chức.

2. Việc giải quyết kiến nghị sau khi có thông báo kết quả lựa chọn nhà thầu được thực hiện theo một trong hai quy trình sau đây:

a) Nhà thầu gửi đơn kiến nghị đến chủ đầu tư trong thời hạn 10 ngày kể từ ngày kết quả lựa chọn nhà thầu được đăng tải trên Hệ thống mạng đấu thầu quốc gia. Chủ đầu tư phải có văn bản giải quyết kiến nghị gửi nhà thầu trong thời hạn 07 ngày làm việc kể từ ngày nhận được đơn kiến nghị của nhà thầu."
f0d41c57-e9bd-40d8-963e-397fff0db99c,download.pdf,N/A,general,996,"Trường hợp nhà thầu không đồng ý với kết quả giải quyết kiến nghị hoặc quá thời hạn quy định tại khoản này mà chủ đầu tư không có văn bản giải quyết kiến nghị thì nhà thầu có quyền gửi đơn kiến nghị đến người có thẩm quyền thông qua bộ phận thường trực trong thời hạn 05 ngày làm việc kể từ ngày hết hạn giải quyết kiến nghị hoặc ngày nhận được văn bản giải quyết kiến nghị của chủ đầu tư. Người có thẩm quyền ban hành quyết định giải quyết kiến nghị về kết quả lựa chọn nhà thầu trong thời hạn 05 ngày làm việc kể từ ngày nhận được ý kiến bằng văn bản của Hội đồng tư vấn giải quyết kiến nghị;

b) Nhà thầu gửi đơn kiến nghị đến người có thẩm quyền thông qua bộ phận thường trực trong thời hạn 10 ngày kể từ ngày kết quả lựa chọn nhà thầu được đăng tải trên Hệ thống mạng đấu thầu quốc gia. Người có thẩm quyền ban hành quyết định giải quyết kiến nghị về kết quả lựa chọn nhà thầu trong thời hạn 05 ngày làm việc kể từ ngày nhận được ý kiến bằng văn bản của Hội đồng tư vấn giải quyết kiến nghị."
eefd4ed4-952b-4ad3-9414-dcc52c906e9c,download.pdf,N/A,general,701,"3. Thời gian giải quyết kiến nghị quy định tại khoản 1 và khoản 2 Điều này được tính từ ngày bộ phận hành chính của người có trách nhiệm giải quyết kiến nghị nhận được đơn kiến nghị hoặc ngày gửi đơn kiến nghị trên Hệ thống mạng đấu thầu quốc gia.

4. Trong trường hợp cần thiết, Hội đồng tư vấn giải quyết kiến nghị căn cứ đơn kiến nghị của nhà thầu đề nghị người có thẩm quyền xem xét tạm dừng việc ký kết, thực hiện hợp đồng. Trường hợp chấp thuận đề xuất của Hội đồng tư vấn giải quyết kiến nghị, trong thời hạn 05 ngày làm việc kể từ ngày nhận được văn bản, người có thẩm quyền có văn bản thông báo cho chủ đầu tư tạm dừng việc ký kết, thực hiện hợp đồng, trong đó xác định rõ thời gian tạm dừng."
8d6bbcbf-bca3-40de-81b0-99797685ea3d,download.pdf,N/A,general,825,"5. Văn bản giải quyết kiến nghị phải có kết luận về nội dung mà nhà thầu kiến nghị; trường hợp kiến nghị được kết luận là đúng thì trong văn bản giải quyết kiến nghị phải nêu rõ biện pháp, cách thức và thời gian để khắc phục hậu quả (nếu có); nhà thầu có kiến nghị được nhận lại chi phí giải quyết kiến nghị đã nộp.

about:blank                                                                                              57/61


---



1/13/26, 9:03 AM                                 about:blank

Trường hợp kiến nghị của nhà thầu được kết luận là không đúng thì văn bản trả lời phải giải thích rõ lý do; nhà thầu có kiến nghị không được hoàn trả chi phí giải quyết kiến nghị đã nộp.

6. Trường hợp không đồng ý với quyết định giải quyết kiến nghị của người có thẩm quyền, chủ đầu tư, nhà thầu có quyền khởi kiện ra Tòa án."
7347eaac-21d9-4ed3-93eb-63734d8d7709,download.pdf,N/A,general,902,"## Điều 92. Quy trình giải quyết kiến nghị về lựa chọn nhà đầu tư

1. Việc giải quyết kiến nghị về các vấn đề trước khi có thông báo kết quả lựa chọn nhà đầu tư được thực hiện như sau:

a) Nhà đầu tư, cơ quan, tổ chức gửi đơn kiến nghị đến bên mời thầu trước khi có thông báo kết quả lựa chọn nhà đầu tư;

b) Bên mời thầu phải có văn bản giải quyết kiến nghị gửi đến nhà đầu tư, cơ quan, tổ chức trong thời hạn 15 ngày kể từ ngày nhận được đơn kiến nghị của nhà đầu tư, cơ quan, tổ chức;

c) Trường hợp nhà đầu tư, cơ quan, tổ chức không đồng ý với kết quả giải quyết kiến nghị hoặc quá thời hạn quy định tại điểm b khoản này mà bên mời thầu không có văn bản giải quyết kiến nghị thì nhà đầu tư, cơ quan, tổ chức có quyền gửi đơn kiến nghị đến người có thẩm quyền trong thời hạn 05 ngày làm việc kể từ ngày hết hạn giải quyết kiến nghị hoặc ngày nhận được văn bản giải quyết kiến nghị của bên mời thầu;"
c244647a-6ce9-47b0-a1c4-f3f0cb9e659e,download.pdf,N/A,general,598,"d) Người có thẩm quyền phải có văn bản giải quyết kiến nghị gửi đến nhà đầu tư, cơ quan, tổ chức trong thời hạn 05 ngày làm việc kể từ ngày nhận được đơn kiến nghị của nhà đầu tư, cơ quan, tổ chức.

2. Việc giải quyết kiến nghị sau khi có thông báo kết quả lựa chọn nhà đầu tư được thực hiện theo một trong hai quy trình sau đây:

a) Nhà đầu tư gửi đơn kiến nghị đến bên mời thầu trong thời hạn 10 ngày kể từ ngày có thông báo kết quả lựa chọn nhà đầu tư. Bên mời thầu phải có văn bản giải quyết kiến nghị gửi đến nhà đầu tư trong thời hạn 15 ngày kể từ ngày nhận được đơn kiến nghị của nhà đầu tư."
08b30adf-830c-4581-9bd0-12c3496dc3cc,download.pdf,N/A,general,976,"Trường hợp nhà đầu tư không đồng ý với kết quả giải quyết kiến nghị hoặc quá thời hạn giải quyết kiến nghị quy định tại điểm này mà bên mời thầu không có văn bản giải quyết kiến nghị thì nhà đầu tư có quyền gửi đơn kiến nghị đến người có thẩm quyền thông qua bộ phận thường trực trong thời hạn 05 ngày làm việc kể từ ngày hết hạn giải quyết kiến nghị hoặc ngày nhận được văn bản giải quyết kiến nghị của bên mời thầu. Người có thẩm quyền ban hành quyết định giải quyết kiến nghị về kết quả lựa chọn nhà đầu tư trong thời hạn 10 ngày kể từ ngày nhận được ý kiến bằng văn bản của Hội đồng tư vấn giải quyết kiến nghị;

b) Nhà đầu tư gửi đơn kiến nghị đến người có thẩm quyền thông qua bộ phận thường trực trong thời hạn 10 ngày kể từ ngày có thông báo kết quả lựa chọn nhà đầu tư. Người có thẩm quyền ban hành quyết định giải quyết kiến nghị về kết quả lựa chọn nhà đầu tư trong thời hạn 10 ngày kể từ ngày nhận được ý kiến bằng văn bản của Hội đồng tư vấn giải quyết kiến nghị."
c1447b61-7f7d-4504-bdda-6091e00d3cb6,download.pdf,N/A,general,894,"3. Thời gian giải quyết kiến nghị quy định tại khoản 1 và khoản 2 Điều này được tính từ ngày bộ phận hành chính của người có trách nhiệm giải quyết kiến nghị nhận được đơn kiến nghị hoặc ngày gửi đơn kiến nghị trên Hệ thống mạng đấu thầu quốc gia.

4. Trong trường hợp cần thiết, Hội đồng tư vấn giải quyết kiến nghị căn cứ đơn kiến nghị của nhà đầu tư đề nghị người có thẩm quyền xem xét tạm dừng việc ký kết, thực hiện hợp đồng. Trường hợp chấp thuận đề xuất của Hội đồng tư vấn giải quyết kiến nghị, trong thời hạn 10 ngày kể từ ngày nhận được văn bản, người có thẩm quyền có văn bản thông báo tạm dừng việc ký kết, thực hiện hợp đồng, trong đó xác định rõ thời gian tạm dừng.

5. Văn bản giải quyết kiến nghị phải có kết luận về nội dung mà nhà đầu tư kiến nghị; trường hợp kiến nghị được kết luận là đúng, trong văn bản giải quyết kiến nghị phải nêu rõ biện pháp, cách thức và thời gian để"
5ebf77f2-77cd-4a58-91f6-936d8783f181,download.pdf,N/A,general,990,"about:blank                                                                                               58/61


---



1/13/26, 9:03 AM                                         about:blank

khắc phục hậu quả (nếu có); nhà đầu tư có kiến nghị được nhận lại chi phí giải quyết kiến nghị đã nộp. Trường hợp kiến nghị của nhà đầu tư được kết luận là không đúng thì văn bản trả lời phải giải thích rõ lý do; nhà đầu tư không được hoàn trả chi phí giải quyết kiến nghị đã nộp.

6. Trường hợp không đồng ý với quyết định giải quyết kiến nghị của người có thẩm quyền, bên mời thầu, nhà đầu tư có quyền khởi kiện ra Tòa án.

**Điều 93. Thành phần, trách nhiệm và hoạt động của Hội đồng tư vấn giải quyết kiến nghị**

1. Hội đồng tư vấn giải quyết kiến nghị bao gồm:

a) Hội đồng tư vấn giải quyết kiến nghị do Bộ trưởng Bộ Kế hoạch và Đầu tư thành lập;

b) Hội đồng tư vấn giải quyết kiến nghị do Bộ trưởng, Thủ trưởng cơ quan ngang Bộ, cơ quan thuộc Chính phủ, cơ quan khác ở Trung ương thành lập;"
7cb856d0-6df2-409f-9393-442018bf1ab4,download.pdf,N/A,general,977,"b) Hội đồng tư vấn giải quyết kiến nghị do Bộ trưởng, Thủ trưởng cơ quan ngang Bộ, cơ quan thuộc Chính phủ, cơ quan khác ở Trung ương thành lập;

c) Hội đồng tư vấn giải quyết kiến nghị do Giám đốc Sở Kế hoạch và Đầu tư thành lập.

Hội đồng tư vấn giải quyết kiến nghị được thành lập trong thời hạn 05 ngày làm việc kể từ ngày nhận được đơn kiến nghị của nhà thầu, nhà đầu tư.

2. Thành phần Hội đồng tư vấn giải quyết kiến nghị và bộ phận thường trực của Chủ tịch Hội đồng tư vấn được quy định như sau:

a) Hội đồng tư vấn giải quyết kiến nghị gồm Chủ tịch, Phó Chủ tịch (nếu cần thiết) và các thành viên khác là đại diện của người có thẩm quyền, cơ quan có liên quan và có thể có đại diện của hiệp hội nghề nghiệp, chuyên gia, nhà khoa học.

Thành viên Hội đồng tư vấn không được là người có quan hệ gia đình theo quy định của Luật Doanh nghiệp với người ký đơn kiến nghị, cá nhân thuộc tổ chuyên gia, tổ thẩm định và người ký phê duyệt kết quả lựa chọn nhà thầu, nhà đầu tư;"
628c62d9-fac3-475d-b1be-9982096a0796,download.pdf,N/A,general,862,"b) Chủ tịch Hội đồng tư vấn giải quyết kiến nghị quy định tại điểm a khoản 1 Điều này là đại diện của Bộ Kế hoạch và Đầu tư. Chủ tịch Hội đồng tư vấn giải quyết kiến nghị quy định tại điểm b khoản 1 Điều này là đại diện của đơn vị được giao nhiệm vụ quản lý về hoạt động đấu thầu thuộc các cơ quan này. Chủ tịch Hội đồng tư vấn giải quyết kiến nghị quy định tại điểm c khoản 1 Điều này là đại diện của Sở Kế hoạch và Đầu tư;

c) Bộ phận thường trực của Chủ tịch Hội đồng tư vấn giải quyết kiến nghị là đơn vị được giao quản lý về hoạt động đấu thầu nhưng không gồm các cá nhân thuộc tổ chuyên gia, tổ thẩm định của gói thầu, dự án. Bộ phận thường trực thực hiện các nhiệm vụ về hành chính do Chủ tịch Hội đồng tư vấn quy định; tiếp nhận và quản lý chi phí do nhà thầu, nhà đầu tư có kiến nghị nộp.

3. Hội đồng tư vấn giải quyết kiến nghị có trách nhiệm sau đây:"
2da1a0e7-81f8-4608-85c7-c4122533b6cd,download.pdf,N/A,general,923,"3. Hội đồng tư vấn giải quyết kiến nghị có trách nhiệm sau đây:

a) Hội đồng tư vấn giải quyết kiến nghị quy định tại điểm a khoản 1 Điều này có trách nhiệm tư vấn giải quyết kiến nghị trong trường hợp Thủ tướng Chính phủ yêu cầu;

b) Hội đồng tư vấn giải quyết kiến nghị quy định tại điểm b khoản 1 Điều này có trách nhiệm tư vấn giải quyết kiến nghị đối với tất cả gói thầu thuộc dự án, dự toán mua sắm, dự án đầu tư kinh doanh do Bộ trưởng, Thủ trưởng cơ quan ngang Bộ, cơ quan thuộc Chính phủ, cơ quan khác ở Trung ương là người có thẩm quyền hoặc quản lý, trừ gói thầu, dự án quy định tại điểm a khoản này;

c) Hội đồng tư vấn giải quyết kiến nghị quy định tại điểm c khoản 1 Điều này có trách nhiệm tư vấn giải quyết kiến nghị đối với tất cả gói thầu thuộc dự án, dự toán mua sắm, dự án đầu tư kinh doanh trên địa bàn tỉnh, thành phố trực thuộc Trung ương, trừ gói thầu, dự án quy định tại điểm a và điểm b khoản này."
8423205a-6116-4da7-a6de-50e9167da6d9,download.pdf,N/A,general,840,"about:blank                                                                                              59/61


---



1/13/26, 9:03 AM                                                                                                                                                about:blank

4. Hoạt động của Hội đồng tư vấn giải quyết kiến nghị được quy định như sau:

a) Hội đồng tư vấn giải quyết kiến nghị hoạt động theo từng vụ việc, làm việc theo nguyên tắc tập thể và quyết định theo đa số. Thành viên được quyền bảo lưu ý kiến và chịu trách nhiệm trước pháp luật về ý kiến của mình;

b) Hội đồng tư vấn giải quyết kiến nghị có quyền yêu cầu nhà thầu, nhà đầu tư, chủ đầu tư, bên mời thầu và các cơ quan liên quan cung cấp thông tin của gói thầu, dự án, dự án đầu tư kinh doanh và các thông tin liên quan khác để thực hiện nhiệm vụ;"
77e2354f-5e58-4bf5-9551-e9d6c94318c5,download.pdf,N/A,general,224,"c) Kết quả giải quyết kiến nghị được gửi đến người có thẩm quyền trong thời hạn 25 ngày đối với kiến nghị của nhà thầu, 35 ngày đối với kiến nghị của nhà đầu tư kể từ ngày Hội đồng tư vấn giải quyết kiến nghị được thành lập."
12af22c4-90cf-4878-b804-f3c43287681c,download.pdf,N/A,general,483,"## Điều 94. Quyền khởi kiện và yêu cầu Tòa án áp dụng biện pháp khẩn cấp tạm thời

1. Việc khởi kiện ra Tòa án được thực hiện theo quy định của pháp luật về tố tụng dân sự.

2. Khi nộp đơn khởi kiện hoặc trong quá trình Tòa án giải quyết vụ kiện, các bên có quyền yêu cầu Tòa án tạm dừng việc đóng thầu; phê duyệt danh sách ngắn; phê duyệt kết quả lựa chọn nhà thầu, nhà đầu tư; ký kết hợp đồng; thực hiện hợp đồng và các biện pháp khẩn cấp tạm thời khác theo quy định của pháp luật."
eb236dd8-f307-4bcc-8a34-07b6723c14de,download.pdf,N/A,general,12,"# Chương X

"
c3ff46c7-1e89-4c3d-88c5-595728c3e970,download.pdf,N/A,general,24,"## ĐIỀU KHOẢN THI HÀNH

"
43416a2c-ef90-4567-ab83-9d755296d725,download.pdf,N/A,general,617,"## Điều 95. Hiệu lực thi hành

1. Luật này có hiệu lực thi hành từ ngày 01 tháng 01 năm 2024.

2. Luật Đấu thầu số 43/2013/QH13 đã được sửa đổi, bổ sung một số điều theo Luật số 03/2016/QH14, Luật số 04/2017/QH14, Luật số 40/2019/QH14, Luật số 64/2020/QH14 và Luật số 03/2022/QH15 (sau đây gọi là Luật Đấu thầu số 43/2013/QH13) hết hiệu lực kể từ ngày Luật này có hiệu lực thi hành, trừ quy định tại Điều 96 của Luật này.

3. Hợp đồng được ký kết theo quy định tại điểm a khoản 1 Điều 55 của Luật này được thực hiện trong thời hạn quy định tại hợp đồng nhưng không quá 05 năm kể từ ngày Luật này có hiệu lực thi hành."
287dd77e-6936-48cb-b7b2-77bac31dd8c0,download.pdf,N/A,general,785,"## Điều 96. Quy định chuyển tiếp

1. Các gói thầu lựa chọn nhà thầu đã phê duyệt và phát hành hồ sơ mời quan tâm, hồ sơ mời sơ tuyển, hồ sơ mời thầu, hồ sơ yêu cầu trước ngày Luật này có hiệu lực thi hành thì tiếp tục tổ chức lựa chọn danh sách ngắn, lựa chọn nhà thầu, ký kết và quản lý thực hiện hợp đồng theo quy định của Luật Đấu thầu số 43/2013/QH13 và các văn bản quy định chi tiết, hướng dẫn thi hành.

2. Dự án đầu tư kinh doanh đã phê duyệt và phát hành hồ sơ mời thầu trước ngày Luật này có hiệu lực thi hành thì tiếp tục tổ chức lựa chọn nhà đầu tư, ký kết và quản lý thực hiện hợp đồng theo quy định của Luật Đấu thầu số 43/2013/QH13 và các văn bản quy định chi tiết, hướng dẫn thi hành. Chính phủ quy định chi tiết việc áp dụng chuyển tiếp đối với dự án đầu tư kinh doanh."
2649c006-d62d-4200-a78a-a2cea529f70a,download.pdf,N/A,general,947,"3. Trong thời gian kể từ ngày 01 tháng 01 năm 2024 đến ngày Luật Đất đai sửa đổi có hiệu lực thi hành, việc lựa chọn nhà đầu tư thực hiện dự án đầu tư có sử dụng đất được tiếp tục thực hiện theo quy định của Luật Đấu thầu số 43/2013/QH13 và các văn bản quy định chi tiết, hướng dẫn thi hành.

4. Hợp đồng mà nhà thầu trúng thầu vật tư, hóa chất có trách nhiệm cung cấp trang thiết bị y tế để sử dụng vật tư, hóa chất đó được ký kết trước ngày Luật này có hiệu lực thi hành được tiếp tục thực hiện trong thời

about:blank60/61


---



1/13/26, 9:03 AM                                                                                                                            about:blank

hạn quy định tại hợp đồng nhưng không quá 05 năm kể từ ngày Luật này có hiệu lực thi hành./.

*Luật này được Quốc hội nước Cộng hòa xã hội chủ nghĩa Việt Nam khóa XV, kỳ họp thứ 5 thông qua ngày 23 tháng 6 năm 2023.*

**CHỦ TỊCH QUỐC HỘI**

**Vương Đình Huệ**"
6c25cf3c-c8e6-4e8a-9fa7-d1b93544ae98,download.pdf,N/A,general,343,"*Luật này được Quốc hội nước Cộng hòa xã hội chủ nghĩa Việt Nam khóa XV, kỳ họp thứ 5 thông qua ngày 23 tháng 6 năm 2023.*

**CHỦ TỊCH QUỐC HỘI**

**Vương Đình Huệ**

about:blank                                                                                                                                                                61/61"
a8af5918-ef6b-4462-9718-cee73d3df9c6,02_2024_TT-BKHDT_591580.doc,N/A,general,179,"**BỘ KẾ HOẠCH VÀ ĐẦU TƯ**
-------

**CỘNG HÒA XÃ HỘI CHỦ NGHĨA VIỆT NAM**
**Độc lập - Tự do - Hạnh phúc**
---------------

Số: 02/2024/TT-BKHĐT

*Hà Nội, ngày 06 tháng 3 năm 2024*"
34287cfa-a1e9-4dd4-8b64-eac9d570ae76,02_2024_TT-BKHDT_591580.doc,N/A,general,13,"## THÔNG TƯ

"
f19b0468-3232-4a82-bc1d-f175680ce6c7,02_2024_TT-BKHDT_591580.doc,N/A,general,903,"### QUY ĐỊNH HOẠT ĐỘNG ĐÀO TẠO, BỒI DƯỠNG KIẾN THỨC VÀ THI, CẤP, THU HỒI CHỨNG CHỈ NGHIỆP VỤ CHUYÊN MÔN VỀ ĐẤU THẦU

*Căn cứ Luật Đấu thầu ngày 23 tháng 6 năm 2023;*

*Căn cứ Nghị định số 60/2021/NĐ-CP ngày 21 tháng 6 năm 2021 của Chính phủ quy định cơ chế tự chủ tài chính của đơn vị sự nghiệp công lập;*

*Căn cứ Nghị định số 35/2021/NĐ-CP ngày 29 tháng 3 năm 2021 của Chính phủ quy định chi tiết và hướng dẫn thi hành Luật Đầu tư theo phương thức đối tác công tư;*

*Căn cứ Nghị định số 89/2022/NĐ-CP ngày 28 tháng 10 năm 2022 của Chính phủ quy định chức năng, nhiệm vụ, quyền hạn và cơ cấu tổ chức của Bộ Kế hoạch và Đầu tư;*

*Căn cứ Nghị định số 23/2024/NĐ-CP ngày 27 tháng 02 năm 2024 của Chính phủ quy định chi tiết một số điều và biện pháp thi hành Luật Đấu thầu về lựa chọn nhà đầu tư thực hiện dự án thuộc trường hợp phải tổ chức đấu thầu theo quy định của pháp luật quản lý ngành, lĩnh vực;*"
b27680e4-bc90-46e0-97a6-d203c635b440,02_2024_TT-BKHDT_591580.doc,N/A,general,329,"*Căn cứ Nghị định số 24/2024/NĐ-CP ngày 27 tháng 02 năm 2024 của Chính phủ quy định chi tiết một số điều và biện pháp thi hành Luật Đấu thầu về lựa chọn nhà thầu;*

*Bộ trưởng Bộ Kế hoạch và Đầu tư ban hành Thông tư quy định hoạt động đào tạo, bồi dưỡng kiến thức và thi, cấp, thu hồi chứng chỉ nghiệp vụ chuyên môn về đấu thầu.*"
a339da89-92d4-4a41-a7b5-ee21fe4adfd1,02_2024_TT-BKHDT_591580.doc,N/A,general,13,"## Chương I

"
1a9d944c-8ec1-4c6c-b541-e014b2ffb0dc,02_2024_TT-BKHDT_591580.doc,N/A,general,991,"### QUY ĐỊNH CHUNG

**Điều 1. Phạm vi điều chỉnh**

Thông tư này quy định hoạt động đào tạo, bồi dưỡng, cập nhật kiến thức, nghiệp vụ chuyên môn về đấu thầu; tổ chức thi, cấp lần đầu, cấp lại, cấp gia hạn và thu hồi chứng chỉ nghiệp vụ chuyên môn về đấu thầu lựa chọn nhà thầu, nhà đầu tư theo quy định của Luật Đấu thầu.

**Điều 2. Đối tượng áp dụng**

Thông tư này áp dụng đối với tổ chức, cá nhân tham gia hoặc có liên quan đến hoạt động đào tạo, bồi dưỡng, cập nhật kiến thức và thi, cấp, thu hồi chứng chỉ nghiệp vụ chuyên môn về đấu thầu quy định tại Điều 1 của Thông tư này.

**Điều 3. Giải thích từ ngữ**

---


1. *Chứng chỉ nghiệp vụ chuyên môn về đấu thầu* là chứng chỉ do cơ quan quy định tại khoản 1 Điều 9 của Thông tư này cấp cho cá nhân tham dự thi và đạt kết quả quy định tại khoản 3 Điều 20 của Thông tư này.

2. *Chi phí thi, cấp chứng chỉ nghiệp vụ chuyên môn về đấu thầu* là chi phí dự thi và cấp lần đầu, cấp lại, cấp gia hạn chứng chỉ nghiệp vụ chuyên môn về đấu thầu."
df64aab6-ef1f-4851-b58e-13bdfd9e0cff,02_2024_TT-BKHDT_591580.doc,N/A,general,948,"2. *Chi phí thi, cấp chứng chỉ nghiệp vụ chuyên môn về đấu thầu* là chi phí dự thi và cấp lần đầu, cấp lại, cấp gia hạn chứng chỉ nghiệp vụ chuyên môn về đấu thầu.

3. *Hệ thống quản lý cấp chứng chỉ nghiệp vụ chuyên môn về đấu thầu* (sau đây gọi là Hệ thống) là Hệ thống công nghệ thông tin có địa chỉ tại https://chungchidauthau.mpi.gov.vn thực hiện các chức năng:

a) Đăng tải thông tin liên quan đến hoạt động tổ chức thi, cấp, thu hồi chứng chỉ nghiệp vụ chuyên môn về đấu thầu;

b) Tiếp nhận và phản hồi thông tin đối với hồ sơ đăng ký thi cấp lần đầu, cấp lại, cấp gia hạn chứng chỉ nghiệp vụ chuyên môn về đấu thầu;

c) Tổ chức thi trực tuyến nghiệp vụ chuyên môn về đấu thầu;

d) Quản lý cơ sở dữ liệu cá nhân được cấp lần đầu, cấp lại, cấp gia hạn, thu hồi chứng chỉ nghiệp vụ chuyên môn về đấu thầu;

đ) Quản lý cơ sở dữ liệu cơ quan tổ chức thi, cấp, thu hồi chứng chỉ nghiệp vụ chuyên môn về đấu thầu;

e) Các chức năng liên quan khác."
ee7d67e9-be31-4ce7-8dc0-3669bf7dd2c0,02_2024_TT-BKHDT_591580.doc,N/A,general,917,"đ) Quản lý cơ sở dữ liệu cơ quan tổ chức thi, cấp, thu hồi chứng chỉ nghiệp vụ chuyên môn về đấu thầu;

e) Các chức năng liên quan khác.

4. *Hướng dẫn sử dụng* là tài liệu điện tử được đăng tải trên Hệ thống để hướng dẫn người dùng thực hiện các giao dịch trên Hệ thống.

5. *Tổ chức tham gia Hệ thống* là các cơ quan, đơn vị đăng ký tham gia Hệ thống để thực hiện một hoặc nhiều hoạt động như sau:

a) Tiếp nhận, kiểm tra hồ sơ đăng ký thi cấp lần đầu, cấp lại, cấp gia hạn chứng chỉ nghiệp vụ chuyên môn về đấu thầu;

b) Tổ chức thi nghiệp vụ chuyên môn về đấu thầu;

c) Cấp, thu hồi chứng chỉ nghiệp vụ chuyên môn về đấu thầu.

6. *Tài khoản tham gia Hệ thống* là tài khoản được cấp cho Tổ chức tham gia Hệ thống để thực hiện một hoặc một số hoạt động quy định tại khoản 5 Điều này.

7. *Tài khoản chức năng* là tài khoản được tạo bởi Tài khoản tham gia Hệ thống để thực hiện các nhiệm vụ được giao trên Hệ thống."
af257c6e-71de-4a2f-a541-c9ac88112137,02_2024_TT-BKHDT_591580.doc,N/A,general,451,"7. *Tài khoản chức năng* là tài khoản được tạo bởi Tài khoản tham gia Hệ thống để thực hiện các nhiệm vụ được giao trên Hệ thống.

8. *Thi trực tuyến* là hình thức thí sinh làm bài thi trên máy tính thông qua phần mềm thi thuộc Hệ thống.

9. *Trung tâm Hỗ trợ đấu thầu* (sau đây gọi là Trung tâm) là đơn vị sự nghiệp công lập thuộc Cục Quản lý đấu thầu, Bộ Kế hoạch và Đầu tư có nhiệm vụ xây dựng, quản lý, vận hành, duy trì và nâng cấp Hệ thống.

---"
cdba390d-9016-415f-9377-114cf0f2f0ef,02_2024_TT-BKHDT_591580.doc,N/A,general,798,"## Điều 4. Đăng ký tham gia Hệ thống và xử lý hồ sơ đăng ký

1. Tổ chức tham gia Hệ thống thực hiện đăng ký trên Hệ thống. Đơn đăng ký quy định tại Mẫu số 01, Mẫu số 02 Phụ lục 03 của Thông tư này. Quy trình đăng ký thực hiện theo *Hướng dẫn sử dụng*.

2. Bổ sung, sửa đổi thông tin đã đăng ký trên Hệ thống:

Việc sửa đổi thông tin đã đăng ký trên Hệ thống (bao gồm việc bổ sung các hoạt động cho Tài khoản tham gia Hệ thống) được thực hiện theo *Hướng dẫn sử dụng*.

3. Chấm dứt hoặc tạm ngừng tham gia Hệ thống:

Hệ thống chấm dứt hoặc tạm ngừng hoạt động của Tài khoản tham gia Hệ thống khi thuộc một trong các trường hợp sau đây:

a) Trường hợp Tổ chức tham gia Hệ thống có yêu cầu tạm ngừng toàn bộ hoặc một số hoạt động của Tài khoản tham gia Hệ thống thì thực hiện theo *Hướng dẫn sử dụng*;"
dc5a7c9b-4273-4603-ae6a-f46e2e49556b,02_2024_TT-BKHDT_591580.doc,N/A,general,821,"a) Trường hợp Tổ chức tham gia Hệ thống có yêu cầu tạm ngừng toàn bộ hoặc một số hoạt động của Tài khoản tham gia Hệ thống thì thực hiện theo *Hướng dẫn sử dụng*;

b) Trường hợp đơn vị tổ chức thi nghiệp vụ chuyên môn về đấu thầu không nộp chi phí theo quy định tại khoản 2 Điều 29 của Thông tư này thì Hệ thống tạm ngừng hoạt động tổ chức thi nghiệp vụ chuyên môn về đấu thầu của Tài khoản tham gia Hệ thống;

c) Trường hợp Tổ chức tham gia Hệ thống đã giải thể, chấm dứt hoạt động theo quy định của pháp luật thì Hệ thống sẽ cập nhật trạng thái chấm dứt Tài khoản tham gia Hệ thống.

4. Khôi phục Tài khoản tham gia Hệ thống:

Việc khôi phục Tài khoản tham gia Hệ thống sau khi đã tạm ngừng hoặc chấm dứt theo quy định tại khoản 3 Điều này được thực hiện theo *Hướng dẫn sử dụng*.

5. Quy trình và thời hạn xử lý hồ sơ:"
f320e52a-ea09-4c87-973e-5fe666e8203c,02_2024_TT-BKHDT_591580.doc,N/A,general,613,"Việc khôi phục Tài khoản tham gia Hệ thống sau khi đã tạm ngừng hoặc chấm dứt theo quy định tại khoản 3 Điều này được thực hiện theo *Hướng dẫn sử dụng*.

5. Quy trình và thời hạn xử lý hồ sơ:

Trung tâm có trách nhiệm xử lý hồ sơ quy định tại khoản 1, khoản 2, các điểm a, b khoản 3 và khoản 4 Điều này trong thời hạn 02 ngày làm việc kể từ ngày nhận được yêu cầu trên Hệ thống, đồng thời thông báo kết quả xử lý cho Tổ chức tham gia Hệ thống qua bảng thông báo trên Hệ thống, thư điện tử (e-mail), ứng dụng trên thiết bị di động hoặc các kênh thông tin khác và được hướng dẫn chi tiết trong *Hướng dẫn sử dụng*."
5e43db86-cbea-48be-8cb6-c2d80602b4c6,02_2024_TT-BKHDT_591580.doc,N/A,general,14,"## Chương II

"
a7efd586-b76c-4edf-9033-d2a687d6738c,02_2024_TT-BKHDT_591580.doc,N/A,general,78,"### ĐÀO TẠO, BỒI DƯỠNG, CẬP NHẬT KIẾN THỨC, NGHIỆP VỤ CHUYÊN MÔN VỀ ĐẤU THẦU

"
10c88011-8303-451f-a502-46d4892ca137,02_2024_TT-BKHDT_591580.doc,N/A,general,349,"## Điều 5. Đối tượng đào tạo, bồi dưỡng, cập nhật kiến thức, nghiệp vụ chuyên môn về đấu thầu

Người làm công tác đấu thầu có trách nhiệm tự cập nhật kiến thức, nghiệp vụ chuyên môn về đấu thầu hoặc tham gia khóa đào tạo, bồi dưỡng, cập nhật kiến thức, nghiệp vụ chuyên môn do Bộ, ngành, địa phương, doanh nghiệp hoặc cơ sở đào tạo đấu thầu tổ chức."
3dc4909e-1617-4b74-bd01-56189cb7ce4d,02_2024_TT-BKHDT_591580.doc,N/A,general,824,"## Điều 6. Nội dung chương trình, hình thức đào tạo, bồi dưỡng nghiệp vụ chuyên môn về đấu thầu

---


1. Nội dung chương trình đào tạo, bồi dưỡng:

a) Nội dung chương trình đào tạo, bồi dưỡng nghiệp vụ chuyên môn về đấu thầu lựa chọn nhà thầu, nhà đầu tư do Bộ, ngành, địa phương, doanh nghiệp, cơ sở đào tạo quy định trên cơ sở tham khảo các nội dung theo Chương trình khung được quy định tại Phụ lục 1 ban hành kèm theo Thông tư này bảo đảm phù hợp với yêu cầu của từng đối tượng học viên;

b) Thời lượng của mỗi khóa đào tạo, bồi dưỡng, cập nhật kiến thức, nghiệp vụ chuyên môn về đấu thầu do Bộ, ngành, địa phương, doanh nghiệp, cơ sở đào tạo đấu thầu xác định bảo đảm đáp ứng mục đích, yêu cầu của khóa đào tạo, bồi dưỡng.

2. Hoạt động đào tạo, bồi dưỡng được thực hiện theo hình thức tập trung, bán tập trung, từ xa."
858fbdfa-d943-4fae-a656-685ea8e4c76e,02_2024_TT-BKHDT_591580.doc,N/A,general,15,"## Chương III

"
0fc75d1a-5f07-4fa3-b433-87276d5f7304,02_2024_TT-BKHDT_591580.doc,N/A,general,971,"### TỔ CHỨC THI, CẤP, THU HỒI CHỨNG CHỈ NGHIỆP VỤ CHUYÊN MÔN VỀ ĐẤU THẦU

#### Mục 1. CẤP, THU HỒI CHỨNG CHỈ NGHIỆP VỤ CHUYÊN MÔN VỀ ĐẤU THẦU

**Điều 7. Cấp chứng chỉ nghiệp vụ chuyên môn về đấu thầu**

1. Chứng chỉ nghiệp vụ chuyên môn về đấu thầu được cấp cho cá nhân bao gồm:

a) Cá nhân tham gia tổ chuyên gia, tổ thẩm định trong đấu thầu lựa chọn nhà thầu theo quy định tại Điều 19 Luật Đấu thầu và quy định tại Điều 19 Nghị định số 24/2024/NĐ-CP ngày 27 tháng 02 năm 2024 của Chính phủ quy định chi tiết một số điều và biện pháp thi hành Luật Đấu thầu;

b) Cá nhân tham gia tổ chuyên gia, tổ thẩm định trong đấu thầu lựa chọn nhà đầu tư đối với dự án đầu tư kinh doanh theo quy định tại khoản 3 Điều 1 Nghị định số 23/2024/NĐ-CP ngày 27 tháng 02 năm 2024 của Chính phủ quy định chi tiết một số điều và biện pháp thi hành Luật Đấu thầu về lựa chọn nhà đầu tư thực hiện dự án thuộc trường hợp phải tổ chức đấu thầu theo quy định của pháp luật quản lý ngành, lĩnh vực;"
ec5d195b-171e-4e59-8c28-47d47ef6b24b,02_2024_TT-BKHDT_591580.doc,N/A,general,796,"c) Cá nhân tham gia tổ chuyên gia trong đấu thầu lựa chọn nhà đầu tư đối với dự án đầu tư theo phương thức đối tác công tư quy định tại Điều 33 Nghị định số 35/2021/NĐ-CP ngày 29 tháng 3 năm 2021 của Chính phủ quy định chi tiết và hướng dẫn thi hành Luật Đầu tư theo phương thức đối tác công tư.

2. Chứng chỉ nghiệp vụ chuyên môn về đấu thầu được cấp trong một hoặc các trường hợp sau đây:

a) Cấp chứng chỉ lần đầu khi đáp ứng đầy đủ các điều kiện: có đầy đủ năng lực hành vi dân sự; không đang trong thời gian bị truy cứu trách nhiệm hình sự; đạt kỳ thi nghiệp vụ chuyên môn về đấu thầu theo quy định của Thông tư này;

b) Cấp lại chứng chỉ được thực hiện trong trường hợp chứng chỉ nghiệp vụ chuyên môn về đấu thầu đã được cấp còn thời hạn nhưng bị mất hoặc hư hỏng hoặc bị ghi sai thông tin;"
06ac80b1-8b44-4a1b-ae4f-e0369dca7a9b,02_2024_TT-BKHDT_591580.doc,N/A,general,654,"b) Cấp lại chứng chỉ được thực hiện trong trường hợp chứng chỉ nghiệp vụ chuyên môn về đấu thầu đã được cấp còn thời hạn nhưng bị mất hoặc hư hỏng hoặc bị ghi sai thông tin;

c) Cấp gia hạn hiệu lực chứng chỉ nghiệp vụ chuyên môn về đấu thầu được thực hiện trong trường hợp chứng chỉ hết hiệu lực theo quy định tại khoản 1 Điều 8 của Thông tư này. Cá nhân thực hiện đăng ký gia hạn hiệu lực chứng chỉ trên Hệ thống trong thời hạn tối thiểu 15 ngày trước ngày hết

---


hiệu lực của chứng chỉ. Sau thời hạn này, cá nhân không được đăng ký gia hạn hiệu lực chứng chỉ và phải dự thi, cấp chứng chỉ lần đầu theo quy định tại điểm a khoản này nếu có nhu cầu."
c402043f-48bc-4594-948b-406637d403f8,02_2024_TT-BKHDT_591580.doc,N/A,general,435,"## Điều 8. Hiệu lực, quy cách của chứng chỉ nghiệp vụ chuyên môn về đấu thầu

1. Chứng chỉ nghiệp vụ chuyên môn về đấu thầu có hiệu lực trong thời hạn 05 năm kể từ ngày được cấp lần đầu hoặc được gia hạn. Trường hợp cấp lại chứng chỉ thì ghi thời hạn theo chứng chỉ nghiệp vụ chuyên môn về đấu thầu được cấp trước đó.

2. Chứng chỉ nghiệp vụ chuyên môn về đấu thầu có quy cách và nội dung theo Phụ lục 2 ban hành kèm theo Thông tư này."
109a6ef9-b6d5-4189-8021-c9ffac23a2bf,02_2024_TT-BKHDT_591580.doc,N/A,general,619,"## Điều 9. Cơ quan, đơn vị tổ chức thi, cấp, thu hồi chứng chỉ nghiệp vụ chuyên môn về đấu thầu

1. Cơ quan cấp, thu hồi chứng chỉ nghiệp vụ chuyên môn về đấu thầu:

a) Cục Quản lý đấu thầu thuộc Bộ Kế hoạch và Đầu tư;

b) Sở Kế hoạch và Đầu tư các tỉnh, thành phố trực thuộc Trung ương.

2. Cơ quan cấp, thu hồi chứng chỉ nghiệp vụ chuyên môn về đấu thầu quy định tại khoản 1 Điều này giao đơn vị sự nghiệp công lập trực thuộc tiếp nhận, kiểm tra hồ sơ đăng ký thi cấp lần đầu, hồ sơ đăng ký cấp lại, hồ sơ đăng ký cấp gia hạn chứng chỉ nghiệp vụ chuyên môn về đấu thầu và tổ chức thi nghiệp vụ chuyên môn về đấu thầu."
b4851255-f666-4db8-b2d6-425a736661b7,02_2024_TT-BKHDT_591580.doc,N/A,general,742,"## Điều 10. Thu hồi chứng chỉ nghiệp vụ chuyên môn về đấu thầu

1. Cá nhân là thành viên tổ chuyên gia, tổ thẩm định bị thu hồi chứng chỉ nghiệp vụ chuyên môn về đấu thầu trong trường hợp có hành vi vi phạm bị xử lý theo quy định tại khoản 9 Điều 125 của Nghị định số 24/2024/NĐ-CP ngày 27 tháng 02 năm 2024 của Chính phủ quy định chi tiết một số điều và biện pháp thi hành Luật Đấu thầu về lựa chọn nhà thầu.

2. Quy trình thu hồi chứng chỉ nghiệp vụ chuyên môn về đấu thầu:

a) Trong thời hạn 05 ngày làm việc kể từ ngày ban hành quyết định thu hồi chứng chỉ nghiệp vụ chuyên môn về đấu thầu, cơ quan cấp chứng chỉ gửi quyết định thu hồi chứng chỉ cho cá nhân bị thu hồi và đăng tải thông tin trên Hệ thống, Hệ thống mạng đấu thầu quốc gia;"
14d6948d-39b7-4220-baee-84b9312e0a0a,02_2024_TT-BKHDT_591580.doc,N/A,general,908,"b) Cá nhân bị thu hồi chứng chỉ nghiệp vụ chuyên môn về đấu thầu phải nộp lại bản gốc chứng chỉ cho cơ quan ra quyết định thu hồi chứng chỉ trong thời hạn 05 ngày làm việc, kể từ ngày nhận được quyết định thu hồi. Trường hợp cá nhân bị thu hồi chứng chỉ nghiệp vụ chuyên môn về đấu thầu không nộp lại chứng chỉ, cơ quan cấp chứng chỉ quyết định hủy chứng chỉ nghiệp vụ chuyên môn về đấu thầu, gửi thông báo cho cá nhân bị hủy chứng chỉ và đăng tải thông tin trên Hệ thống, Hệ thống mạng đấu thầu quốc gia, đồng thời gửi thông tin đến Cục Quản lý đấu thầu, Bộ Kế hoạch và Đầu tư để tổng hợp, theo dõi;

c) Thông tin của cá nhân bị thu hồi chứng chỉ nghiệp vụ chuyên môn về đấu thầu trong cơ sở dữ liệu trên Hệ thống thể hiện trạng thái ""chứng chỉ bị thu hồi"".

3. Cá nhân bị thu hồi chứng chỉ nghiệp vụ chuyên môn về đấu thầu được thi cấp chứng chỉ mới sau ít nhất 02 năm kể từ ngày bị thu hồi chứng chỉ.

---"
f3f25a78-e962-404c-acf5-98e82fdc9ac1,02_2024_TT-BKHDT_591580.doc,N/A,general,930,"3. Cá nhân bị thu hồi chứng chỉ nghiệp vụ chuyên môn về đấu thầu được thi cấp chứng chỉ mới sau ít nhất 02 năm kể từ ngày bị thu hồi chứng chỉ.

---


Mục 2. HỘI ĐỒNG XÂY DỰNG NGÂN HÀNG CÂU HỎI, ĐỀ THI, HỘI ĐỒNG THI VÀ CÁC BAN GIÚP VIỆC HỘI ĐỒNG THI

Điều 11. Hội đồng xây dựng ngân hàng câu hỏi, đề thi nghiệp vụ chuyên môn về đấu thầu

1. Hội đồng xây dựng ngân hàng câu hỏi, đề thi do Cục Quản lý đấu thầu, Bộ Kế hoạch và Đầu tư thành lập.

2. Thành phần Hội đồng xây dựng ngân hàng câu hỏi, đề thi gồm Chủ tịch Hội đồng là lãnh đạo Cục Quản lý đấu thầu; các Phó chủ tịch hội đồng và các thành viên.

3. Nhiệm vụ, quyền hạn của Hội đồng xây dựng ngân hàng câu hỏi, đề thi:

a) Xây dựng ngân hàng câu hỏi, đề thi;

b) Nhập ngân hàng câu hỏi và thiết lập cấu trúc đề thi trên Hệ thống;

c) Bảo mật đề thi;

d) Thực hiện các công việc liên quan khác theo yêu cầu của Cục trưởng Cục Quản lý đấu thầu.

4. Ngân hàng câu hỏi, đề thi:"
9febae43-96b2-406d-b36a-bf943d6286f6,02_2024_TT-BKHDT_591580.doc,N/A,general,966,"c) Bảo mật đề thi;

d) Thực hiện các công việc liên quan khác theo yêu cầu của Cục trưởng Cục Quản lý đấu thầu.

4. Ngân hàng câu hỏi, đề thi:

a) Ngân hàng câu hỏi là tập hợp các câu hỏi trắc nghiệm. Nội dung ngân hàng câu hỏi phải bảo đảm tính chính xác, khoa học; mỗi câu hỏi có đáp án, thang điểm chi tiết; ngân hàng câu hỏi được lưu trữ, bảo mật thông tin;

b) Đề thi được xây dựng trên cơ sở hoán vị tự động các câu hỏi từ ngân hàng câu hỏi theo từng kỳ thi; được bảo mật trên Hệ thống và được gửi tự động ngẫu nhiên đến máy tính từng thí sinh trước giờ thi.

Điều 12. Hội đồng thi nghiệp vụ chuyên môn về đấu thầu

1. Hội đồng thi nghiệp vụ chuyên môn về đấu thầu do người đứng đầu đơn vị tổ chức thi nghiệp vụ chuyên môn về đấu thầu quyết định thành lập. Chủ tịch Hội đồng thi sử dụng con dấu của đơn vị tổ chức thi nghiệp vụ chuyên môn về đấu thầu khi giao dịch với các tổ chức, cá nhân liên quan trong quá trình tổ chức thi và các hoạt động liên quan khác."
23557516-be28-4f13-a6f5-00a04f5478ac,02_2024_TT-BKHDT_591580.doc,N/A,general,978,"2. Thành phần Hội đồng thi nghiệp vụ chuyên môn về đấu thầu bao gồm:

a) Chủ tịch Hội đồng thi là lãnh đạo của đơn vị tổ chức thi nghiệp vụ chuyên môn về đấu thầu;

b) Các ủy viên.

3. Hội đồng thi có nhiệm vụ thực hiện các công việc sau đây:

a) Xây dựng kế hoạch tổ chức các kỳ thi;

b) Trình lãnh đạo đơn vị tổ chức thi quyết định thành lập các Ban giúp việc cho Hội đồng thi, bao gồm: Ban Thư ký - Giám sát, Ban Coi thi - Hậu cần;

c) Tổ chức thi;

---


d) Tổng hợp, báo cáo kết quả thi;

đ) Giải quyết kiến nghị liên quan đến kỳ thi;

e) Tổng kết công tác thi;

g) Thực hiện các nhiệm vụ khác có liên quan.

4. Chế độ làm việc của Hội đồng thi:

a) Hội đồng thi làm việc theo chế độ tập thể. Các quyết định của Hội đồng thi thực hiện theo nguyên tắc biểu quyết với trên 50% ý kiến đồng ý của các thành viên Hội đồng thi;

b) Hội đồng thi tổ chức các cuộc họp theo triệu tập của Chủ tịch Hội đồng thi. Nội dung các cuộc họp được ghi thành biên bản và lưu giữ theo quy định."
da9a409b-e89d-4810-b4ea-1d496e480e48,02_2024_TT-BKHDT_591580.doc,N/A,general,970,"b) Hội đồng thi tổ chức các cuộc họp theo triệu tập của Chủ tịch Hội đồng thi. Nội dung các cuộc họp được ghi thành biên bản và lưu giữ theo quy định.

**Điều 13. Nhiệm vụ, quyền hạn của các Ban giúp việc Hội đồng thi**

1. Nhiệm vụ, quyền hạn của Ban Thư ký - Giám sát:

a) Bộ phận Thư ký: chuẩn bị các văn bản, tài liệu cần thiết của Hội đồng thi; tổng hợp, báo cáo kết quả thi với Hội đồng thi; tổng hợp các kiến nghị, khiếu nại, tố cáo liên quan đến kỳ thi để báo cáo Hội đồng thi xem xét, giải quyết; thực hiện các công việc liên quan khác theo yêu cầu của Chủ tịch Hội đồng thi;

b) Bộ phận Giám sát: tổ chức giám sát toàn bộ các công việc trong quá trình tổ chức thi; báo cáo và đề xuất Chủ tịch Hội đồng thi xử lý đối với các trường hợp vi phạm quy chế thi của thành viên các Ban giúp việc Hội đồng thi; thực hiện các công việc liên quan khác theo yêu cầu của Chủ tịch Hội đồng thi;

c) Thành viên Ban Thư ký - Giám sát không được tham gia Ban Coi thi - Hậu cần."
7ef8ccdf-4993-442d-a252-db229a79c1ed,02_2024_TT-BKHDT_591580.doc,N/A,general,679,"c) Thành viên Ban Thư ký - Giám sát không được tham gia Ban Coi thi - Hậu cần.

2. Nhiệm vụ, quyền hạn của Ban Coi thi - Hậu cần:

a) Bộ phận Coi thi: xây dựng kế hoạch coi thi, phân công giám thị coi thi và tổ chức thực hiện coi thi theo quy chế thi; thông báo cho Trưởng ban Coi thi - Hậu cần để xem xét, báo cáo Chủ tịch Hội đồng thi quyết định việc đình chỉ coi thi đối với giám thị, đình chỉ thi đối với thí sinh nếu phát hiện vi phạm quy chế thi; bố trí Giám thị phòng thi bảo đảm giám sát, quản lý toàn bộ quá trình làm bài thi của thí sinh, mỗi phòng thi được bố trí tối thiểu 01 giám thị; thực hiện các công việc khác có liên quan theo yêu cầu của Chủ tịch Hội đồng thi;"
bda95a3d-ed98-4e02-93b0-555393f2867c,02_2024_TT-BKHDT_591580.doc,N/A,general,944,"b) Bộ phận Hậu cần: chủ trì, phối hợp với các Ban giúp việc liên quan để tổng hợp, xây dựng kế hoạch tổ chức kỳ thi, báo cáo Chủ tịch Hội đồng thi để trình lãnh đạo đơn vị tổ chức thi nghiệp vụ chuyên môn về đấu thầu xem xét, quyết định; thực hiện công tác hậu cần phục vụ kỳ thi bao gồm: địa điểm thi; thiết bị; văn phòng phẩm; bố trí phương tiện đi lại của các thành viên Hội đồng thi, thành viên các Ban giúp việc Hội đồng thi; thực hiện việc đăng tải các thông tin về kỳ thi, kết quả thi lên Hệ thống theo quy định; thực hiện các công việc khác có liên quan theo yêu cầu của Chủ tịch Hội đồng thi;

c) Thành viên Ban Coi thi - Hậu cần thực hiện công tác coi thi không được tham gia Ban Thư ký - Giám sát.

---


3. Các Ban giúp việc cho Hội đồng thi tự giải thể sau khi hoàn thành các nghĩa vụ đối với từng kỳ thi hoặc tiếp tục thực hiện các nhiệm vụ của mình đối với các kỳ thi tiếp theo nếu không có thay đổi, điều chỉnh, bổ sung nhân sự."
4431cd59-cc50-480d-98b7-ea3990b63d80,02_2024_TT-BKHDT_591580.doc,N/A,general,56,"## Mục 3. TỔ CHỨC THI NGHIỆP VỤ CHUYÊN MÔN VỀ ĐẤU THẦU

"
a588c1f6-d720-442f-9cc8-d7085516cac5,02_2024_TT-BKHDT_591580.doc,N/A,general,950,"### Điều 14. Yêu cầu tổ chức thi

1. Điều kiện đối với đơn vị tổ chức thi nghiệp vụ chuyên môn về đấu thầu:

a) Là đơn vị được quy định tại khoản 2 Điều 9 của Thông tư này;

b) Có hồ sơ đăng ký tổ chức thi nghiệp vụ chuyên môn về đấu thầu quy định tại khoản 2 Điều này;

c) Có năng lực, nguồn lực để tổ chức thi nghiệp vụ chuyên môn về đấu thầu quy định tại Điều 12, Điều 13 và khoản 3 Điều này.

2. Trình tự, thủ tục đăng ký tổ chức thi nghiệp vụ chuyên môn về đấu thầu:

a) Đơn vị quy định tại khoản 2 Điều 9 của Thông tư này thực hiện đăng ký để tổ chức thi nghiệp vụ chuyên môn về đấu thầu theo *Hướng dẫn sử dụng*;

b) Trong thời hạn 20 ngày kể từ ngày nhận đủ hồ sơ hợp lệ, Cục Quản lý đấu thầu, Bộ Kế hoạch và Đầu tư đăng tải danh sách đơn vị được tổ chức thi nghiệp vụ chuyên môn về đấu thầu trên Hệ thống

3. Đơn vị tổ chức thi nghiệp vụ chuyên môn về đấu thầu có trách nhiệm bố trí địa điểm tổ chức thi đáp ứng điều kiện cơ sở vật chất gồm:"
4ed57547-4c6e-4ed1-8d4f-b348a1b2dcbf,02_2024_TT-BKHDT_591580.doc,N/A,general,941,"3. Đơn vị tổ chức thi nghiệp vụ chuyên môn về đấu thầu có trách nhiệm bố trí địa điểm tổ chức thi đáp ứng điều kiện cơ sở vật chất gồm:

a) Khu vực tổ chức thi có diện tích tối thiểu đủ để bố trí bàn ghế và ít nhất 50 máy tính;

b) Hệ thống máy tính phải ở trạng thái làm việc ổn định, được kết nối theo mô hình mạng nội bộ (mạng LAN) và có kết nối mạng Internet. Đường truyền mạng Internet phải có lưu lượng tín hiệu truyền dẫn đủ đáp ứng cho số lượng hệ thống máy tính tại khu vực tổ chức thi bảo đảm ổn định, không bị gián đoạn trong quá trình thí sinh làm bài thi;

c) Hệ thống camera quan sát: có bố trí camera giám sát có độ phân giải tối thiểu 1920 x 1080 (1080P), bảo đảm quan sát được toàn bộ khu vực tổ chức thi và có khả năng lưu trữ dữ liệu trong thời gian tối thiểu 30 ngày kể từ ngày tổ chức thi;

d) Máy in: được bố trí tối thiểu 01 máy in phục vụ in phiếu kết quả thi và 01 máy in dự phòng sử dụng trong trường hợp cần thiết."
1c78812f-2c22-4b0a-9fcf-a5f76521c8cb,02_2024_TT-BKHDT_591580.doc,N/A,general,934,"### Điều 15. Kế hoạch tổ chức thi và mở kỳ thi trên Hệ thống

1. Kế hoạch tổ chức thi được đơn vị tổ chức thi nghiệp vụ chuyên môn về đấu thầu xây dựng trên Hệ thống bảo đảm tổ chức không quá 01 kỳ thi mỗi tháng, trừ trường hợp đột xuất. Mỗi kỳ thi phải bảo đảm có tối thiểu 50 thí sinh đăng ký dự thi.

2. Đơn vị tổ chức thi nghiệp vụ chuyên môn về đấu thầu gửi kế hoạch tổ chức thi theo từng quý hoặc theo năm trên Hệ thống. Cục Quản lý đấu thầu, Bộ Kế hoạch và Đầu tư phê duyệt kế hoạch tổ chức thi trong thời hạn không quá 07 ngày làm việc kể từ ngày tiếp nhận yêu cầu gửi trên Hệ thống.

---


3. Kế hoạch tổ chức thi phải được đăng tải trên Hệ thống trước thời điểm tổ chức kỳ thi đầu tiên tối thiểu 30 ngày.

4. Đơn vị tổ chức thi nghiệp vụ chuyên môn về đấu thầu có trách nhiệm:

a) Thực hiện mở kỳ thi trên Hệ thống bằng tài khoản tham gia Hệ thống đã được cấp theo tiến độ tổ chức phù hợp với kế hoạch thi đã được phê duyệt;"
730f13cd-3031-4497-a149-93584ec8c565,02_2024_TT-BKHDT_591580.doc,N/A,general,951,"a) Thực hiện mở kỳ thi trên Hệ thống bằng tài khoản tham gia Hệ thống đã được cấp theo tiến độ tổ chức phù hợp với kế hoạch thi đã được phê duyệt;

b) Tiếp nhận, kiểm tra hồ sơ dự thi, phê duyệt danh sách đủ điều kiện dự thi, chia phòng thi cho các thí sinh đủ điều kiện dự thi trên Hệ thống;

c) Chuẩn bị khu vực tổ chức thi đáp ứng điều kiện theo quy định tại khoản 3 Điều 14 của Thông tư này.

**Điều 16. Công tác chuẩn bị tổ chức thi**

1. Thời gian dự kiến tổ chức thi, chi phí dự thi được thông báo trên Hệ thống trước ngày thi dự kiến tối thiểu 30 ngày.

2. Trước ngày thi tối thiểu 10 ngày, danh sách thí sinh đủ điều kiện dự thi, thông báo triệu tập thi được đăng tải trên Hệ thống, đồng thời Hệ thống tự động gửi email thông báo triệu tập thi tới các thí sinh đủ điều kiện dự thi.

3. Trước ngày thi tối thiểu 03 ngày, danh sách chia phòng thi (họ và tên thí sinh dự thi, số báo danh, địa điểm thi, số phòng thi) được đăng tải trên Hệ thống."
41c64a5f-1022-4095-9a19-92e364a7a7d8,02_2024_TT-BKHDT_591580.doc,N/A,general,964,"3. Trước ngày thi tối thiểu 03 ngày, danh sách chia phòng thi (họ và tên thí sinh dự thi, số báo danh, địa điểm thi, số phòng thi) được đăng tải trên Hệ thống.

4. Trước ngày thi tối thiểu 01 ngày, Hội đồng thi niêm yết danh sách thí sinh theo số báo danh và theo phòng thi tại địa điểm tổ chức thi.

5. Trước ngày thi tối thiểu 01 ngày, Ban Coi thi - Hậu cần phải hoàn thành các công tác chuẩn bị cho kỳ thi như sau:

a) Chuẩn bị các mẫu biên bản, tài liệu liên quan đến quá trình tổ chức thi;

b) Chuẩn bị thẻ cho các thành viên Hội đồng thi, Ban Coi thi - Hậu cần, Ban Thư ký - Giám sát;

c) Chuẩn bị các tài liệu và thực hiện các công việc khác có liên quan.

**Điều 17. Đăng ký thi, cấp chứng chỉ nghiệp vụ chuyên môn về đấu thầu**

1. Cá nhân có nhu cầu cấp chứng chỉ nghiệp vụ chuyên môn về đấu thầu gửi hồ sơ đăng ký thi trên Hệ thống đến đơn vị tổ chức thi thuộc danh sách công khai trên Hệ thống theo quy định tại điểm b khoản 2 Điều 14 của Thông tư này."
db2b9ec1-a1e9-4d18-a16a-5c9d2b8fd3bc,02_2024_TT-BKHDT_591580.doc,N/A,general,869,"2. Cá nhân được đưa vào danh sách thí sinh đủ điều kiện dự khi đã đăng ký thi thành công và nộp đầy đủ chi phí dự thi theo quy định tại khoản 1 Điều 28 của Thông tư này.

3. Hồ sơ đăng ký thi, cấp chứng chỉ bao gồm:

a) Đơn đăng ký thi theo Mẫu số 03 Phụ lục 03 ban hành kèm theo Thông tư này;

---


b) 01 ảnh màu mới chụp không quá 06 tháng, cỡ 3cm x 4cm, mặt nhìn thẳng, đầu để trần, rõ mặt, rõ hai tai, không đeo kính, trang phục lịch sự (đính kèm tệp tin lên hồ sơ đăng ký thi trên Hệ thống);

4. Hồ sơ đề nghị cấp lại chứng chỉ bao gồm:

a) Đơn đề nghị cấp lại chứng chỉ nghiệp vụ chuyên môn về đấu thầu theo mẫu số 04 Phụ lục 03 ban hành kèm theo Thông tư này;

b) 01 ảnh màu mới chụp không quá 06 tháng, cỡ 3cm x 4cm, mặt nhìn thẳng, đầu để trần, rõ mặt, rõ hai tai, không đeo kính, trang phục lịch sự (đính kèm tệp tin lên hồ sơ đề nghị cấp lại trên Hệ thống);"
279371fc-d8d8-4b80-9757-6f099cdeb1c5,02_2024_TT-BKHDT_591580.doc,N/A,general,964,"c) Bản gốc chứng chỉ nghiệp vụ chuyên môn về đấu thầu còn hiệu lực nhưng bị hư hỏng hoặc bị ghi sai thông tin. Trường hợp bị mất chứng chỉ nghiệp vụ chuyên môn về đấu thầu thì phải có cam kết của người đề nghị cấp lại (đính kèm tệp tin ảnh màu chụp từ bản chính chứng chỉ nghiệp vụ chuyên môn về đấu thầu hoặc bản cam kết vào hồ sơ đề nghị cấp lại trên Hệ thống).

5. Hồ sơ đề nghị cấp gia hạn hiệu lực chứng chỉ bao gồm:

a) Đơn đề nghị cấp gia hạn chứng chỉ nghiệp vụ chuyên môn về đấu thầu theo mẫu số 05 Phụ lục 03 ban hành kèm theo Thông tư này;

b) 01 ảnh màu mới chụp không quá 06 tháng, cỡ 3cm x 4cm, mặt nhìn thẳng, đầu để trần, rõ mặt, rõ hai tai, không đeo kính, trang phục lịch sự (đính kèm tệp tin lên hồ sơ đề nghị gia hạn trên Hệ thống).

**Điều 18. Hình thức, nội dung thi trực tuyến**

1. Hình thức thi: thi trắc nghiệm trong thời gian tối đa 90 phút.

2. Nội dung đề thi bao gồm:

a) Câu hỏi kiến thức liên quan đến từng lĩnh vực đấu thầu cụ thể;"
32b74803-6999-4531-97f7-6716d81bf8b7,02_2024_TT-BKHDT_591580.doc,N/A,general,883,"1. Hình thức thi: thi trắc nghiệm trong thời gian tối đa 90 phút.

2. Nội dung đề thi bao gồm:

a) Câu hỏi kiến thức liên quan đến từng lĩnh vực đấu thầu cụ thể;

b) Câu hỏi kiến thức về pháp luật liên quan đến hoạt động đấu thầu;

c) Câu hỏi kiến thức chuyên sâu về quy định của pháp luật đấu thầu;

d) Câu hỏi kiến thức, bài tập về xử lý tình huống trong đấu thầu.

**Điều 19. Kết thúc bài thi và bàn giao danh sách điểm bài thi**

1. Kết thúc thời gian làm bài thi, giám thị phòng thi bàn giao danh sách điểm, danh sách nộp bài thi có chữ ký của thí sinh và toàn bộ biên bản, tài liệu liên quan cho đại diện Ban Coi thi - Hậu cần.

2. Trưởng ban Ban Coi thi - Hậu cần tổng hợp và bàn giao danh sách, các tài liệu liên quan cho Trưởng ban Ban Thư ký - Giám sát chậm nhất trong thời hạn 02 ngày làm việc kể từ ngày kết thúc kỳ thi.

**Điều 20. Chấm thi và công bố kết quả thi**

---"
9d42a4a5-a34d-4e13-ab1b-98bd382cc493,02_2024_TT-BKHDT_591580.doc,N/A,general,797,"**Điều 20. Chấm thi và công bố kết quả thi**

---


1. Chức năng thi trực tuyến trên Hệ thống tự động chấm điểm bài thi của thí sinh theo đề thi và đáp án tương ứng.

2. Điểm của bài thi phải được ghi rõ bằng số vào phần chấm điểm trên Hệ thống.

3. Kết quả xếp loại chứng chỉ nghiệp vụ chuyên môn về đấu thầu:

a) Loại xuất sắc: đối với bài thi có kết quả đạt lớn hơn 90% tổng số điểm trở lên;

b) Loại giỏi: đối với bài thi có kết quả đạt từ 80% đến dưới 90% tổng số điểm;

c) Loại khá: đối với bài thi có kết quả đạt từ 60% đến dưới 80% tổng số điểm;

d) Loại trung bình: đối với bài thi có kết quả đạt từ 50% đến dưới 60% tổng số điểm;

đ) Không đạt yêu cầu: đối với bài thi có kết quả đạt dưới 50% tổng số điểm;

4. Ban Thư ký - Giám sát tổng hợp kết quả thi và báo cáo Chủ tịch Hội đồng thi."
bec80e15-4e43-4900-8f32-cc8c307704ac,02_2024_TT-BKHDT_591580.doc,N/A,general,516,"đ) Không đạt yêu cầu: đối với bài thi có kết quả đạt dưới 50% tổng số điểm;

4. Ban Thư ký - Giám sát tổng hợp kết quả thi và báo cáo Chủ tịch Hội đồng thi.

5. Căn cứ vào kết quả thi do Hội đồng thi tổng hợp, đơn vị tổ chức thi trình, cơ quan cấp, thu hồi chứng chỉ nghiệp vụ chuyên môn về đấu thầu ban hành quyết định công nhận kết quả thi. Cơ quan cấp, thu hồi chứng chỉ nghiệp vụ chuyên môn về đấu thầu công khai quyết định công nhận kết quả thi trên Hệ thống trong thời hạn 05 ngày làm việc kể từ ngày ban hành."
12afc73f-46ed-483d-9af2-6dace5f7976f,02_2024_TT-BKHDT_591580.doc,N/A,general,524,"## Điều 21. Giải quyết đơn kiến nghị, phản ánh trong quá trình dự thi

1. Trong quá trình tham dự thi, trường hợp cá nhân tham dự thi thấy quyền và lợi ích hợp pháp của mình bị ảnh hưởng thì gửi đơn kiến nghị, phản ánh đến Hội đồng thi.

2. Hội đồng thi xem xét, giải quyết trong thời hạn tối đa 15 ngày kể từ ngày nhận được đơn kiến nghị, phản ánh. Trường hợp đơn kiến nghị, phản ánh không có chữ ký, đóng dấu (nếu có) của người gửi đơn hoặc nội dung kiến nghị, phản ánh sai sự thật, Hội đồng thi không xem xét, giải quyết."
d8b34ae4-6ee7-4683-9141-39dcf8011fca,02_2024_TT-BKHDT_591580.doc,N/A,general,1194,"## Điều 22. Thời hạn cấp chứng chỉ nghiệp vụ chuyên môn về đấu thầu

1. Trong thời hạn 03 ngày làm việc kể từ ngày ban hành quyết định công nhận kết quả thi, đơn vị tổ chức thi trình cơ quan cấp, thu hồi chứng chỉ nghiệp vụ chuyên môn về đấu thầu ban hành quyết định cấp chứng chỉ nghiệp vụ chuyên môn về đấu thầu.

Trong thời hạn 05 ngày làm việc kể từ ngày nhận được tờ trình của đơn vị tổ chức thi, cơ quan cấp, thu hồi chứng chỉ nghiệp vụ chuyên môn về đấu thầu ban hành quyết định cấp chứng chỉ nghiệp vụ chuyên môn về đấu thầu.

Cơ quan cấp, thu hồi chứng chỉ nghiệp vụ chuyên môn về đấu thầu công khai quyết định cấp chứng chỉ trên Hệ thống trong thời hạn 05 ngày làm việc kể từ ngày ban hành.

2. Cá nhân được cấp chứng chỉ nghiệp vụ chuyên môn về đấu thầu lần đầu trong thời hạn tối đa 15 ngày làm việc kể từ ngày ban hành quyết định cấp chứng chỉ.

3. Cá nhân được cấp lại chứng chỉ nghiệp vụ chuyên môn về đấu thầu trong thời hạn tối đa 07 ngày làm việc kể từ ngày ban hành quyết định cấp lại chứng chỉ.

---


4. Cá nhân được cấp gia hạn hiệu lực chứng chỉ nghiệp vụ chuyên môn về đấu thầu trong thời hạn tối đa 07 ngày làm việc kể từ ngày ban hành quyết định cấp gia hạn chứng chỉ."
d040f120-817d-4427-8d8c-0071b0244d0c,02_2024_TT-BKHDT_591580.doc,N/A,general,1055,"## Điều 23. Lưu trữ hồ sơ cấp chứng chỉ nghiệp vụ chuyên môn về đấu thầu

1. Hồ sơ đăng ký thi, đề nghị cấp lại, cấp gia hạn chứng chỉ nghiệp vụ chuyên môn về đấu thầu được lưu trữ trên Hệ thống.

2. Đơn vị tổ chức thi nghiệp vụ chuyên môn về đấu thầu có trách nhiệm lưu trữ các quyết định liên quan đến việc tổ chức thi trong thời hạn tối thiểu là 05 năm kể từ khi ban hành quyết định, bao gồm:

a) Quyết định thành lập Hội đồng thi; quyết định thành lập các Ban giúp việc Hội đồng thi;

b) Quyết định phê duyệt danh sách thí sinh đủ điều kiện dự thi;

c) Các tài liệu liên quan khác đến việc tổ chức kỳ thi.

3. Cơ quan cấp, thu hồi chứng chỉ nghiệp vụ chuyên môn về đấu thầu có trách nhiệm lưu trữ các quyết định liên quan đến việc cấp, thu hồi chứng chỉ trong thời hạn tối thiểu là 05 năm kể từ khi ban hành quyết định, bao gồm:

a) Quyết định công nhận kết quả thi;

b) Quyết định cấp lần đầu, cấp lại, cấp gia hạn, thu hồi chứng chỉ nghiệp vụ chuyên môn về đấu thầu.

4. Bộ đề thi kèm theo đáp án, bài thi của từng kỳ thi được lưu trữ trên Hệ thống."
c2dacccb-0d7c-4c68-8c83-068112759370,02_2024_TT-BKHDT_591580.doc,N/A,general,51,"## Mục 4. YÊU CẦU ĐỐI VỚI CÁC BÊN THAM GIA KỲ THI

"
2e86fd86-84a5-422a-b021-59b2a920f317,02_2024_TT-BKHDT_591580.doc,N/A,general,972,"### Điều 24. Yêu cầu đối với thành viên tổ chức thi, thí sinh

1. Căn cứ chức năng, nhiệm vụ được giao, thành viên Hội đồng xây dựng ngân hàng câu hỏi, đề thi, Hội đồng thi và thành viên các Ban giúp việc Hội đồng thi không được thực hiện các hành vi sau đây:

a) Cho phép thí sinh dự thi mang và sử dụng các vật dụng, thiết bị quy định tại điểm d khoản 2 Điều này;

b) Trực tiếp giải bài hoặc hướng dẫn cho thí sinh trong thời gian thi;

c) Làm lộ đề thi; mua, bán đề thi;

d) Sửa chữa, thêm, bớt vào bài thi của thí sinh trên Hệ thống thi;

đ) Bao che, tạo điều kiện để thí sinh làm bài hộ nhau;

e) Các hành vi khác làm thay đổi kết quả của bài thi, kỳ thi.

Thành viên Hội đồng xây dựng ngân hàng câu hỏi, đề thi, Hội đồng thi và thành viên các Ban giúp việc Hội đồng thi có hành vi vi phạm quy định tại Thông tư này, nếu có đủ chứng cứ, tuỳ theo mức độ, sẽ bị xử lý theo quy định của pháp luật.

---


2. Thí sinh tham dự thi không được thực hiện các hành vi sau đây:"
11d00d73-6b65-4192-b687-ab80b132022b,02_2024_TT-BKHDT_591580.doc,N/A,general,893,"---


2. Thí sinh tham dự thi không được thực hiện các hành vi sau đây:

a) Trao đổi thông tin, tài liệu với thí sinh khác trong quá trình thi;

b) Cố ý ngồi không đúng chỗ ghi số báo danh của mình;

c) Nhìn bài, chép bài của thí sinh khác hoặc có bất kỳ hành vi gian lận nào trong quá trình thi;

d) Mang vào khu vực thi và phòng thi vũ khí, chất gây nổ, gây cháy, phương tiện thu, phát, truyền tin, ghi âm, ghi hình, thiết bị chứa đựng thông tin có thể lợi dụng để làm bài thi và các vật dụng gây nguy hại khác;

đ) Đưa đề thi ra ngoài hoặc nhận bài giải từ ngoài dưới mọi hình thức;

e) Có hành động gây gổ, đe dọa, hành hung cán bộ có trách nhiệm trong kỳ thi hoặc thí sinh khác;

g) Nhờ người khác thi hộ, làm bài hộ dưới mọi hình thức;

h) Có hành động phá hoại kỳ thi;

i) Các hành vi khác làm thay đổi kết quả của bài thi, kỳ thi.

**Điều 25. Các hình thức xử lý vi phạm trong kỳ thi**"
8bc8d2c1-4612-4141-9265-dcbe5191a0b1,02_2024_TT-BKHDT_591580.doc,N/A,general,781,"h) Có hành động phá hoại kỳ thi;

i) Các hành vi khác làm thay đổi kết quả của bài thi, kỳ thi.

**Điều 25. Các hình thức xử lý vi phạm trong kỳ thi**

1. Thí sinh vi phạm quy định của kỳ thi bị lập biên bản và tuỳ mức vi phạm bị xử lý kỷ luật theo các hình thức sau:

a) Nhắc nhở: áp dụng đối với thí sinh dự thi vi phạm lần đầu quy định tại điểm a khoản 2 Điều 24 của Thông tư này;

b) Khiển trách: áp dụng đối với thí sinh bị nhắc nhở lần thứ hai hoặc vi phạm quy định tại điểm b, c khoản 2 Điều 24 của Thông tư này; thí sinh bị khiển trách sẽ bị trừ 25% số điểm thi của bài thi đó;

c) Cảnh cáo: áp dụng đối với thí sinh bị khiển trách lần thứ hai hoặc vi phạm quy định tại điểm d khoản 2 Điều 24 của Thông tư này; thí sinh bị cảnh cáo sẽ bị trừ 50% số điểm thi của bài thi đó;"
39ab6939-352b-4fa6-9827-a45c3cc0e8b3,02_2024_TT-BKHDT_591580.doc,N/A,general,690,"c) Cảnh cáo: áp dụng đối với thí sinh bị khiển trách lần thứ hai hoặc vi phạm quy định tại điểm d khoản 2 Điều 24 của Thông tư này; thí sinh bị cảnh cáo sẽ bị trừ 50% số điểm thi của bài thi đó;

d) Đình chỉ thi: áp dụng đối với thí sinh bị cảnh cáo lần thứ hai hoặc vi phạm quy định tại các điểm đ, e, i khoản 2 Điều 24 của Thông tư này; thí sinh bị kỷ luật đình chỉ thi trong khi thi sẽ bị điểm không (0) bài thi đó và phải ra khỏi phòng thi ngay sau khi có quyết định;

đ) Thí sinh vi phạm quy định tại các điểm g, h khoản 2 Điều 24 của Thông tư này bị đình chỉ thi và không được tham dự các kỳ thi cấp chứng chỉ nghiệp vụ chuyên môn về đấu thầu trong thời hạn 02 năm kể từ ngày vi phạm."
7d6a8a9d-0d79-4599-985d-25a30f2e2b56,02_2024_TT-BKHDT_591580.doc,N/A,general,907,"2. Việc xử lý kỷ luật thí sinh phải được lập thành biên bản, có chữ ký của giám thị coi thi phòng thi đó và được thông báo cho thí sinh. Trường hợp thí sinh không ký tên vào biên bản thì các giám thị coi thi ghi rõ nội dung này trong biên bản. Trường hợp giữa các giám thị coi thi không nhất trí về cách xử lý thì ghi rõ ý kiến vào biên bản để báo cáo Trưởng ban Ban Coi thi - Hậu cần xem xét, báo cáo Chủ tịch Hội đồng thi quyết định.

---


3. Việc xử lý kỷ luật theo hình thức quy định tại các điểm a, b, c khoản 1 Điều này do giám thị phòng thi quyết định. Trường hợp thí sinh không đồng ý chấp hành hình thức kỷ luật theo quyết định này, giám thị phòng thi báo cáo Trưởng ban Ban Coi thi - Hậu cần quyết định.

4. Việc đình chỉ thi do Chủ tịch Hội đồng thi quyết định; việc cấm thi do người đứng đầu đơn vị tổ chức thi nghiệp vụ chuyên môn về đấu thầu quyết định theo đề nghị của Chủ tịch Hội đồng thi."
85631128-6e69-40ba-b6b0-b8141d613dfe,02_2024_TT-BKHDT_591580.doc,N/A,general,14,"## Chương IV

"
54afb73c-20c0-4c0a-a385-81d294b00e77,02_2024_TT-BKHDT_591580.doc,N/A,general,569,"### NGUYÊN TẮC THU, CHI, NỘI DUNG CHI, MỨC THU VÀ QUẢN LÝ, SỬ DỤNG CHI PHÍ THI, CẤP CHỨNG CHỈ NGHIỆP VỤ CHUYÊN MÔN VỀ ĐẤU THẦU

**Điều 26. Nguyên tắc thu, chi và quản lý, sử dụng khoản thu chi phí thi, cấp chứng chỉ nghiệp vụ chuyên môn về đấu thầu**

1. Hoạt động thi nghiệp vụ chuyên môn về đấu thầu là hoạt động dịch vụ sự nghiệp công không sử dụng ngân sách nhà nước của đơn vị tổ chức thi.

2. Cá nhân có nhu cầu đăng ký dự thi và cấp chứng chỉ lần đầu, cấp lại chứng chỉ, cấp gia hạn chứng chỉ phải nộp chi phí thi, cấp chứng chỉ nghiệp vụ chuyên môn về đấu thầu."
27ba2809-0e38-4673-a101-f1e5a1e0ae08,02_2024_TT-BKHDT_591580.doc,N/A,general,660,"2. Cá nhân có nhu cầu đăng ký dự thi và cấp chứng chỉ lần đầu, cấp lại chứng chỉ, cấp gia hạn chứng chỉ phải nộp chi phí thi, cấp chứng chỉ nghiệp vụ chuyên môn về đấu thầu.

3. Đơn vị tổ chức thi nghiệp vụ chuyên môn về đấu thầu thực hiện thu, quản lý, sử dụng chi phí thi, cấp chứng chỉ nghiệp vụ chuyên môn về đấu thầu. Mức thu chi phí thi, cấp chứng chỉ và phương thức nộp chi phí thi, cấp chứng chỉ nghiệp vụ chuyên môn về đấu thầu thực hiện theo thông báo của đơn vị tổ chức thi. Chi phí thi, cấp chứng chỉ nghiệp vụ chuyên môn về đấu thầu không được hoàn trả, trừ trường hợp đơn vị tổ chức thi nghiệp vụ chuyên môn về đấu thầu thông báo hủy tổ chức thi."
3e554968-f6d3-46bd-a34b-57b8b79bb734,02_2024_TT-BKHDT_591580.doc,N/A,general,952,"4. Chi phí thi, cấp chứng chỉ nghiệp vụ chuyên môn về đấu thầu là khoản thu hợp pháp của đơn vị tổ chức thi nghiệp vụ chuyên môn về đấu thầu theo quy định tại khoản 3 Điều này và được sử dụng để chi trả cho các hoạt động phục vụ công tác tổ chức thi, cấp chứng chỉ nghiệp vụ chuyên môn về đấu thầu. Trường hợp thu lớn hơn chi thì đơn vị tổ chức thi nghiệp vụ chuyên môn về đấu thầu được bổ sung số tiền còn dư vào nguồn kinh phí hoạt động của đơn vị để sử dụng theo cơ chế tài chính của đơn vị.

**Điều 27. Nội dung chi phục vụ hoạt động thi, cấp chứng chỉ nghiệp vụ chuyên môn về đấu thầu**

1. Nội dung chi phục vụ hoạt động thi, cấp chứng chỉ nghiệp vụ chuyên môn về đấu thầu gồm:

a) Chi phục vụ hoạt động của Hội đồng thi và các Ban giúp việc Hội đồng thi;

b) Chi công tác phí cho các cá nhân tham gia tổ chức thi;

c) Chi mua sắm, thuê máy móc, thiết bị (nếu có); địa điểm phục vụ thi;

d) Chi in ấn tài liệu, văn phòng phẩm, thông tin liên lạc;"
2672f006-8a7a-4580-bf8c-21a638eb7ede,02_2024_TT-BKHDT_591580.doc,N/A,general,697,"b) Chi công tác phí cho các cá nhân tham gia tổ chức thi;

c) Chi mua sắm, thuê máy móc, thiết bị (nếu có); địa điểm phục vụ thi;

d) Chi in ấn tài liệu, văn phòng phẩm, thông tin liên lạc;

đ) Chi tổ chức hội nghị, chi tổ chức họp phục vụ thi, cấp chứng chỉ;

e) Chi xây dựng, nâng cấp, quản lý, vận hành, duy trì Hệ thống và chi cho công tác xây dựng ngân hàng câu hỏi, đề thi;

---


g) Các khoản chi khác phục vụ hoạt động tổ chức thi, cấp chứng chỉ nghiệp vụ chuyên môn về đấu thầu (nếu có).

2. Mức chi của các nội dung quy định tại khoản 1 Điều này thực hiện theo chế độ chi tiêu tài chính của pháp luật hiện hành và cơ chế tài chính của đơn vị tổ chức thi nghiệp vụ chuyên môn về đấu thầu."
a696ad99-213f-4e06-846a-eadb7872d216,02_2024_TT-BKHDT_591580.doc,N/A,general,922,"## Điều 28. Mức thu chi phí thi, cấp chứng chỉ nghiệp vụ chuyên môn về đấu thầu

1. Mức thu chi phí thi, cấp chứng chỉ nghiệp vụ chuyên môn về đấu thầu lần đầu tối đa là 800.000 đồng/thí sinh/kỳ thi.

2. Mức thu chi phí cấp lại hoặc cấp gia hạn chứng chỉ nghiệp vụ chuyên môn về đấu thầu là 100.000 đồng/lần.

3. Không thu chi phí cấp lại chứng chỉ đối với trường hợp cơ quan cấp chứng chỉ nghiệp vụ chuyên môn về đấu thầu ghi sai thông tin trên chứng chỉ nghiệp vụ chuyên môn về đấu thầu.

4. Mức thu quy định tại khoản 1 và khoản 2 Điều này chưa bao gồm thuế giá trị gia tăng phải nộp theo quy định của Luật Thuế giá trị gia tăng và các văn bản hướng dẫn thực hiện Luật này. Trường hợp cần điều chỉnh mức thu chi phí quy định tại khoản 1, khoản 2 Điều này để phù hợp với điều kiện kinh tế - xã hội và yêu cầu thực tiễn công tác tổ chức thi, Cục Quản lý đấu thầu trình Bộ trưởng Bộ Kế hoạch và Đầu tư xem xét, quyết định."
2fb1fd50-4afe-4cdf-ac86-8b9b6610466b,02_2024_TT-BKHDT_591580.doc,N/A,general,856,"## Điều 29. Quản lý, sử dụng chi phí thi, cấp chứng chỉ nghiệp vụ chuyên môn về đấu thầu

1. Đơn vị tổ chức thi nghiệp vụ chuyên môn về đấu thầu có trách nhiệm xây dựng và ban hành quy chế thu, chi để quản lý, sử dụng chi phí thi, cấp chứng chỉ nghiệp vụ chuyên môn về đấu thầu tiết kiệm, bảo đảm hiệu quả hoạt động của công tác thi, cấp chứng chỉ và phù hợp với cơ chế tài chính của đơn vị theo quy định của pháp luật; quyết toán thu, chi theo quy định của pháp luật hiện hành.

2. Trong thời hạn không quá 10 ngày kể từ ngày tổ chức thi, đơn vị tổ chức thi nghiệp vụ chuyên môn về đấu thầu có trách nhiệm chi trả cho Trung tâm 200.000 đồng/thí sinh/kỳ thi (chưa bao gồm thuế giá trị gia tăng phải nộp theo quy định của Luật Thuế giá trị gia tăng và các văn bản hướng dẫn Luật này) để Trung tâm quản lý, sử dụng theo quy định tại Điều 30 của Thông tư này."
76c5a5f2-01d5-429a-ab8f-d1cd7c7e5326,02_2024_TT-BKHDT_591580.doc,N/A,general,752,"## Điều 30. Quản lý, sử dụng kinh phí xây dựng ngân hàng câu hỏi và bù đắp chi phí xây dựng, quản lý, vận hành, duy trì, nâng cấp Hệ thống

1. Trung tâm sử dụng kinh phí thu tại khoản 2 Điều 29 của Thông tư này để chi cho các nội dung sau:

a) Chi trả thù lao xây dựng ngân hàng câu hỏi, đề thi và các chi phí khác phục vụ công tác xây dựng ngân hàng câu hỏi, đề thi;

b) Chi bù đắp kinh phí xây dựng, quản lý, vận hành, duy trì và nâng cấp Hệ thống;

c) Chi hoạt động hướng dẫn, đào tạo người sử dụng Hệ thống;

d) Chi hoạt động liên quan đến công việc tiếp nhận, xử lý hồ sơ đăng ký tham gia Hệ thống;

đ) Các nhiệm vụ chi thường xuyên, chi đầu tư khác phục vụ Hệ thống;

---


e) Chi thực hiện nghĩa vụ với ngân sách nhà nước theo quy định (nếu có)."
a176721a-543d-4e86-8393-ddd767da3f5c,02_2024_TT-BKHDT_591580.doc,N/A,general,942,"đ) Các nhiệm vụ chi thường xuyên, chi đầu tư khác phục vụ Hệ thống;

---


e) Chi thực hiện nghĩa vụ với ngân sách nhà nước theo quy định (nếu có).

2. Mức chi đối với các nội dung tại khoản 1 Điều này thực hiện theo quy định của pháp luật về chế độ chi tiêu tài chính áp dụng đối với đơn vị sự nghiệp công lập, cơ chế tài chính của Trung tâm và được quy định trong Quy chế chi tiêu nội bộ của Trung tâm. Trường hợp thu lớn hơn chi thì được bổ sung số tiền còn dư vào nguồn kinh phí hoạt động để sử dụng theo cơ chế tài chính của đơn vị.

3. Chênh lệch thu, chi sau khi nộp ngân sách nhà nước theo quy định của pháp luật về thuế thu nhập doanh nghiệp (nếu có) được trích lập vào các quỹ và sử dụng theo quy định về cơ chế tự chủ tài chính đối với đơn vị sự nghiệp công lập theo quy định của pháp luật hiện hành.

4. Việc hạch toán kế toán, quyết toán thu, chi thực hiện theo quy định của pháp luật hiện hành đối với đơn vị sự nghiệp công lập."
ccf90199-fde9-4a3c-8b0f-5dfc4a3f4298,02_2024_TT-BKHDT_591580.doc,N/A,general,13,"## Chương V

"
50c39349-0286-4766-b52b-5f68758ebc69,02_2024_TT-BKHDT_591580.doc,N/A,general,181,"## TRÁCH NHIỆM CỦA CÁC BÊN TRONG HOẠT ĐỘNG ĐÀO TẠO, BỒI DƯỠNG, CẬP NHẬT KIẾN THỨC, NGHIỆP VỤ CHUYÊN MÔN VỀ ĐẤU THẦU VÀ THI, CẤP, THU HỒI CHỨNG CHỈ NGHIỆP VỤ CHUYÊN MÔN VỀ ĐẤU THẦU

"
9b2a5414-21d7-45b4-8f5b-f6a62c31ecac,02_2024_TT-BKHDT_591580.doc,N/A,general,517,"### Điều 31. Trách nhiệm của Cục Quản lý đấu thầu

1. Phê duyệt kế hoạch tổ chức thi nghiệp vụ chuyên môn về đấu thầu bảo đảm kịp thời đáp ứng nhu cầu của các cá nhân tham gia hoạt động đấu thầu.

2. Thành lập Hội đồng xây dựng ngân hàng câu hỏi, đề thi nghiệp vụ chuyên môn về đấu thầu.

3. Quản lý hoạt động tổ chức thi, cấp, thu hồi chứng chỉ nghiệp vụ chuyên môn về đấu thầu.

4. Thực hiện trách nhiệm của cơ quan cấp, thu hồi chứng chỉ nghiệp vụ chuyên môn về đấu thầu theo quy định tại Điều 34 của Thông tư này."
55588d60-ff5c-40e4-979a-f039a99d4826,02_2024_TT-BKHDT_591580.doc,N/A,general,548,"### Điều 32. Trách nhiệm của Trung tâm Hỗ trợ đấu thầu

1. Tổ chức xây dựng, quản lý, vận hành, duy trì, nâng cấp Hệ thống để bảo đảm các chức năng của Hệ thống quy định tại khoản 3 Điều 3 của Thông tư này hoạt động ổn định, an toàn.

2. Tổ chức thu, quản lý, sử dụng chi phí để bù đắp xây dựng, quản lý, vận hành, duy trì, nâng cấp Hệ thống và chi phí cho công tác xây dựng ngân hàng câu hỏi, đề thi theo quy định tại khoản 2 Điều 29 và Điều 30 của Thông tư này.

3. Thực hiện các nhiệm vụ khác do Bộ Kế hoạch và Đầu tư, Cục Quản lý đấu thầu giao."
2757881f-f1d7-4888-bff1-08d953770007,02_2024_TT-BKHDT_591580.doc,N/A,general,522,"### Điều 33. Trách nhiệm của cơ quan, đơn vị tổ chức đào tạo, bồi dưỡng về đấu thầu

1. Xây dựng tài liệu giảng dạy phù hợp với đối tượng được đào tạo, bồi dưỡng, cập nhật kiến thức, nghiệp vụ chuyên môn về đấu thầu.

2. Lựa chọn giảng viên có uy tín, năng lực và kinh nghiệm phù hợp với nội dung đào tạo, bồi dưỡng, cập nhật kiến thức, nghiệp vụ chuyên môn về đấu thầu.

---


3. Chịu hoàn toàn trách nhiệm về việc tổ chức đào tạo, bồi dưỡng tuân thủ quy định tại Thông tư này và quy định của pháp luật khác có liên quan."
da5ef83b-4ab7-4b37-b1f0-f3bcd193b0f8,02_2024_TT-BKHDT_591580.doc,N/A,general,592,"## Điều 34. Trách nhiệm của cơ quan cấp, thu hồi chứng chỉ nghiệp vụ chuyên môn về đấu thầu

1. Đăng tải quyết định cấp chứng chỉ nghiệp vụ chuyên môn về đấu thầu kèm theo danh sách cá nhân được cấp chứng chỉ trên Hệ thống trong thời hạn 05 ngày làm việc kể từ ngày ban hành quyết định cấp chứng chỉ nghiệp vụ chuyên môn về đấu thầu.

2. Trước ngày 31 tháng 12 hằng năm, gửi báo cáo hoạt động tổ chức thi, cấp, thu hồi chứng chỉ nghiệp vụ chuyên môn về đấu thầu đến Bộ Kế hoạch và Đầu tư thông qua Hệ thống. Nội dung báo cáo thực hiện theo Mẫu số 06 Phụ lục 03 ban hành kèm theo Thông tư này."
2c23d305-d604-4e6b-b60b-ad0ad52c3aef,02_2024_TT-BKHDT_591580.doc,N/A,general,520,"## Điều 35. Trách nhiệm của đơn vị tổ chức thi nghiệp vụ chuyên môn về đấu thầu

1. Xây dựng và ban hành quy chế tổ chức thi nghiệp vụ chuyên môn về đấu thầu tuân thủ quy định tại Thông tư này.

2. Xây dựng và ban hành quy chế thu, chi để quản lý, sử dụng chi phí thi, cấp chứng chỉ nghiệp vụ chuyên môn về đấu thầu.

3. Tổ chức thi nghiệp vụ chuyên môn về đấu thầu theo quy định tại Thông tư này và các hướng dẫn liên quan.

4. Thực hiện các nhiệm vụ khác do cơ quan cấp chứng chỉ nghiệp vụ chuyên môn về đấu thầu giao."
49650a30-77a5-4ddd-a6f4-6b6c1acb6217,02_2024_TT-BKHDT_591580.doc,N/A,general,601,"## Điều 36. Trách nhiệm của cá nhân được cấp chứng chỉ nghiệp vụ chuyên môn về đấu thầu

1. Tự cập nhật kiến thức, cơ chế, chính sách pháp luật hoặc tham gia cập nhật kiến thức, nghiệp vụ chuyên môn về đấu thầu do Bộ, ngành, địa phương, doanh nghiệp hoặc cơ sở đào tạo đấu thầu tổ chức để hoàn thành trách nhiệm được giao theo quy định của Luật Đấu thầu.

2. Tuân thủ quy định của pháp luật về đấu thầu và quy định khác của pháp luật có liên quan trong quá trình hoạt động đấu thầu.

3. Báo cáo về quá trình hoạt động đấu thầu khi có yêu cầu của cơ quan quản lý nhà nước và cơ quan khác có thẩm quyền."
d92a9271-3526-4768-891f-5d8e738388c4,02_2024_TT-BKHDT_591580.doc,N/A,general,13,"# Chương VI

"
ae909a75-d809-4a7a-9256-58b487cd04f0,02_2024_TT-BKHDT_591580.doc,N/A,general,24,"## ĐIỀU KHOẢN THI HÀNH

"
61de7e22-e765-4123-b6b1-cf768787902e,02_2024_TT-BKHDT_591580.doc,N/A,general,546,"## Điều 37. Quy định chuyển tiếp

1. Chứng chỉ tham gia khóa học về đấu thầu, chứng chỉ đào tạo về đấu thầu được cấp theo quy định của Luật Đấu thầu số 61/2005/QH11, Luật Đấu thầu số 43/2013/QH13 đến trước ngày 01 tháng 01 năm 2024 có giá trị như chứng chỉ nghiệp vụ chuyên môn về đấu thầu quy định tại Thông tư này và tiếp tục có hiệu lực đến hết ngày 31 tháng 12 năm 2025. Từ ngày 01 tháng 01 năm 2026, cá nhân có nhu cầu cấp chứng chỉ nghiệp vụ chuyên môn về đấu thầu phải tham dự thi để được cấp chứng chỉ theo quy định tại Thông tư này.

---"
59c0a4ba-c477-4fa7-9b12-e1b0089adb7e,02_2024_TT-BKHDT_591580.doc,N/A,general,915,"---


2. Chứng chỉ hành nghề hoạt động đấu thầu đã được cấp, cấp lại theo quy định của Luật Đấu thầu số 43/2013/QH13 và còn hiệu lực ghi trên chứng chỉ có giá trị như chứng chỉ nghiệp vụ chuyên môn về đấu thầu quy định tại Thông tư này và tiếp tục có hiệu lực theo thời hạn ghi tại chứng chỉ, trừ trường hợp quy định tại khoản 3 Điều này. Sau thời hạn ghi tại chứng chỉ, cá nhân có nhu cầu gia hạn thì thực hiện thủ tục gia hạn theo quy định tại điểm c khoản 2 Điều 7 và khoản 5 Điều 17 của Thông tư này.

3. Chứng chỉ hành nghề hoạt động đấu thầu đã được cấp nhưng hết hiệu lực trong năm 2024 có giá trị như chứng chỉ nghiệp vụ chuyên môn về đấu thầu quy định tại Thông tư này và tiếp tục có hiệu lực đến hết ngày 31 tháng 12 năm 2024. Từ ngày 01 tháng 01 năm 2025, cá nhân có nhu cầu gia hạn hiệu lực chứng chỉ thực hiện thủ tục gia hạn theo quy định tại điểm c khoản 2 Điều 7 và khoản 5 Điều 17 của Thông tư này."
0219daed-da62-44e9-a119-644f62b877c0,02_2024_TT-BKHDT_591580.doc,N/A,general,458,"4. Cá nhân đã được cấp chứng chỉ tham gia khóa học về đấu thầu, chứng chỉ đào tạo đấu thầu theo quy định của Luật Đấu thầu số 61/2005/QH11, Luật Đấu thầu số 43/2013/QH13, cá nhân được cấp, cấp lại chứng chỉ hành nghề hoạt động đấu thầu theo quy định của Luật Đấu thầu số 43/2013/QH13 còn hiệu lực thì được sử dụng các chứng chỉ này để tham gia tổ chuyên gia, tổ thẩm định trong lựa chọn nhà đầu tư cho đến thời điểm quy định tại các khoản 1, 2 và 3 Điều này."
4385fe9a-d073-41f1-8432-7fa6ebf8206c,02_2024_TT-BKHDT_591580.doc,N/A,general,496,"## Điều 38. Hiệu lực thi hành

1. Thông tư này có hiệu lực thi hành kể từ ngày ký ban hành, trừ quy định tại khoản 2 Điều này.

2. Các nội dung quy định tại Điều 37 Thông tư này có hiệu lực thi hành kể từ ngày 01 tháng 01 năm 2024.

3. Kể từ ngày 01 tháng 01 năm 2024, Thông tư số 04/2019/TT-BKHĐT ngày 25 tháng 01 năm 2019 của Bộ trưởng Bộ Kế hoạch và Đầu tư quy định chi tiết đối với hoạt động đào tạo, bồi dưỡng và thi sát hạch cấp chứng chỉ hành nghề hoạt động đấu thầu hết hiệu lực thi hành."
46e753ef-dc08-4303-a697-9d3d6cf57973,02_2024_TT-BKHDT_591580.doc,N/A,general,1195,"## Điều 39. Trách nhiệm thi hành

1. Các Bộ, cơ quan ngang Bộ, cơ quan trực thuộc Chính phủ, cơ quan khác ở Trung ương, Ủy ban nhân dân các cấp và tổ chức, cá nhân có liên quan chịu trách nhiệm thi hành Thông tư này.

2. Trong quá trình thực hiện, nếu có vướng mắc, các Bộ, cơ quan ngang Bộ, cơ quan thuộc Chính phủ, cơ quan khác ở Trung ương, Ủy ban nhân dân các cấp và tổ chức, cá nhân có liên quan gửi ý kiến về Bộ Kế hoạch và Đầu tư để kịp thời hướng dẫn./.

**BỘ TRƯỞNG**

**Nơi nhận:**
- Thủ tướng Chính phủ;
- Các Phó Thủ tướng Chính phủ;
- Các Bộ, cơ quan ngang Bộ, cơ quan thuộc CP;
- HĐND, UBND các tỉnh, thành phố trực thuộc TW;
- Văn phòng Trung ương và các Ban của Đảng;
- Văn phòng Chủ tịch nước;
- Hội đồng Dân tộc và các Ủy Ban của Quốc hội;
- Văn phòng Quốc hội;
- Văn phòng Chính phủ;
- Tòa án nhân dân tối cao;
- Viện Kiểm sát nhân dân tối cao;
- Kiểm toán Nhà nước;

**Nguyễn Chí Dũng**

---


- Cơ quan Trung ương của các đoàn thể;
- Sở Kế hoạch và Đầu tư các tỉnh, thành phố trực thuộc Trung ương;
- Cục Kiểm tra văn bản QPPL (Bộ Tư pháp);
- Công báo;
- Cổng TTĐT Chính phủ;
- Cổng TTĐT Kế hoạch và Đầu tư;
- Các đơn vị thuộc Bộ Kế hoạch và Đầu tư;
- Lưu: VT, Cục QLĐT ( )."
da07d45e-ee2e-444f-bd9c-969689850473,02_2024_TT-BKHDT_591580.doc,N/A,general,14,"## PHỤ LỤC 1

"
2d90ce05-12cc-4f24-bf31-3ff1cbc67723,02_2024_TT-BKHDT_591580.doc,N/A,general,274,"### CHƯƠNG TRÌNH KHUNG ĐÀO TẠO, BỒI DƯỠNG NGHIỆP VỤ CHUYÊN MÔN VỀ ĐẤU THẦU

*(Ban hành kèm theo Thông tư số: 02/2024/TT-BKHĐT ngày 06 tháng 3 năm 2024 của Bộ trưởng Bộ Kế hoạch và Đầu tư)*

Chương trình khung đào tạo, bồi dưỡng chuyên môn đấu thầu bao gồm các chuyên đề sau:"
451204e8-72c2-45fc-9cbb-cb6ad872eca3,02_2024_TT-BKHDT_591580.doc,N/A,general,916,"### A. Đối với lựa chọn nhà thầu

#### I. Chuyên đề 1: Tổng quan lựa chọn nhà thầu

1. Quá trình xây dựng, hoàn thiện pháp luật về đấu thầu

2. Các nguyên tắc của đấu thầu mua sắm công

3. Các chức năng của đấu thầu mua sắm công

4. Tính liêm chính và đạo đức nghề nghiệp trong đấu thầu mua sắm công

#### II. Chuyên đề 2: Quy định chung trong lựa chọn nhà thầu

1. Phạm vi điều chỉnh, đối tượng áp dụng

2. Tư cách hợp lệ của nhà thầu

3. Bảo đảm cạnh tranh trong đấu thầu

4. Cung cấp và đăng tải thông tin trong đấu thầu

5. Ưu đãi trong lựa chọn nhà thầu

6. Chi phí trong đấu thầu

7. Các hành vi bị cấm trong đấu thầu và xử lý vi phạm

8. Trách nhiệm của các bên trong hoạt động lựa chọn nhà thầu

#### III. Chuyên đề 3: Kế hoạch tổng thể và kế hoạch lựa chọn nhà thầu

1. Nguyên tắc lập kế hoạch

2. Kỹ năng lập, thẩm định, phê duyệt kế hoạch

---


3. Bài tập về kế hoạch tổng thể, kế hoạch lựa chọn nhà thầu"
c72608bf-db21-43a6-9142-08fb51ef5b2b,02_2024_TT-BKHDT_591580.doc,N/A,general,656,"## IV. Chuyên đề 4: Quy trình, thủ tục lựa chọn nhà thầu không qua mạng

1. Đối với đấu thầu rộng rãi, đấu thầu hạn chế:

a) Phương thức một giai đoạn một túi hồ sơ

b) Phương thức một giai đoạn hai túi hồ sơ

c) Phương thức hai giai đoạn một túi hồ sơ

d) Phương thức hai giai đoạn hai túi hồ sơ

2. Đối với chào hàng cạnh tranh

3. Đối với chỉ định thầu

4. Đối với mua sắm trực tiếp

5. Đối với tự thực hiện

6. Đối với lựa chọn nhà thầu trong trường hợp đặc biệt

7. Đối với lựa chọn tư vấn cá nhân

8. Bài tập thực hành về kỹ năng lập, thẩm định hồ sơ mời thầu, hồ sơ yêu cầu, đánh giá hồ sơ dự thầu, hồ sơ đề xuất, thẩm định kết quả lựa chọn nhà thầu"
7e40b886-464f-492a-b402-36b7c1393d1b,02_2024_TT-BKHDT_591580.doc,N/A,general,177,"## V. Chuyên đề 5: Mua sắm tập trung

1. Nguyên tắc trong mua sắm tập trung

2. Quy trình mua sắm tập trung

3. Nội dung thoả thuận khung

4. Trách nhiệm trong mua sắm tập trung"
6240f031-780c-4e62-9c90-70b7f8659369,02_2024_TT-BKHDT_591580.doc,N/A,general,177,"## VI. Chuyên đề 6: Mua sắm trong lĩnh vực y tế

1. Lựa chọn nhà thầu cung cấp thuốc, hoá chất, vật tư xét nghiệm, thiết bị y tế

2. Ưu đãi trong mua thuốc

3. Bài tập thực hành"
61a98dda-2989-473b-9281-c910fdcaa996,02_2024_TT-BKHDT_591580.doc,N/A,general,271,"## VII. Chuyên đề 7: Đấu thầu qua mạng

1. Quy định chung về đấu thầu qua mạng

2. Quy trình lựa chọn nhà thầu qua mạng

---


3. Thực hành kỹ năng đăng tải thông tin, lập hồ sơ, đánh giá hồ sơ, tổ chức lựa chọn nhà thầu, tham dự thầu trên Hệ thống mạng đấu thầu quốc gia"
1a4b647d-e6e0-41a7-bcfd-95dc43ff2393,02_2024_TT-BKHDT_591580.doc,N/A,general,395,"## VIII. Chuyên đề 8: Hợp đồng

1. Các loại hợp đồng

2. Điều kiện ký kết hợp đồng

3. Nguyên tắc thực hiện hợp đồng

4. Sửa đổi hợp đồng

5. Điều chỉnh giá hợp đồng

6. Quản lý thực hiện hợp đồng

7. Thanh toán hợp đồng

8. Thanh lý hợp đồng

9. Uy tín của nhà thầu trong việc tham dự thầu, kết quả thực hiện hợp đồng của nhà thầu, đánh giá chất lượng hàng hóa đã sử dụng

10. Bài tập thực hành"
5c846f1b-f7d0-4dde-a3a3-920d56fa0d19,02_2024_TT-BKHDT_591580.doc,N/A,general,172,"## IX. Chuyên đề 9: Xử lý tình huống trong đấu thầu

1. Các quy định về xử lý tình huống trong đấu thầu

2. Nguyên tắc xử lý tình huống trong đấu thầu

3. Bài tập thực hành"
5c022019-e0fc-410f-83cb-aecc261bd1a3,02_2024_TT-BKHDT_591580.doc,N/A,general,312,"## X. Chuyên đề 10: Xử lý kiến nghị, kiểm tra, giám sát trong đấu thầu

1. Điều kiện xem xét, giải quyết kiến nghị

2. Quy trình giải quyết kiến nghị về lựa chọn nhà thầu

3. Khởi kiện và yêu cầu Tòa án áp dụng biện pháp khẩn cấp tạm thời

4. Kiểm tra và báo cáo công tác đấu thầu

5. Giám sát hoạt động đấu thầu"
9248355b-ad57-4f43-bd00-340b398ebaac,02_2024_TT-BKHDT_591580.doc,N/A,general,35,"## B. Đối với lựa chọn nhà đầu tư

"
92d94787-0858-4f73-9914-a890a315b91a,02_2024_TT-BKHDT_591580.doc,N/A,general,314,"## I. Chuyên đề 1: Tổng quan lựa chọn nhà đầu tư

1. Quá trình xây dựng và hoàn thiện pháp luật về đấu thầu lựa chọn nhà đầu tư

---


2. Các nguyên tắc của đấu thầu lựa chọn nhà đầu tư

3. Các chức năng của đấu thầu lựa chọn nhà đầu tư

4. Tính liêm chính và đạo đức nghề nghiệp trong đấu thầu lựa chọn nhà đầu tư"
ab71879a-c991-4206-bdf4-daf71cadcb8e,02_2024_TT-BKHDT_591580.doc,N/A,general,326,"## II. Chuyên đề 2: Quy định chung trong lựa chọn nhà đầu tư

1. Phạm vi điều chỉnh, đối tượng áp dụng

2. Tư cách hợp lệ của nhà đầu tư

3. Bảo đảm cạnh tranh trong đấu thầu

4. Cung cấp và đăng tải thông tin trong đấu thầu

5. Ưu đãi trong lựa chọn nhà đầu tư

6. Chi phí trong đấu thầu

7. Các hành vi bị cấm trong đấu thầu"
8f07949f-adc6-4dfc-9cb3-bec5476262ec,02_2024_TT-BKHDT_591580.doc,N/A,general,715,"## III. Chuyên đề 3: Quy trình, thủ tục lựa chọn nhà đầu tư thực hiện dự án PPP không qua mạng

1. Tổng quan về đầu tư theo phương thức PPP

2. Trình tự, thủ tục triển khai dự án PPP

3. Khảo sát sự quan tâm của nhà đầu tư

4. Sơ tuyển

5. Quy trình đấu thầu rộng rãi

6. Quy trình đàm phán cạnh tranh

7. Quy trình chỉ định thầu

8. Triển khai thực hiện dự án PPP

9. Hợp đồng dự án PPP

10. Kiểm tra, thanh tra, kiểm toán nhà nước trong hoạt động đầu tư theo phương thức PPP

11. Giám sát hoạt động đầu tư theo phương thức PPP

12. Giải quyết kiến nghị, tranh chấp và xử lý vi phạm

13. Bài tập thực hành về kỹ năng lập, thẩm định hồ sơ mời thầu, đánh giá hồ sơ dự thầu, thẩm định kết quả lựa chọn nhà đầu tư

---"
e5591ef6-c57f-4523-b7dd-75d71e56d14c,02_2024_TT-BKHDT_591580.doc,N/A,general,683,"## IV. Chuyên đề 4: Quy trình, thủ tục lựa chọn nhà đầu tư thực hiện dự án đầu tư kinh doanh

1. Tổng quan về pháp luật đầu tư dự án đầu tư kinh doanh

2. Trình tự, thủ tục triển khai dự án đầu tư kinh doanh

3. Mời quan tâm

4. Quy trình đấu thầu rộng rãi theo phương thức một giai đoạn một túi hồ sơ; một giai đoạn hai túi hồ sơ; hai giai đoạn

5. Quy trình đấu thầu hạn chế

6. Kiểm tra, thanh tra, giám sát dự án đầu tư kinh doanh

7. Giải quyết kiến nghị, tranh chấp và xử lý vi phạm

8. Triển khai thực hiện dự án

9. Hợp đồng dự án đầu tư kinh doanh

10. Bài tập thực hành về kỹ năng lập, thẩm định hồ sơ mời thầu, đánh giá hồ sơ dự thầu, thẩm định kết quả lựa chọn nhà đầu tư"
6fc60cd8-c472-4954-8903-d57c88719474,02_2024_TT-BKHDT_591580.doc,N/A,general,695,"## V. Chuyên đề 5: Quy trình, thủ tục lựa chọn nhà đầu tư thực hiện dự án đầu tư có sử dụng

1. Tổng quan về dự án đầu tư có sử dụng đất

2. Mời quan tâm

3. Quy trình đấu thầu rộng rãi theo phương thức một giai đoạn một túi hồ sơ; một giai đoạn hai túi hồ sơ; hai giai đoạn

4. Quy trình đấu thầu hạn chế

5. Kiểm tra, thanh tra, giám sát dự án đầu tư có sử dụng đất

6. Giải quyết kiến nghị, tranh chấp và xử lý vi phạm

7. Triển khai thực hiện dự án đầu tư có sử dụng đất

8. Giao đất, cho thuê đất cho nhà đầu tư trúng thầu

9. Hợp đồng dự án đầu tư có sử dụng đất

10. Bài tập thực hành về kỹ năng lập, thẩm định hồ sơ mời thầu, đánh giá hồ sơ dự thầu, thẩm định kết quả lựa chọn nhà đầu tư"
f93daca7-487c-4475-95f7-8847136ceb6c,02_2024_TT-BKHDT_591580.doc,N/A,general,972,"## VI. Chuyên đề 6: Đấu thầu qua mạng

1. Quy định chung về đấu thầu qua mạng

---


2. Quy trình lựa chọn nhà đầu tư dự án PPP qua mạng

3. Quy trình lựa chọn nhà đầu tư dự án đầu tư có sử dụng đất qua mạng

4. Quy trình lựa chọn nhà đầu tư dự án thuộc trường hợp phải tổ chức đấu thầu theo quy định của pháp luật quản lý ngành, lĩnh vực qua mạng

5. Thực hành kỹ năng đăng tải thông tin, lập hồ sơ, đánh giá hồ sơ, tổ chức lựa chọn nhà thầu, tham dự thầu trên Hệ thống mạng đấu thầu quốc gia

**VII. Chuyên đề 7: Xử lý tình huống trong đấu thầu**

1. Các quy định về xử lý tình huống trong đấu thầu qua mạng và không qua mạng

2. Nguyên tắc xử lý tình huống trong đấu thầu

3. Bài tập thực hành

**C. CHƯƠNG TRÌNH ĐÀO TẠO, BỒI DƯỠNG THEO CHUYÊN ĐỀ**

Căn cứ nhu cầu của học viên về cập nhật, nâng cao kiến thức nghiệp vụ chuyên môn, cơ sở đào tạo đấu thầu có thể tổ chức bồi dưỡng theo một hoặc các chuyên đề sau đây:

1. Chuyên đề: Cập nhật các quy định mới về đấu thầu"
3679109c-0f9c-45c5-b5f9-84b01b9545d2,02_2024_TT-BKHDT_591580.doc,N/A,general,912,"1. Chuyên đề: Cập nhật các quy định mới về đấu thầu

2. Chuyên đề: Kỹ năng lập hồ sơ mời thầu, đánh giá hồ sơ dự thầu cho các lĩnh vực xây lắp, mua sắm hàng hoá, dịch vụ phi tư vấn và dịch vụ tư vấn, hỗn hợp.

3. Chuyên đề: Kỹ năng lập hồ sơ mời thầu, đánh giá hồ sơ dự thầu cho các dự án PPP, dự án đầu tư có sử dụng đất, dự án thuộc trường hợp phải tổ chức đấu thầu theo quy định của pháp luật quản lý ngành, lĩnh vực.

4. Chuyên đề: Kỹ năng thẩm định trong đấu thầu

5. Chuyên đề: Xây dựng giá đánh giá

6. Chuyên đề: Kỹ năng thương thảo, soạn thảo và quản lý hợp đồng.

7. Chuyên đề: Quản trị rủi ro trong đấu thầu

8. Chuyên đề: Đấu thầu trong lĩnh vực y tế

9. Chuyên đề: Kiểm tra, thanh tra, giải quyết kiến nghị và xử lý vi phạm trong đấu thầu

10. Chuyên đề: Xử lý các vướng mắc, tình huống trong đấu thầu

11. Chuyên đề: Đấu thầu qua mạng

12. Các chuyên đề khác theo nhu cầu của tổ chức, cá nhân.

---"
ada30651-1fff-4a46-ab34-76a61f9299a8,02_2024_TT-BKHDT_591580.doc,N/A,general,13,"# PHỤ LỤC 2

"
e8dafe43-3746-46bd-b2b8-a350a4f7e72f,02_2024_TT-BKHDT_591580.doc,N/A,general,163,"## MẪU CHỨNG CHỈ NGHIỆP VỤ CHUYÊN MÔN VỀ ĐẤU THẦU

*(Ban hành kèm theo Thông tư số: 02/2024/TT-BKHĐT ngày 06 tháng 3 năm 2024 của Bộ trưởng Bộ Kế hoạch và Đầu tư)*"
e8e5733a-51bf-4368-9725-e402ef7d6b57,02_2024_TT-BKHDT_591580.doc,N/A,general,120,"### a) Mặt trong:

----

**CỘNG HÒA XÃ HỘI CHỦ NGHĨA VIỆT NAM**  
**Độc lập - Tự do - Hạnh phúc**  
**----------------**"
b9b06552-af66-4dd3-a4de-e2bbb4bcf42c,02_2024_TT-BKHDT_591580.doc,N/A,general,868,"## **CHỨNG CHỈ NGHIỆP VỤ CHUYÊN MÔN VỀ ĐẤU THẦU**

ĐỐI VỚI \_\_\_\_\_\_\_\_\_\_\_\_\_\_\_\_\_\_\_\_\_\_\_\_\_\_\_\_(1)

**[CƠ QUAN CẤP CHỨNG CHỈ]**

Cấp cho Ông (Bà):  
\_\_\_\_\_\_\_\_\_\_\_\_\_\_\_\_\_\_\_\_\_\_\_\_\_\_\_\_\_\_\_\_\_\_\_\_\_\_\_\_\_\_\_\_\_\_\_\_\_\_\_\_\_\_\_\_\_\_\_\_\_\_\_

Ngày sinh: \_\_\_\_\_\_\_\_\_\_\_\_ Số thẻ căn cước/hộ chiếu:  
\_\_\_\_\_\_\_\_\_\_\_\_\_\_\_\_\_\_\_\_\_\_\_\_\_\_\_\_\_\_\_

Xếp loại chứng chỉ: \_\_\_\_\_\_\_\_\_\_\_\_\_\_\_\_\_\_\_\_\_\_\_\_\_\_\_\_\_\_\_\_\_\_\_\_\_\_\_\_\_\_\_\_\_\_\_\_\_\_\_\_\_\_\_\_\_\_<sup>(2)</sup>

Hiệu lực chứng chỉ: 05 năm kể từ ngày  
\_\_\_\_\_\_\_\_\_\_\_\_\_\_\_\_\_\_\_\_\_\_\_\_\_\_\_\_\_\_\_\_\_\_\_\_\_\_\_\_\_\_\_\_\_\_<sup>(3)</sup>

\_\_\_, ngày\_\_tháng \_\_ năm \_\_<sup>(4)</sup>

**THỦ TRƯỞNG**

*[Ký, họ tên và đóng dấu]*

Số chứng chỉ: \_\_\_\_\_\_\_\_\_\_\_\_\_\_

----"
aa9e847f-a75d-4f3c-81d7-ab49a5f48d7b,02_2024_TT-BKHDT_591580.doc,N/A,general,135,"### b) Mặt ngoài:

----

**CỘNG HÒA XÃ HỘI CHỦ NGHĨA VIỆT NAM**  
**Độc lập - Tự do - Hạnh phúc**  
**---------------------**

---

---"
5bcf5e79-180c-4971-abd5-d4608d1d075f,02_2024_TT-BKHDT_591580.doc,N/A,general,13,"# CHỨNG CHỈ

"
49c51177-b2c1-4f34-a134-3f7ed3cdcf7d,02_2024_TT-BKHDT_591580.doc,N/A,general,817,"# NGHIỆP VỤ CHUYÊN MÔN VỀ ĐẤU THẦU

(Kích thước chứng chỉ nghiệp vụ chuyên môn về đấu thầu: 14,8 cm x 21 cm.)

Ghi chú:

(1) Ghi loại chứng chỉ nghiệp vụ chuyên môn về đấu thầu:

- Ghi ""LỰA CHỌN NHÀ THẦU"" hoặc ""LỰA CHỌN NHÀ ĐẦU TƯ"" nếu chỉ tham gia kỳ thi cấp chứng chỉ đối với lựa chọn nhà thầu hoặc lựa chọn nhà đầu tư.

- Ghi ""LỰA CHỌN NHÀ THẦU VÀ LỰA CHỌN NHÀ ĐẦU TƯ"" nếu tham gia cả 2 kỳ thi cấp chứng chỉ đối với lựa chọn nhà thầu và lựa chọn nhà đầu tư.

(2) Ghi ""gia hạn"" đối với chứng chỉ nghiệp vụ chuyên môn về đấu thầu được cấp gia hạn từ chứng chỉ hành nghề hoạt động đấu thầu theo quy định tại khoản 2 và khoản 3 Điều 37 của Thông tư này.

(3) Ghi ngày ban hành quyết định cấp lần đầu, cấp gia hạn chứng chỉ nghiệp vụ chuyên môn về đấu thầu.

(4) Ghi ngày cấp chứng chỉ nghiệp vụ chuyên môn về đấu thầu."
34b09b02-8c32-40e4-a368-8578695a3274,02_2024_TT-BKHDT_591580.doc,N/A,general,15,"## PHỤ LỤC 3:

"
748b9c59-6738-4dbb-a8f2-4c85338c6555,02_2024_TT-BKHDT_591580.doc,N/A,general,641,"## CÁC BIỂU MẪU

(Ban hành kèm theo Thông tư số: 02/2024/TT-BKHĐT ngày 06 tháng 3 năm 2024 của Bộ trưởng Bộ Kế hoạch và Đầu tư)

Mẫu số 01 (webform trên Hệ thống)

| **\[CƠ QUAN, ĐƠN VỊ<br/>ĐĂNG KÝ TÀI KHOẢN<br/>THAM GIA HỆ THỐNG]**<br/>-------<br/>Số: ....... | **CỘNG HÒA XÃ HỘI CHỦ NGHĨA VIỆT NAM<br/>Độc lập - Tự do - Hạnh phúc**<br/>---------------<br/>....., ngày ..... tháng .... năm ..... |
| ---------------------------------------------------------------------------------------------- | ------------------------------------------------------------------------------------------------------------------------------------- |




---"
b2a10f53-a7e4-438c-8c02-0d204b9e66ee,02_2024_TT-BKHDT_591580.doc,N/A,general,197,"# ĐĂNG KÝ TÀI KHOẢN THAM GIA HỆ THỐNG

*(Đối với cơ quan cấp, thu hồi chứng chỉ nghiệp vụ chuyên môn về đấu thầu)*

Kính gửi: ………………………………….

**1. Tên cơ quan: ……………………………………………………………………………………………**"
e9fb44fe-edfb-4946-88c4-fb3ee5189bb9,02_2024_TT-BKHDT_591580.doc,N/A,general,247,"## 2. Thông tin chứng thực

2.1 Mã số thuế: ……………………………………………………………………………………..

2.2 Quyết định chức năng, nhiệm vụ số: ……………………. ngày: …………………………

**3. Tổ chức tham gia Hệ thống thực hiện:** Cấp, thu hồi chứng chỉ nghiệp vụ chuyên môn về đấu thầu."
35553738-08a8-46c9-af8e-7ab794ab97f6,02_2024_TT-BKHDT_591580.doc,N/A,general,121,"## 4. Địa chỉ trụ sở

4.1 Địa chỉ: ………………………………………………………………………………………….

4.2 Điện thoại: ………………………………………………………………………………………"
2b8caef4-f3fe-4356-a75e-793578d231da,02_2024_TT-BKHDT_591580.doc,N/A,general,324,"## 5. Thông tin người đại diện theo pháp luật của cơ quan:

5.1 Họ và tên: ……………………………………………………………………………………….

5.2 Chức danh: ……………………………………………………………………………………..

5.3 Số thẻ căn cước/Hộ chiếu: …………………………………….. Ngày cấp:……………….

5.4 Điện thoại: ………………………………………………………………………………………

5.5 Email: ……………………………………………………………………………………………"
e220799c-764f-4ef3-9058-331671a63787,02_2024_TT-BKHDT_591580.doc,N/A,general,952,"## 6. Thông tin người quản lý tài khoản tham gia hệ thống:

6.1 Họ và tên: ………………………………………………………………………………………

6.2 Chức danh: …………………………………………………………………………………….

6.3 Phòng ban: …………………………………………………………………………………….

6.4 Số thẻ căn cước/Hộ chiếu: ………………………………… Ngày cấp:…………………..

6.5 Điện thoại: ……………………………………………………………………………………..

6.6 Email: …………………………………………………………………………………………..

6.7 Địa chỉ liên lạc: ……………………………………………………………………………….

---



ĐẠI DIỆN CƠ QUAN CẤP, THU HỒI
CHỨNG CHỈ NGHIỆP VỤ
CHUYÊN MÔN VỀ ĐẤU THẦU
(Ký tên và đóng dấu)

Nơi nhận:
- Như trên;
- Lưu văn thư.

* Ghi chú: Hồ sơ đăng ký tổ chức tham gia Hệ thống của cơ quan cấp, thu hồi chứng chỉ nghiệp vụ chuyên môn về đấu thầu bao gồm: quyết định thành lập hoặc quyết định chức năng, nhiệm vụ hoặc văn bản tương đương của cơ quan cấp, thu hồi chứng chỉ nghiệp vụ chuyên môn về đấu thầu; đơn đăng ký theo mẫu đã được ký đóng dấu và các hồ sơ khác (nếu có).

Mẫu số 02 (webform trên Hệ thống)"
18b8bd8e-2268-4d06-84b4-a46bdcd70981,02_2024_TT-BKHDT_591580.doc,N/A,general,562,"Mẫu số 02 (webform trên Hệ thống)

| **\[CƠ QUAN, ĐƠN VỊ<br/>ĐĂNG KÝ TÀI KHOẢN<br/>THAM GIA HỆ THỐNG]**<br/>------- | **CỘNG HÒA XÃ HỘI CHỦ NGHĨA VIỆT NAM<br/>Độc lập - Tự do - Hạnh phúc**<br/>--------------- |
| ------------------------------------------------------------------------------ | ------------------------------------------------------------------------------------------ |
| Số: …….                                                                        | ….., ngày ….. tháng ….. năm …..                                                            |"
29b81a0b-5e29-47cb-93e1-8210ee626c53,02_2024_TT-BKHDT_591580.doc,N/A,general,993,"## ĐĂNG KÝ TÀI KHOẢN THAM GIA HỆ THỐNG

(Đối với đơn vị tổ chức thi nghiệp vụ chuyên môn về đấu thầu)

Kính gửi: ………………………………….

**1. Tên đơn vị: ……………………………………………………………………………………………..** 

**2. Thông tin chứng thực**

2.1 Mã số thuế: ……………………………………………………………………………………………..

2.2 Quyết định thành lập số: ………………………….……. ngày: ……………………….……

**3. Tổ chức tham gia Hệ thống thực hiện: (Chọn 01 hoặc nhiều hoạt động):**

☐ Tiếp nhận, kiểm tra hồ sơ đăng ký thi cấp lần đầu, cấp lại, cấp gia hạn chứng chỉ nghiệp vụ chuyên môn về đấu thầu;

☐ Tổ chức thi nghiệp vụ chuyên môn về đấu thầu.

**4. Địa chỉ trụ sở**

4.1 Địa chỉ: ………………………………………………………………………………………………….

4.2 Điện thoại: ………………………………………………………………………………………………

---


**5. Thông tin người đại diện theo pháp luật của đơn vị:**

5.1 Họ và tên: ……………………………………………………………………………………….

5.2 Chức danh: ……………………………………………………………………………………..

5.3 Số thẻ căn cước/Hộ chiếu: …………………………………….. Ngày cấp:……………….

5.4 Điện thoại: ………………………………………………………………………………………"
bfd3a86a-9d5b-4741-92f1-b6287a31288d,02_2024_TT-BKHDT_591580.doc,N/A,general,788,"5.2 Chức danh: ……………………………………………………………………………………..

5.3 Số thẻ căn cước/Hộ chiếu: …………………………………….. Ngày cấp:……………….

5.4 Điện thoại: ………………………………………………………………………………………

5.5 Email: ……………………………………………………………………………………………

**6. Thông tin người quản lý tài khoản tham gia hệ thống:**

6.1 Họ và tên: ………………………………………………………………………………………

6.2 Chức danh: …………………………………………………………………………………….

6.3 Phòng ban: …………………………………………………………………………………….

6.4 Số thẻ căn cước/Hộ chiếu: ………………………………… Ngày cấp:…………………..

6.5 Điện thoại: ……………………………………………………………………………………..

6.6 Email: …………………………………………………………………………………………..

6.7 Địa chỉ liên lạc: ………………………………………………………………………………..

**ĐẠI DIỆN ĐƠN VỊ TỔ CHỨC THI CẤP CHỨNG CHỈ NGHIỆP VỤ CHUYÊN MÔN VỀ ĐẤU THẦU**
*(Ký tên và đóng dấu)*

*Nơi nhận:*
- Như trên;
- Lưu văn thư."
aea24cb5-f2e2-4bd5-b15e-25db96fb5aee,02_2024_TT-BKHDT_591580.doc,N/A,general,687,"6.7 Địa chỉ liên lạc: ………………………………………………………………………………..

**ĐẠI DIỆN ĐƠN VỊ TỔ CHỨC THI CẤP CHỨNG CHỈ NGHIỆP VỤ CHUYÊN MÔN VỀ ĐẤU THẦU**
*(Ký tên và đóng dấu)*

*Nơi nhận:*
- Như trên;
- Lưu văn thư.

\* *Ghi chú: Hồ sơ đăng ký tổ chức tham gia Hệ thống của đơn vị tổ chức thi nghiệp vụ chuyên môn về đấu thầu bao gồm: quyết định thành lập hoặc quyết định chức năng, nhiệm vụ hoặc văn bản tương đương của đơn vị sự nghiệp công lập; đơn đăng ký theo mẫu đã được ký đóng dấu và các hồ sơ khác (nếu có).*

Mẫu số 03 (webform trên Hệ thống)

**CỘNG HÒA XÃ HỘI CHỦ NGHĨA VIỆT NAM**
**Độc lập - Tự do - Hạnh phúc**
**--------------------**

___, ngày ____ tháng ____năm____

**ĐĂNG KÝ THI**

---"
21e28230-3c93-4b96-8484-8f29efc91b75,02_2024_TT-BKHDT_591580.doc,N/A,general,1108,"# CHỨNG CHỈ NGHIỆP VỤ CHUYÊN MÔN VỀ ĐẤU THẦU

Kính gửi : …………………………………………………….….

1. Họ và tên (chữ in hoa): .......................................................Nam/Nữ:................

2. Sinh ngày: ................. tháng ............. năm .......................................................

3. Số thẻ căn cước/hộ chiếu:.................................................................................

4. Số điện thoại liên hệ:…………………………………………………………………..

5. Email:…………………………………………………………………………………….

6. Địa chỉ nhận chứng chỉ: ……………………………………………………………….

7. Địa điểm đăng ký dự thi: …………………………………………………….............

8. Đơn vị tổ chức thi: …………………………………………………..........................

9. Thời gian đăng ký dự thi: ……………………………………………………............

Tôi xin cam đoan những nội dung kê khai nêu trên là trung thực và chịu trách nhiệm trước pháp luật về các nội dung đã kê khai trong đơn./.

**NGƯỜI LÀM ĐƠN**  
(Ký, ghi rõ họ tên)

Mẫu số 04 (webform trên Hệ thống)

**CỘNG HÒA XÃ HỘI CHỦ NGHĨA VIỆT NAM**  
**Độc lập - Tự do - Hạnh phúc**  
**------------------**

___, ngày ____ tháng ____năm____"
5605a599-f5b3-434b-9e4d-a3c2510f6f5e,02_2024_TT-BKHDT_591580.doc,N/A,general,20,"## ĐỀ NGHỊ CẤP LẠI

"
60451709-86c9-44bc-9cfd-c292079cb2f3,02_2024_TT-BKHDT_591580.doc,N/A,general,1000,"# CHỨNG CHỈ NGHIỆP VỤ CHUYÊN MÔN VỀ ĐẤU THẦU

Kính gửi : …………………………………………………….

1. Họ và tên (chữ in hoa): .......................................................Nam/Nữ:................

2. Sinh ngày: ................. tháng ............. năm .......................................................

3. Số thẻ căn cước/hộ chiếu:.................................................................................

---


4. Số điện thoại liên hệ:..…………………………………………………………………………

5. Email:…………………………………………………………………………………………….

6. Địa chỉ nhận chứng chỉ: ………………………………………………………………………

7. Địa điểm dự thi: ………………………………………………………………………............

8. Cơ quan cấp chứng chỉ: ……………………………………………………………………..

9. Thời gian dự thi: ………………………………………………………………………………

10. Số chứng chỉ đã được cấp: ……………………………ngày cấp……………….

11. Lý do đề nghị cấp lại: ……………………………………………………………………….

Tôi xin cam đoan những nội dung kê khai nêu trên là trung thực và chịu trách nhiệm trước pháp luật về các nội dung đã kê khai trong đơn./."
1f2fd30b-5f50-49c8-8b07-1ec6832629d1,02_2024_TT-BKHDT_591580.doc,N/A,general,399,"11. Lý do đề nghị cấp lại: ……………………………………………………………………….

Tôi xin cam đoan những nội dung kê khai nêu trên là trung thực và chịu trách nhiệm trước pháp luật về các nội dung đã kê khai trong đơn./.

**NGƯỜI LÀM ĐƠN**
*(Ký, ghi rõ họ tên)*

Mẫu số 05 (webform trên Hệ thống)

**CỘNG HÒA XÃ HỘI CHỦ NGHĨA VIỆT NAM**
**Độc lập - Tự do - Hạnh phúc**
**-----------------**

___, ngày ____ tháng ____năm____"
8a54ac15-4874-4646-bb8c-41edec74b6e8,02_2024_TT-BKHDT_591580.doc,N/A,general,20,"## ĐỀ NGHỊ GIA HẠN

"
1f647279-8ffe-4481-b318-08abef52c275,02_2024_TT-BKHDT_591580.doc,N/A,general,897,"## CHỨNG CHỈ NGHIỆP VỤ CHUYÊN MÔN VỀ ĐẤU THẦU

Kính gửi :…………………..........................................……….

1. Họ và tên *(chữ in hoa)*: .......................................................Nam/Nữ:.................

2. Sinh ngày: ................. tháng ............. năm ........................................................

3. Số thẻ căn cước/hộ chiếu:...................................................................................

4. Số điện thoại liên hệ:..…………………………………………………………………………..

5. Email:………………………………………………………………………………………………

6. Địa chỉ nhận chứng chỉ: ………………………………………………………............

---


7. Số chứng chỉ đã được cấp: ………………………ngày cấp…………………………

Tôi xin cam đoan những nội dung kê khai nêu trên là trung thực và chịu trách nhiệm trước pháp luật về các nội dung đã kê khai trong đơn./.

**NGƯỜI LÀM ĐƠN**  
*(Ký, ghi rõ họ tên)*

Mẫu số 06 (webform trên Hệ thống)"
2b254e3b-da24-49c2-a870-32712f40120f,02_2024_TT-BKHDT_591580.doc,N/A,general,485,"## MẪU BÁO CÁO CỦA CƠ QUAN CẤP, THU HỒI CHỨNG CHỈ NGHIỆP VỤ CHUYÊN MÔN VỀ ĐẤU THẦU NĂM …

| **\[TÊN CƠ QUAN]**<br/>------- | **CỘNG HÒA XÃ HỘI CHỦ NGHĨA VIỆT NAM**<br/>**Độc lập - Tự do - Hạnh phúc**<br/>--------------- |
| ------------------------------ | ---------------------------------------------------------------------------------------------- |
| Số: \_\_\_\_/\_\_\_\_          | \_\_\_, *ngày* \_\_\_\_ *tháng* \_\_\_\_*năm*\_\_\_\_                                          |"
f112a6fc-ef72-4a32-b3c3-f9c743c891a6,02_2024_TT-BKHDT_591580.doc,N/A,general,801,"## BÁO CÁO CỦA CƠ QUAN CẤP, THU HỒI CHỨNG CHỈ NGHIỆP VỤ CHUYÊN MÔN VỀ ĐẤU THẦU NĂM …

Kính gửi: ………………………………………………………………….

- Tên đầy đủ của *cơ* quan: *[Ghi tên đầy đủ]* ___________________________________

- Mã số thuế *(nếu có)*:____________________________________________________

- Tên tiếng Anh: *[Ghi tên tiếng Anh (nếu có)]* __________________________________

- Địa chỉ: *[Ghi địa chỉ của cơ quan]* __________________________________________

- Điện thoại: *[Ghi số điện thoại liên lạc]* _______________________________________

- E-mail: *[Ghi địa chỉ hộp thư điện tử]* _________________________________________

- Website: *[Ghi địa chỉ trang thông tin điện tử của cơ quan (nếu có)]* _________________

- Đại diện pháp nhân: *[Ghi tên người đại diện theo pháp luật]* ______________________"
73541ebb-f122-4bca-a851-396d697289c7,02_2024_TT-BKHDT_591580.doc,N/A,general,1006,"### I. THÔNG TIN VỀ CÁC KỲ THI ĐÃ TỔ CHỨC NĂM …

| Stt | Tên kỳ thi | Thời gian tổ chức thi | Địa điểm tổ chức thi | Số lượng thí sinh | Số lượng thí sinh | Tỉ lệ % thí sinh được cấp | Ghi chú |
| --- | ---------- | --------------------- | -------------------- | ----------------- | ----------------- | ------------------------- | ------- |




---



|           |   |   |   | đủ<br/>điều<br/>kiện<br/>dự thi                   | được<br/>cấp<br/>chứng<br/>chỉ | chứng<br/>chỉ |   |
| --------- | - | - | - | ------------------------------------------------- | ------------------------------ | ------------- | - |
| 1         |   |   |   |                                                   |                                |               |   |
| 2         |   |   |   |                                                   |                                |               |   |
| Tổng cộng |   |   |   | Tổng<br/>cộngT<br/>ổng<br/>cộngT<br/>ổng<br/>cộng |                                |               |   |"
df74c4c5-f4d4-46de-b596-c6870b0cc222,02_2024_TT-BKHDT_591580.doc,N/A,general,622,"## II. THÔNG TIN VỀ VIỆC CẤP LẠI, THU HỒI CHỨNG CHỈ NĂM …

| Stt | Nội dung                                                                                                      | Số lượng | Ghi chú |
| --- | ------------------------------------------------------------------------------------------------------------- | -------- | ------- |
| 1   | Số lượng cá nhân cấp lại chứng chỉ nghiệp vụ chuyên môn về đấu thầu                                           |          |         |
| 2   | Số lượng cá nhân bị thu hồi chứng chỉ nghiệp vụ chuyên môn về đấu thầu (Ghi rõ lý do thu hồi tại cột ghi chú) |          |         |"
3ed95080-7d37-450a-856f-425aa016275d,02_2024_TT-BKHDT_591580.doc,N/A,general,966,"## III. THÔNG TIN VỀ CÁC KỲ CẤP GIA HẠN NĂM …

| Stt       | Tên kỳ cấp gia hạn | Số lượng thí sinh đã được cấp chứng chỉ lần đầu | Số lượng thí sinh được cấp gia hạn chứng chỉ | Tỷ lệ % thí sinh cấp gia hạn chứng chỉ  | Ghi chú |
| --------- | ------------------ | ----------------------------------------------- | -------------------------------------------- | --------------------------------------- | ------- |
| 1         |                    |                                                 |                                              |                                         |         |
| 2         |                    |                                                 |                                              |                                         |         |
| Tổng cộng |                    |                                                 |                                              | Tổng<br/>cộngTổng<br/>cộngTổng<br/>cộng |         |"
7fdc3afa-99a4-4e73-a9a8-174d43b213db,02_2024_TT-BKHDT_591580.doc,N/A,general,242,"- Các thông tin, ý kiến khác: _______________________________________________

- Đề xuất, kiến nghị: _____________________________________________________

**Đại diện hợp pháp của cơ quan, đơn vị**  
*[Ghi tên, chức danh, ký tên và đóng dấu]*"
